timestamp,price_energy_levies_positive,price_energy_levies_negative
1598911200,0.18,0.18
1598912100,0.18,0.18
1598913000,0.18,0.18
1598913900,0.18,0.18
1598914800,0.18,0.18
1598915700,0.18,0.18
1598916600,0.18,0.18
1598917500,0.18,0.18
1598918400,0.18,0.18
1598919300,0.18,0.18
1598920200,0.18,0.18
1598921100,0.18,0.18
1598922000,0.18,0.18
1598922900,0.18,0.18
1598923800,0.18,0.18
1598924700,0.18,0.18
1598925600,0.18,0.18
1598926500,0.18,0.18
1598927400,0.18,0.18
1598928300,0.18,0.18
1598929200,0.18,0.18
1598930100,0.18,0.18
1598931000,0.18,0.18
1598931900,0.18,0.18
1598932800,0.18,0.18
1598933700,0.18,0.18
1598934600,0.18,0.18
1598935500,0.18,0.18
1598936400,0.18,0.18
1598937300,0.18,0.18
1598938200,0.18,0.18
1598939100,0.18,0.18
1598940000,0.18,0.18
1598940900,0.18,0.18
1598941800,0.18,0.18
1598942700,0.18,0.18
1598943600,0.18,0.18
1598944500,0.18,0.18
1598945400,0.18,0.18
1598946300,0.18,0.18
1598947200,0.18,0.18
1598948100,0.18,0.18
1598949000,0.18,0.18
1598949900,0.18,0.18
1598950800,0.18,0.18
1598951700,0.18,0.18
1598952600,0.18,0.18
1598953500,0.18,0.18
1598954400,0.18,0.18
1598955300,0.18,0.18
1598956200,0.18,0.18
1598957100,0.18,0.18
1598958000,0.18,0.18
1598958900,0.18,0.18
1598959800,0.18,0.18
1598960700,0.18,0.18
1598961600,0.18,0.18
1598962500,0.18,0.18
1598963400,0.18,0.18
1598964300,0.18,0.18
1598965200,0.18,0.18
1598966100,0.18,0.18
1598967000,0.18,0.18
1598967900,0.18,0.18
1598968800,0.18,0.18
1598969700,0.18,0.18
1598970600,0.18,0.18
1598971500,0.18,0.18
1598972400,0.18,0.18
1598973300,0.18,0.18
1598974200,0.18,0.18
1598975100,0.18,0.18
1598976000,0.18,0.18
1598976900,0.18,0.18
1598977800,0.18,0.18
1598978700,0.18,0.18
1598979600,0.18,0.18
1598980500,0.18,0.18
1598981400,0.18,0.18
1598982300,0.18,0.18
1598983200,0.18,0.18
1598984100,0.18,0.18
1598985000,0.18,0.18
1598985900,0.18,0.18
1598986800,0.18,0.18
1598987700,0.18,0.18
1598988600,0.18,0.18
1598989500,0.18,0.18
1598990400,0.18,0.18
1598991300,0.18,0.18
1598992200,0.18,0.18
1598993100,0.18,0.18
1598994000,0.18,0.18
1598994900,0.18,0.18
1598995800,0.18,0.18
1598996700,0.18,0.18
1598997600,0.18,0.18
1598998500,0.18,0.18
1598999400,0.18,0.18
1599000300,0.18,0.18
1599001200,0.18,0.18
1599002100,0.18,0.18
1599003000,0.18,0.18
1599003900,0.18,0.18
1599004800,0.18,0.18
1599005700,0.18,0.18
1599006600,0.18,0.18
1599007500,0.18,0.18
1599008400,0.18,0.18
1599009300,0.18,0.18
1599010200,0.18,0.18
1599011100,0.18,0.18
1599012000,0.18,0.18
1599012900,0.18,0.18
1599013800,0.18,0.18
1599014700,0.18,0.18
1599015600,0.18,0.18
1599016500,0.18,0.18
1599017400,0.18,0.18
1599018300,0.18,0.18
1599019200,0.18,0.18
1599020100,0.18,0.18
1599021000,0.18,0.18
1599021900,0.18,0.18
1599022800,0.18,0.18
1599023700,0.18,0.18
1599024600,0.18,0.18
1599025500,0.18,0.18
1599026400,0.18,0.18
1599027300,0.18,0.18
1599028200,0.18,0.18
1599029100,0.18,0.18
1599030000,0.18,0.18
1599030900,0.18,0.18
1599031800,0.18,0.18
1599032700,0.18,0.18
1599033600,0.18,0.18
1599034500,0.18,0.18
1599035400,0.18,0.18
1599036300,0.18,0.18
1599037200,0.18,0.18
1599038100,0.18,0.18
1599039000,0.18,0.18
1599039900,0.18,0.18
1599040800,0.18,0.18
1599041700,0.18,0.18
1599042600,0.18,0.18
1599043500,0.18,0.18
1599044400,0.18,0.18
1599045300,0.18,0.18
1599046200,0.18,0.18
1599047100,0.18,0.18
1599048000,0.18,0.18
1599048900,0.18,0.18
1599049800,0.18,0.18
1599050700,0.18,0.18
1599051600,0.18,0.18
1599052500,0.18,0.18
1599053400,0.18,0.18
1599054300,0.18,0.18
1599055200,0.18,0.18
1599056100,0.18,0.18
1599057000,0.18,0.18
1599057900,0.18,0.18
1599058800,0.18,0.18
1599059700,0.18,0.18
1599060600,0.18,0.18
1599061500,0.18,0.18
1599062400,0.18,0.18
1599063300,0.18,0.18
1599064200,0.18,0.18
1599065100,0.18,0.18
1599066000,0.18,0.18
1599066900,0.18,0.18
1599067800,0.18,0.18
1599068700,0.18,0.18
1599069600,0.18,0.18
1599070500,0.18,0.18
1599071400,0.18,0.18
1599072300,0.18,0.18
1599073200,0.18,0.18
1599074100,0.18,0.18
1599075000,0.18,0.18
1599075900,0.18,0.18
1599076800,0.18,0.18
1599077700,0.18,0.18
1599078600,0.18,0.18
1599079500,0.18,0.18
1599080400,0.18,0.18
1599081300,0.18,0.18
1599082200,0.18,0.18
1599083100,0.18,0.18
1599084000,0.18,0.18
1599084900,0.18,0.18
1599085800,0.18,0.18
1599086700,0.18,0.18
1599087600,0.18,0.18
1599088500,0.18,0.18
1599089400,0.18,0.18
1599090300,0.18,0.18
1599091200,0.18,0.18
1599092100,0.18,0.18
1599093000,0.18,0.18
1599093900,0.18,0.18
1599094800,0.18,0.18
1599095700,0.18,0.18
1599096600,0.18,0.18
1599097500,0.18,0.18
1599098400,0.18,0.18
1599099300,0.18,0.18
1599100200,0.18,0.18
1599101100,0.18,0.18
1599102000,0.18,0.18
1599102900,0.18,0.18
1599103800,0.18,0.18
1599104700,0.18,0.18
1599105600,0.18,0.18
1599106500,0.18,0.18
1599107400,0.18,0.18
1599108300,0.18,0.18
1599109200,0.18,0.18
1599110100,0.18,0.18
1599111000,0.18,0.18
1599111900,0.18,0.18
1599112800,0.18,0.18
1599113700,0.18,0.18
1599114600,0.18,0.18
1599115500,0.18,0.18
1599116400,0.18,0.18
1599117300,0.18,0.18
1599118200,0.18,0.18
1599119100,0.18,0.18
1599120000,0.18,0.18
1599120900,0.18,0.18
1599121800,0.18,0.18
1599122700,0.18,0.18
1599123600,0.18,0.18
1599124500,0.18,0.18
1599125400,0.18,0.18
1599126300,0.18,0.18
1599127200,0.18,0.18
1599128100,0.18,0.18
1599129000,0.18,0.18
1599129900,0.18,0.18
1599130800,0.18,0.18
1599131700,0.18,0.18
1599132600,0.18,0.18
1599133500,0.18,0.18
1599134400,0.18,0.18
1599135300,0.18,0.18
1599136200,0.18,0.18
1599137100,0.18,0.18
1599138000,0.18,0.18
1599138900,0.18,0.18
1599139800,0.18,0.18
1599140700,0.18,0.18
1599141600,0.18,0.18
1599142500,0.18,0.18
1599143400,0.18,0.18
1599144300,0.18,0.18
1599145200,0.18,0.18
1599146100,0.18,0.18
1599147000,0.18,0.18
1599147900,0.18,0.18
1599148800,0.18,0.18
1599149700,0.18,0.18
1599150600,0.18,0.18
1599151500,0.18,0.18
1599152400,0.18,0.18
1599153300,0.18,0.18
1599154200,0.18,0.18
1599155100,0.18,0.18
1599156000,0.18,0.18
1599156900,0.18,0.18
1599157800,0.18,0.18
1599158700,0.18,0.18
1599159600,0.18,0.18
1599160500,0.18,0.18
1599161400,0.18,0.18
1599162300,0.18,0.18
1599163200,0.18,0.18
1599164100,0.18,0.18
1599165000,0.18,0.18
1599165900,0.18,0.18
1599166800,0.18,0.18
1599167700,0.18,0.18
1599168600,0.18,0.18
1599169500,0.18,0.18
1599170400,0.18,0.18
1599171300,0.18,0.18
1599172200,0.18,0.18
1599173100,0.18,0.18
1599174000,0.18,0.18
1599174900,0.18,0.18
1599175800,0.18,0.18
1599176700,0.18,0.18
1599177600,0.18,0.18
1599178500,0.18,0.18
1599179400,0.18,0.18
1599180300,0.18,0.18
1599181200,0.18,0.18
1599182100,0.18,0.18
1599183000,0.18,0.18
1599183900,0.18,0.18
1599184800,0.18,0.18
1599185700,0.18,0.18
1599186600,0.18,0.18
1599187500,0.18,0.18
1599188400,0.18,0.18
1599189300,0.18,0.18
1599190200,0.18,0.18
1599191100,0.18,0.18
1599192000,0.18,0.18
1599192900,0.18,0.18
1599193800,0.18,0.18
1599194700,0.18,0.18
1599195600,0.18,0.18
1599196500,0.18,0.18
1599197400,0.18,0.18
1599198300,0.18,0.18
1599199200,0.18,0.18
1599200100,0.18,0.18
1599201000,0.18,0.18
1599201900,0.18,0.18
1599202800,0.18,0.18
1599203700,0.18,0.18
1599204600,0.18,0.18
1599205500,0.18,0.18
1599206400,0.18,0.18
1599207300,0.18,0.18
1599208200,0.18,0.18
1599209100,0.18,0.18
1599210000,0.18,0.18
1599210900,0.18,0.18
1599211800,0.18,0.18
1599212700,0.18,0.18
1599213600,0.18,0.18
1599214500,0.18,0.18
1599215400,0.18,0.18
1599216300,0.18,0.18
1599217200,0.18,0.18
1599218100,0.18,0.18
1599219000,0.18,0.18
1599219900,0.18,0.18
1599220800,0.18,0.18
1599221700,0.18,0.18
1599222600,0.18,0.18
1599223500,0.18,0.18
1599224400,0.18,0.18
1599225300,0.18,0.18
1599226200,0.18,0.18
1599227100,0.18,0.18
1599228000,0.18,0.18
1599228900,0.18,0.18
1599229800,0.18,0.18
1599230700,0.18,0.18
1599231600,0.18,0.18
1599232500,0.18,0.18
1599233400,0.18,0.18
1599234300,0.18,0.18
1599235200,0.18,0.18
1599236100,0.18,0.18
1599237000,0.18,0.18
1599237900,0.18,0.18
1599238800,0.18,0.18
1599239700,0.18,0.18
1599240600,0.18,0.18
1599241500,0.18,0.18
1599242400,0.18,0.18
1599243300,0.18,0.18
1599244200,0.18,0.18
1599245100,0.18,0.18
1599246000,0.18,0.18
1599246900,0.18,0.18
1599247800,0.18,0.18
1599248700,0.18,0.18
1599249600,0.18,0.18
1599250500,0.18,0.18
1599251400,0.18,0.18
1599252300,0.18,0.18
1599253200,0.18,0.18
1599254100,0.18,0.18
1599255000,0.18,0.18
1599255900,0.18,0.18
1599256800,0.18,0.18
1599257700,0.18,0.18
1599258600,0.18,0.18
1599259500,0.18,0.18
1599260400,0.18,0.18
1599261300,0.18,0.18
1599262200,0.18,0.18
1599263100,0.18,0.18
1599264000,0.18,0.18
1599264900,0.18,0.18
1599265800,0.18,0.18
1599266700,0.18,0.18
1599267600,0.18,0.18
1599268500,0.18,0.18
1599269400,0.18,0.18
1599270300,0.18,0.18
1599271200,0.18,0.18
1599272100,0.18,0.18
1599273000,0.18,0.18
1599273900,0.18,0.18
1599274800,0.18,0.18
1599275700,0.18,0.18
1599276600,0.18,0.18
1599277500,0.18,0.18
1599278400,0.18,0.18
1599279300,0.18,0.18
1599280200,0.18,0.18
1599281100,0.18,0.18
1599282000,0.18,0.18
1599282900,0.18,0.18
1599283800,0.18,0.18
1599284700,0.18,0.18
1599285600,0.18,0.18
1599286500,0.18,0.18
1599287400,0.18,0.18
1599288300,0.18,0.18
1599289200,0.18,0.18
1599290100,0.18,0.18
1599291000,0.18,0.18
1599291900,0.18,0.18
1599292800,0.18,0.18
1599293700,0.18,0.18
1599294600,0.18,0.18
1599295500,0.18,0.18
1599296400,0.18,0.18
1599297300,0.18,0.18
1599298200,0.18,0.18
1599299100,0.18,0.18
1599300000,0.18,0.18
1599300900,0.18,0.18
1599301800,0.18,0.18
1599302700,0.18,0.18
1599303600,0.18,0.18
1599304500,0.18,0.18
1599305400,0.18,0.18
1599306300,0.18,0.18
1599307200,0.18,0.18
1599308100,0.18,0.18
1599309000,0.18,0.18
1599309900,0.18,0.18
1599310800,0.18,0.18
1599311700,0.18,0.18
1599312600,0.18,0.18
1599313500,0.18,0.18
1599314400,0.18,0.18
1599315300,0.18,0.18
1599316200,0.18,0.18
1599317100,0.18,0.18
1599318000,0.18,0.18
1599318900,0.18,0.18
1599319800,0.18,0.18
1599320700,0.18,0.18
1599321600,0.18,0.18
1599322500,0.18,0.18
1599323400,0.18,0.18
1599324300,0.18,0.18
1599325200,0.18,0.18
1599326100,0.18,0.18
1599327000,0.18,0.18
1599327900,0.18,0.18
1599328800,0.18,0.18
1599329700,0.18,0.18
1599330600,0.18,0.18
1599331500,0.18,0.18
1599332400,0.18,0.18
1599333300,0.18,0.18
1599334200,0.18,0.18
1599335100,0.18,0.18
1599336000,0.18,0.18
1599336900,0.18,0.18
1599337800,0.18,0.18
1599338700,0.18,0.18
1599339600,0.18,0.18
1599340500,0.18,0.18
1599341400,0.18,0.18
1599342300,0.18,0.18
1599343200,0.18,0.18
1599344100,0.18,0.18
1599345000,0.18,0.18
1599345900,0.18,0.18
1599346800,0.18,0.18
1599347700,0.18,0.18
1599348600,0.18,0.18
1599349500,0.18,0.18
1599350400,0.18,0.18
1599351300,0.18,0.18
1599352200,0.18,0.18
1599353100,0.18,0.18
1599354000,0.18,0.18
1599354900,0.18,0.18
1599355800,0.18,0.18
1599356700,0.18,0.18
1599357600,0.18,0.18
1599358500,0.18,0.18
1599359400,0.18,0.18
1599360300,0.18,0.18
1599361200,0.18,0.18
1599362100,0.18,0.18
1599363000,0.18,0.18
1599363900,0.18,0.18
1599364800,0.18,0.18
1599365700,0.18,0.18
1599366600,0.18,0.18
1599367500,0.18,0.18
1599368400,0.18,0.18
1599369300,0.18,0.18
1599370200,0.18,0.18
1599371100,0.18,0.18
1599372000,0.18,0.18
1599372900,0.18,0.18
1599373800,0.18,0.18
1599374700,0.18,0.18
1599375600,0.18,0.18
1599376500,0.18,0.18
1599377400,0.18,0.18
1599378300,0.18,0.18
1599379200,0.18,0.18
1599380100,0.18,0.18
1599381000,0.18,0.18
1599381900,0.18,0.18
1599382800,0.18,0.18
1599383700,0.18,0.18
1599384600,0.18,0.18
1599385500,0.18,0.18
1599386400,0.18,0.18
1599387300,0.18,0.18
1599388200,0.18,0.18
1599389100,0.18,0.18
1599390000,0.18,0.18
1599390900,0.18,0.18
1599391800,0.18,0.18
1599392700,0.18,0.18
1599393600,0.18,0.18
1599394500,0.18,0.18
1599395400,0.18,0.18
1599396300,0.18,0.18
1599397200,0.18,0.18
1599398100,0.18,0.18
1599399000,0.18,0.18
1599399900,0.18,0.18
1599400800,0.18,0.18
1599401700,0.18,0.18
1599402600,0.18,0.18
1599403500,0.18,0.18
1599404400,0.18,0.18
1599405300,0.18,0.18
1599406200,0.18,0.18
1599407100,0.18,0.18
1599408000,0.18,0.18
1599408900,0.18,0.18
1599409800,0.18,0.18
1599410700,0.18,0.18
1599411600,0.18,0.18
1599412500,0.18,0.18
1599413400,0.18,0.18
1599414300,0.18,0.18
1599415200,0.18,0.18
1599416100,0.18,0.18
1599417000,0.18,0.18
1599417900,0.18,0.18
1599418800,0.18,0.18
1599419700,0.18,0.18
1599420600,0.18,0.18
1599421500,0.18,0.18
1599422400,0.18,0.18
1599423300,0.18,0.18
1599424200,0.18,0.18
1599425100,0.18,0.18
1599426000,0.18,0.18
1599426900,0.18,0.18
1599427800,0.18,0.18
1599428700,0.18,0.18
1599429600,0.18,0.18
1599430500,0.18,0.18
1599431400,0.18,0.18
1599432300,0.18,0.18
1599433200,0.18,0.18
1599434100,0.18,0.18
1599435000,0.18,0.18
1599435900,0.18,0.18
1599436800,0.18,0.18
1599437700,0.18,0.18
1599438600,0.18,0.18
1599439500,0.18,0.18
1599440400,0.18,0.18
1599441300,0.18,0.18
1599442200,0.18,0.18
1599443100,0.18,0.18
1599444000,0.18,0.18
1599444900,0.18,0.18
1599445800,0.18,0.18
1599446700,0.18,0.18
1599447600,0.18,0.18
1599448500,0.18,0.18
1599449400,0.18,0.18
1599450300,0.18,0.18
1599451200,0.18,0.18
1599452100,0.18,0.18
1599453000,0.18,0.18
1599453900,0.18,0.18
1599454800,0.18,0.18
1599455700,0.18,0.18
1599456600,0.18,0.18
1599457500,0.18,0.18
1599458400,0.18,0.18
1599459300,0.18,0.18
1599460200,0.18,0.18
1599461100,0.18,0.18
1599462000,0.18,0.18
1599462900,0.18,0.18
1599463800,0.18,0.18
1599464700,0.18,0.18
1599465600,0.18,0.18
1599466500,0.18,0.18
1599467400,0.18,0.18
1599468300,0.18,0.18
1599469200,0.18,0.18
1599470100,0.18,0.18
1599471000,0.18,0.18
1599471900,0.18,0.18
1599472800,0.18,0.18
1599473700,0.18,0.18
1599474600,0.18,0.18
1599475500,0.18,0.18
1599476400,0.18,0.18
1599477300,0.18,0.18
1599478200,0.18,0.18
1599479100,0.18,0.18
1599480000,0.18,0.18
1599480900,0.18,0.18
1599481800,0.18,0.18
1599482700,0.18,0.18
1599483600,0.18,0.18
1599484500,0.18,0.18
1599485400,0.18,0.18
1599486300,0.18,0.18
1599487200,0.18,0.18
1599488100,0.18,0.18
1599489000,0.18,0.18
1599489900,0.18,0.18
1599490800,0.18,0.18
1599491700,0.18,0.18
1599492600,0.18,0.18
1599493500,0.18,0.18
1599494400,0.18,0.18
1599495300,0.18,0.18
1599496200,0.18,0.18
1599497100,0.18,0.18
1599498000,0.18,0.18
1599498900,0.18,0.18
1599499800,0.18,0.18
1599500700,0.18,0.18
1599501600,0.18,0.18
1599502500,0.18,0.18
1599503400,0.18,0.18
1599504300,0.18,0.18
1599505200,0.18,0.18
1599506100,0.18,0.18
1599507000,0.18,0.18
1599507900,0.18,0.18
1599508800,0.18,0.18
1599509700,0.18,0.18
1599510600,0.18,0.18
1599511500,0.18,0.18
1599512400,0.18,0.18
1599513300,0.18,0.18
1599514200,0.18,0.18
1599515100,0.18,0.18
1599516000,0.18,0.18
1599516900,0.18,0.18
1599517800,0.18,0.18
1599518700,0.18,0.18
1599519600,0.18,0.18
1599520500,0.18,0.18
1599521400,0.18,0.18
1599522300,0.18,0.18
1599523200,0.18,0.18
1599524100,0.18,0.18
1599525000,0.18,0.18
1599525900,0.18,0.18
1599526800,0.18,0.18
1599527700,0.18,0.18
1599528600,0.18,0.18
1599529500,0.18,0.18
1599530400,0.18,0.18
1599531300,0.18,0.18
1599532200,0.18,0.18
1599533100,0.18,0.18
1599534000,0.18,0.18
1599534900,0.18,0.18
1599535800,0.18,0.18
1599536700,0.18,0.18
1599537600,0.18,0.18
1599538500,0.18,0.18
1599539400,0.18,0.18
1599540300,0.18,0.18
1599541200,0.18,0.18
1599542100,0.18,0.18
1599543000,0.18,0.18
1599543900,0.18,0.18
1599544800,0.18,0.18
1599545700,0.18,0.18
1599546600,0.18,0.18
1599547500,0.18,0.18
1599548400,0.18,0.18
1599549300,0.18,0.18
1599550200,0.18,0.18
1599551100,0.18,0.18
1599552000,0.18,0.18
1599552900,0.18,0.18
1599553800,0.18,0.18
1599554700,0.18,0.18
1599555600,0.18,0.18
1599556500,0.18,0.18
1599557400,0.18,0.18
1599558300,0.18,0.18
1599559200,0.18,0.18
1599560100,0.18,0.18
1599561000,0.18,0.18
1599561900,0.18,0.18
1599562800,0.18,0.18
1599563700,0.18,0.18
1599564600,0.18,0.18
1599565500,0.18,0.18
1599566400,0.18,0.18
1599567300,0.18,0.18
1599568200,0.18,0.18
1599569100,0.18,0.18
1599570000,0.18,0.18
1599570900,0.18,0.18
1599571800,0.18,0.18
1599572700,0.18,0.18
1599573600,0.18,0.18
1599574500,0.18,0.18
1599575400,0.18,0.18
1599576300,0.18,0.18
1599577200,0.18,0.18
1599578100,0.18,0.18
1599579000,0.18,0.18
1599579900,0.18,0.18
1599580800,0.18,0.18
1599581700,0.18,0.18
1599582600,0.18,0.18
1599583500,0.18,0.18
1599584400,0.18,0.18
1599585300,0.18,0.18
1599586200,0.18,0.18
1599587100,0.18,0.18
1599588000,0.18,0.18
1599588900,0.18,0.18
1599589800,0.18,0.18
1599590700,0.18,0.18
1599591600,0.18,0.18
1599592500,0.18,0.18
1599593400,0.18,0.18
1599594300,0.18,0.18
1599595200,0.18,0.18
1599596100,0.18,0.18
1599597000,0.18,0.18
1599597900,0.18,0.18
1599598800,0.18,0.18
1599599700,0.18,0.18
1599600600,0.18,0.18
1599601500,0.18,0.18
1599602400,0.18,0.18
1599603300,0.18,0.18
1599604200,0.18,0.18
1599605100,0.18,0.18
1599606000,0.18,0.18
1599606900,0.18,0.18
1599607800,0.18,0.18
1599608700,0.18,0.18
1599609600,0.18,0.18
1599610500,0.18,0.18
1599611400,0.18,0.18
1599612300,0.18,0.18
1599613200,0.18,0.18
1599614100,0.18,0.18
1599615000,0.18,0.18
1599615900,0.18,0.18
1599616800,0.18,0.18
1599617700,0.18,0.18
1599618600,0.18,0.18
1599619500,0.18,0.18
1599620400,0.18,0.18
1599621300,0.18,0.18
1599622200,0.18,0.18
1599623100,0.18,0.18
1599624000,0.18,0.18
1599624900,0.18,0.18
1599625800,0.18,0.18
1599626700,0.18,0.18
1599627600,0.18,0.18
1599628500,0.18,0.18
1599629400,0.18,0.18
1599630300,0.18,0.18
1599631200,0.18,0.18
1599632100,0.18,0.18
1599633000,0.18,0.18
1599633900,0.18,0.18
1599634800,0.18,0.18
1599635700,0.18,0.18
1599636600,0.18,0.18
1599637500,0.18,0.18
1599638400,0.18,0.18
1599639300,0.18,0.18
1599640200,0.18,0.18
1599641100,0.18,0.18
1599642000,0.18,0.18
1599642900,0.18,0.18
1599643800,0.18,0.18
1599644700,0.18,0.18
1599645600,0.18,0.18
1599646500,0.18,0.18
1599647400,0.18,0.18
1599648300,0.18,0.18
1599649200,0.18,0.18
1599650100,0.18,0.18
1599651000,0.18,0.18
1599651900,0.18,0.18
1599652800,0.18,0.18
1599653700,0.18,0.18
1599654600,0.18,0.18
1599655500,0.18,0.18
1599656400,0.18,0.18
1599657300,0.18,0.18
1599658200,0.18,0.18
1599659100,0.18,0.18
1599660000,0.18,0.18
1599660900,0.18,0.18
1599661800,0.18,0.18
1599662700,0.18,0.18
1599663600,0.18,0.18
1599664500,0.18,0.18
1599665400,0.18,0.18
1599666300,0.18,0.18
1599667200,0.18,0.18
1599668100,0.18,0.18
1599669000,0.18,0.18
1599669900,0.18,0.18
1599670800,0.18,0.18
1599671700,0.18,0.18
1599672600,0.18,0.18
1599673500,0.18,0.18
1599674400,0.18,0.18
1599675300,0.18,0.18
1599676200,0.18,0.18
1599677100,0.18,0.18
1599678000,0.18,0.18
1599678900,0.18,0.18
1599679800,0.18,0.18
1599680700,0.18,0.18
1599681600,0.18,0.18
1599682500,0.18,0.18
1599683400,0.18,0.18
1599684300,0.18,0.18
1599685200,0.18,0.18
1599686100,0.18,0.18
1599687000,0.18,0.18
1599687900,0.18,0.18
1599688800,0.18,0.18
1599689700,0.18,0.18
1599690600,0.18,0.18
1599691500,0.18,0.18
1599692400,0.18,0.18
1599693300,0.18,0.18
1599694200,0.18,0.18
1599695100,0.18,0.18
1599696000,0.18,0.18
1599696900,0.18,0.18
1599697800,0.18,0.18
1599698700,0.18,0.18
1599699600,0.18,0.18
1599700500,0.18,0.18
1599701400,0.18,0.18
1599702300,0.18,0.18
1599703200,0.18,0.18
1599704100,0.18,0.18
1599705000,0.18,0.18
1599705900,0.18,0.18
1599706800,0.18,0.18
1599707700,0.18,0.18
1599708600,0.18,0.18
1599709500,0.18,0.18
1599710400,0.18,0.18
1599711300,0.18,0.18
1599712200,0.18,0.18
1599713100,0.18,0.18
1599714000,0.18,0.18
1599714900,0.18,0.18
1599715800,0.18,0.18
1599716700,0.18,0.18
1599717600,0.18,0.18
1599718500,0.18,0.18
1599719400,0.18,0.18
1599720300,0.18,0.18
1599721200,0.18,0.18
1599722100,0.18,0.18
1599723000,0.18,0.18
1599723900,0.18,0.18
1599724800,0.18,0.18
1599725700,0.18,0.18
1599726600,0.18,0.18
1599727500,0.18,0.18
1599728400,0.18,0.18
1599729300,0.18,0.18
1599730200,0.18,0.18
1599731100,0.18,0.18
1599732000,0.18,0.18
1599732900,0.18,0.18
1599733800,0.18,0.18
1599734700,0.18,0.18
1599735600,0.18,0.18
1599736500,0.18,0.18
1599737400,0.18,0.18
1599738300,0.18,0.18
1599739200,0.18,0.18
1599740100,0.18,0.18
1599741000,0.18,0.18
1599741900,0.18,0.18
1599742800,0.18,0.18
1599743700,0.18,0.18
1599744600,0.18,0.18
1599745500,0.18,0.18
1599746400,0.18,0.18
1599747300,0.18,0.18
1599748200,0.18,0.18
1599749100,0.18,0.18
1599750000,0.18,0.18
1599750900,0.18,0.18
1599751800,0.18,0.18
1599752700,0.18,0.18
1599753600,0.18,0.18
1599754500,0.18,0.18
1599755400,0.18,0.18
1599756300,0.18,0.18
1599757200,0.18,0.18
1599758100,0.18,0.18
1599759000,0.18,0.18
1599759900,0.18,0.18
1599760800,0.18,0.18
1599761700,0.18,0.18
1599762600,0.18,0.18
1599763500,0.18,0.18
1599764400,0.18,0.18
1599765300,0.18,0.18
1599766200,0.18,0.18
1599767100,0.18,0.18
1599768000,0.18,0.18
1599768900,0.18,0.18
1599769800,0.18,0.18
1599770700,0.18,0.18
1599771600,0.18,0.18
1599772500,0.18,0.18
1599773400,0.18,0.18
1599774300,0.18,0.18
1599775200,0.18,0.18
1599776100,0.18,0.18
1599777000,0.18,0.18
1599777900,0.18,0.18
1599778800,0.18,0.18
1599779700,0.18,0.18
1599780600,0.18,0.18
1599781500,0.18,0.18
1599782400,0.18,0.18
1599783300,0.18,0.18
1599784200,0.18,0.18
1599785100,0.18,0.18
1599786000,0.18,0.18
1599786900,0.18,0.18
1599787800,0.18,0.18
1599788700,0.18,0.18
1599789600,0.18,0.18
1599790500,0.18,0.18
1599791400,0.18,0.18
1599792300,0.18,0.18
1599793200,0.18,0.18
1599794100,0.18,0.18
1599795000,0.18,0.18
1599795900,0.18,0.18
1599796800,0.18,0.18
1599797700,0.18,0.18
1599798600,0.18,0.18
1599799500,0.18,0.18
1599800400,0.18,0.18
1599801300,0.18,0.18
1599802200,0.18,0.18
1599803100,0.18,0.18
1599804000,0.18,0.18
1599804900,0.18,0.18
1599805800,0.18,0.18
1599806700,0.18,0.18
1599807600,0.18,0.18
1599808500,0.18,0.18
1599809400,0.18,0.18
1599810300,0.18,0.18
1599811200,0.18,0.18
1599812100,0.18,0.18
1599813000,0.18,0.18
1599813900,0.18,0.18
1599814800,0.18,0.18
1599815700,0.18,0.18
1599816600,0.18,0.18
1599817500,0.18,0.18
1599818400,0.18,0.18
1599819300,0.18,0.18
1599820200,0.18,0.18
1599821100,0.18,0.18
1599822000,0.18,0.18
1599822900,0.18,0.18
1599823800,0.18,0.18
1599824700,0.18,0.18
1599825600,0.18,0.18
1599826500,0.18,0.18
1599827400,0.18,0.18
1599828300,0.18,0.18
1599829200,0.18,0.18
1599830100,0.18,0.18
1599831000,0.18,0.18
1599831900,0.18,0.18
1599832800,0.18,0.18
1599833700,0.18,0.18
1599834600,0.18,0.18
1599835500,0.18,0.18
1599836400,0.18,0.18
1599837300,0.18,0.18
1599838200,0.18,0.18
1599839100,0.18,0.18
1599840000,0.18,0.18
1599840900,0.18,0.18
1599841800,0.18,0.18
1599842700,0.18,0.18
1599843600,0.18,0.18
1599844500,0.18,0.18
1599845400,0.18,0.18
1599846300,0.18,0.18
1599847200,0.18,0.18
1599848100,0.18,0.18
1599849000,0.18,0.18
1599849900,0.18,0.18
1599850800,0.18,0.18
1599851700,0.18,0.18
1599852600,0.18,0.18
1599853500,0.18,0.18
1599854400,0.18,0.18
1599855300,0.18,0.18
1599856200,0.18,0.18
1599857100,0.18,0.18
1599858000,0.18,0.18
1599858900,0.18,0.18
1599859800,0.18,0.18
1599860700,0.18,0.18
1599861600,0.18,0.18
1599862500,0.18,0.18
1599863400,0.18,0.18
1599864300,0.18,0.18
1599865200,0.18,0.18
1599866100,0.18,0.18
1599867000,0.18,0.18
1599867900,0.18,0.18
1599868800,0.18,0.18
1599869700,0.18,0.18
1599870600,0.18,0.18
1599871500,0.18,0.18
1599872400,0.18,0.18
1599873300,0.18,0.18
1599874200,0.18,0.18
1599875100,0.18,0.18
1599876000,0.18,0.18
1599876900,0.18,0.18
1599877800,0.18,0.18
1599878700,0.18,0.18
1599879600,0.18,0.18
1599880500,0.18,0.18
1599881400,0.18,0.18
1599882300,0.18,0.18
1599883200,0.18,0.18
1599884100,0.18,0.18
1599885000,0.18,0.18
1599885900,0.18,0.18
1599886800,0.18,0.18
1599887700,0.18,0.18
1599888600,0.18,0.18
1599889500,0.18,0.18
1599890400,0.18,0.18
1599891300,0.18,0.18
1599892200,0.18,0.18
1599893100,0.18,0.18
1599894000,0.18,0.18
1599894900,0.18,0.18
1599895800,0.18,0.18
1599896700,0.18,0.18
1599897600,0.18,0.18
1599898500,0.18,0.18
1599899400,0.18,0.18
1599900300,0.18,0.18
1599901200,0.18,0.18
1599902100,0.18,0.18
1599903000,0.18,0.18
1599903900,0.18,0.18
1599904800,0.18,0.18
1599905700,0.18,0.18
1599906600,0.18,0.18
1599907500,0.18,0.18
1599908400,0.18,0.18
1599909300,0.18,0.18
1599910200,0.18,0.18
1599911100,0.18,0.18
1599912000,0.18,0.18
1599912900,0.18,0.18
1599913800,0.18,0.18
1599914700,0.18,0.18
1599915600,0.18,0.18
1599916500,0.18,0.18
1599917400,0.18,0.18
1599918300,0.18,0.18
1599919200,0.18,0.18
1599920100,0.18,0.18
1599921000,0.18,0.18
1599921900,0.18,0.18
1599922800,0.18,0.18
1599923700,0.18,0.18
1599924600,0.18,0.18
1599925500,0.18,0.18
1599926400,0.18,0.18
1599927300,0.18,0.18
1599928200,0.18,0.18
1599929100,0.18,0.18
1599930000,0.18,0.18
1599930900,0.18,0.18
1599931800,0.18,0.18
1599932700,0.18,0.18
1599933600,0.18,0.18
1599934500,0.18,0.18
1599935400,0.18,0.18
1599936300,0.18,0.18
1599937200,0.18,0.18
1599938100,0.18,0.18
1599939000,0.18,0.18
1599939900,0.18,0.18
1599940800,0.18,0.18
1599941700,0.18,0.18
1599942600,0.18,0.18
1599943500,0.18,0.18
1599944400,0.18,0.18
1599945300,0.18,0.18
1599946200,0.18,0.18
1599947100,0.18,0.18
1599948000,0.18,0.18
1599948900,0.18,0.18
1599949800,0.18,0.18
1599950700,0.18,0.18
1599951600,0.18,0.18
1599952500,0.18,0.18
1599953400,0.18,0.18
1599954300,0.18,0.18
1599955200,0.18,0.18
1599956100,0.18,0.18
1599957000,0.18,0.18
1599957900,0.18,0.18
1599958800,0.18,0.18
1599959700,0.18,0.18
1599960600,0.18,0.18
1599961500,0.18,0.18
1599962400,0.18,0.18
1599963300,0.18,0.18
1599964200,0.18,0.18
1599965100,0.18,0.18
1599966000,0.18,0.18
1599966900,0.18,0.18
1599967800,0.18,0.18
1599968700,0.18,0.18
1599969600,0.18,0.18
1599970500,0.18,0.18
1599971400,0.18,0.18
1599972300,0.18,0.18
1599973200,0.18,0.18
1599974100,0.18,0.18
1599975000,0.18,0.18
1599975900,0.18,0.18
1599976800,0.18,0.18
1599977700,0.18,0.18
1599978600,0.18,0.18
1599979500,0.18,0.18
1599980400,0.18,0.18
1599981300,0.18,0.18
1599982200,0.18,0.18
1599983100,0.18,0.18
1599984000,0.18,0.18
1599984900,0.18,0.18
1599985800,0.18,0.18
1599986700,0.18,0.18
1599987600,0.18,0.18
1599988500,0.18,0.18
1599989400,0.18,0.18
1599990300,0.18,0.18
1599991200,0.18,0.18
1599992100,0.18,0.18
1599993000,0.18,0.18
1599993900,0.18,0.18
1599994800,0.18,0.18
1599995700,0.18,0.18
1599996600,0.18,0.18
1599997500,0.18,0.18
1599998400,0.18,0.18
1599999300,0.18,0.18
1600000200,0.18,0.18
1600001100,0.18,0.18
1600002000,0.18,0.18
1600002900,0.18,0.18
1600003800,0.18,0.18
1600004700,0.18,0.18
1600005600,0.18,0.18
1600006500,0.18,0.18
1600007400,0.18,0.18
1600008300,0.18,0.18
1600009200,0.18,0.18
1600010100,0.18,0.18
1600011000,0.18,0.18
1600011900,0.18,0.18
1600012800,0.18,0.18
1600013700,0.18,0.18
1600014600,0.18,0.18
1600015500,0.18,0.18
1600016400,0.18,0.18
1600017300,0.18,0.18
1600018200,0.18,0.18
1600019100,0.18,0.18
1600020000,0.18,0.18
1600020900,0.18,0.18
1600021800,0.18,0.18
1600022700,0.18,0.18
1600023600,0.18,0.18
1600024500,0.18,0.18
1600025400,0.18,0.18
1600026300,0.18,0.18
1600027200,0.18,0.18
1600028100,0.18,0.18
1600029000,0.18,0.18
1600029900,0.18,0.18
1600030800,0.18,0.18
1600031700,0.18,0.18
1600032600,0.18,0.18
1600033500,0.18,0.18
1600034400,0.18,0.18
1600035300,0.18,0.18
1600036200,0.18,0.18
1600037100,0.18,0.18
1600038000,0.18,0.18
1600038900,0.18,0.18
1600039800,0.18,0.18
1600040700,0.18,0.18
1600041600,0.18,0.18
1600042500,0.18,0.18
1600043400,0.18,0.18
1600044300,0.18,0.18
1600045200,0.18,0.18
1600046100,0.18,0.18
1600047000,0.18,0.18
1600047900,0.18,0.18
1600048800,0.18,0.18
1600049700,0.18,0.18
1600050600,0.18,0.18
1600051500,0.18,0.18
1600052400,0.18,0.18
1600053300,0.18,0.18
1600054200,0.18,0.18
1600055100,0.18,0.18
1600056000,0.18,0.18
1600056900,0.18,0.18
1600057800,0.18,0.18
1600058700,0.18,0.18
1600059600,0.18,0.18
1600060500,0.18,0.18
1600061400,0.18,0.18
1600062300,0.18,0.18
1600063200,0.18,0.18
1600064100,0.18,0.18
1600065000,0.18,0.18
1600065900,0.18,0.18
1600066800,0.18,0.18
1600067700,0.18,0.18
1600068600,0.18,0.18
1600069500,0.18,0.18
1600070400,0.18,0.18
1600071300,0.18,0.18
1600072200,0.18,0.18
1600073100,0.18,0.18
1600074000,0.18,0.18
1600074900,0.18,0.18
1600075800,0.18,0.18
1600076700,0.18,0.18
1600077600,0.18,0.18
1600078500,0.18,0.18
1600079400,0.18,0.18
1600080300,0.18,0.18
1600081200,0.18,0.18
1600082100,0.18,0.18
1600083000,0.18,0.18
1600083900,0.18,0.18
1600084800,0.18,0.18
1600085700,0.18,0.18
1600086600,0.18,0.18
1600087500,0.18,0.18
1600088400,0.18,0.18
1600089300,0.18,0.18
1600090200,0.18,0.18
1600091100,0.18,0.18
1600092000,0.18,0.18
1600092900,0.18,0.18
1600093800,0.18,0.18
1600094700,0.18,0.18
1600095600,0.18,0.18
1600096500,0.18,0.18
1600097400,0.18,0.18
1600098300,0.18,0.18
1600099200,0.18,0.18
1600100100,0.18,0.18
1600101000,0.18,0.18
1600101900,0.18,0.18
1600102800,0.18,0.18
1600103700,0.18,0.18
1600104600,0.18,0.18
1600105500,0.18,0.18
1600106400,0.18,0.18
1600107300,0.18,0.18
1600108200,0.18,0.18
1600109100,0.18,0.18
1600110000,0.18,0.18
1600110900,0.18,0.18
1600111800,0.18,0.18
1600112700,0.18,0.18
1600113600,0.18,0.18
1600114500,0.18,0.18
1600115400,0.18,0.18
1600116300,0.18,0.18
1600117200,0.18,0.18
1600118100,0.18,0.18
1600119000,0.18,0.18
1600119900,0.18,0.18
1600120800,0.18,0.18
1600121700,0.18,0.18
1600122600,0.18,0.18
1600123500,0.18,0.18
1600124400,0.18,0.18
1600125300,0.18,0.18
1600126200,0.18,0.18
1600127100,0.18,0.18
1600128000,0.18,0.18
1600128900,0.18,0.18
1600129800,0.18,0.18
1600130700,0.18,0.18
1600131600,0.18,0.18
1600132500,0.18,0.18
1600133400,0.18,0.18
1600134300,0.18,0.18
1600135200,0.18,0.18
1600136100,0.18,0.18
1600137000,0.18,0.18
1600137900,0.18,0.18
1600138800,0.18,0.18
1600139700,0.18,0.18
1600140600,0.18,0.18
1600141500,0.18,0.18
1600142400,0.18,0.18
1600143300,0.18,0.18
1600144200,0.18,0.18
1600145100,0.18,0.18
1600146000,0.18,0.18
1600146900,0.18,0.18
1600147800,0.18,0.18
1600148700,0.18,0.18
1600149600,0.18,0.18
1600150500,0.18,0.18
1600151400,0.18,0.18
1600152300,0.18,0.18
1600153200,0.18,0.18
1600154100,0.18,0.18
1600155000,0.18,0.18
1600155900,0.18,0.18
1600156800,0.18,0.18
1600157700,0.18,0.18
1600158600,0.18,0.18
1600159500,0.18,0.18
1600160400,0.18,0.18
1600161300,0.18,0.18
1600162200,0.18,0.18
1600163100,0.18,0.18
1600164000,0.18,0.18
1600164900,0.18,0.18
1600165800,0.18,0.18
1600166700,0.18,0.18
1600167600,0.18,0.18
1600168500,0.18,0.18
1600169400,0.18,0.18
1600170300,0.18,0.18
1600171200,0.18,0.18
1600172100,0.18,0.18
1600173000,0.18,0.18
1600173900,0.18,0.18
1600174800,0.18,0.18
1600175700,0.18,0.18
1600176600,0.18,0.18
1600177500,0.18,0.18
1600178400,0.18,0.18
1600179300,0.18,0.18
1600180200,0.18,0.18
1600181100,0.18,0.18
1600182000,0.18,0.18
1600182900,0.18,0.18
1600183800,0.18,0.18
1600184700,0.18,0.18
1600185600,0.18,0.18
1600186500,0.18,0.18
1600187400,0.18,0.18
1600188300,0.18,0.18
1600189200,0.18,0.18
1600190100,0.18,0.18
1600191000,0.18,0.18
1600191900,0.18,0.18
1600192800,0.18,0.18
1600193700,0.18,0.18
1600194600,0.18,0.18
1600195500,0.18,0.18
1600196400,0.18,0.18
1600197300,0.18,0.18
1600198200,0.18,0.18
1600199100,0.18,0.18
1600200000,0.18,0.18
1600200900,0.18,0.18
1600201800,0.18,0.18
1600202700,0.18,0.18
1600203600,0.18,0.18
1600204500,0.18,0.18
1600205400,0.18,0.18
1600206300,0.18,0.18
1600207200,0.18,0.18
1600208100,0.18,0.18
1600209000,0.18,0.18
1600209900,0.18,0.18
1600210800,0.18,0.18
1600211700,0.18,0.18
1600212600,0.18,0.18
1600213500,0.18,0.18
1600214400,0.18,0.18
1600215300,0.18,0.18
1600216200,0.18,0.18
1600217100,0.18,0.18
1600218000,0.18,0.18
1600218900,0.18,0.18
1600219800,0.18,0.18
1600220700,0.18,0.18
1600221600,0.18,0.18
1600222500,0.18,0.18
1600223400,0.18,0.18
1600224300,0.18,0.18
1600225200,0.18,0.18
1600226100,0.18,0.18
1600227000,0.18,0.18
1600227900,0.18,0.18
1600228800,0.18,0.18
1600229700,0.18,0.18
1600230600,0.18,0.18
1600231500,0.18,0.18
1600232400,0.18,0.18
1600233300,0.18,0.18
1600234200,0.18,0.18
1600235100,0.18,0.18
1600236000,0.18,0.18
1600236900,0.18,0.18
1600237800,0.18,0.18
1600238700,0.18,0.18
1600239600,0.18,0.18
1600240500,0.18,0.18
1600241400,0.18,0.18
1600242300,0.18,0.18
1600243200,0.18,0.18
1600244100,0.18,0.18
1600245000,0.18,0.18
1600245900,0.18,0.18
1600246800,0.18,0.18
1600247700,0.18,0.18
1600248600,0.18,0.18
1600249500,0.18,0.18
1600250400,0.18,0.18
1600251300,0.18,0.18
1600252200,0.18,0.18
1600253100,0.18,0.18
1600254000,0.18,0.18
1600254900,0.18,0.18
1600255800,0.18,0.18
1600256700,0.18,0.18
1600257600,0.18,0.18
1600258500,0.18,0.18
1600259400,0.18,0.18
1600260300,0.18,0.18
1600261200,0.18,0.18
1600262100,0.18,0.18
1600263000,0.18,0.18
1600263900,0.18,0.18
1600264800,0.18,0.18
1600265700,0.18,0.18
1600266600,0.18,0.18
1600267500,0.18,0.18
1600268400,0.18,0.18
1600269300,0.18,0.18
1600270200,0.18,0.18
1600271100,0.18,0.18
1600272000,0.18,0.18
1600272900,0.18,0.18
1600273800,0.18,0.18
1600274700,0.18,0.18
1600275600,0.18,0.18
1600276500,0.18,0.18
1600277400,0.18,0.18
1600278300,0.18,0.18
1600279200,0.18,0.18
1600280100,0.18,0.18
1600281000,0.18,0.18
1600281900,0.18,0.18
1600282800,0.18,0.18
1600283700,0.18,0.18
1600284600,0.18,0.18
1600285500,0.18,0.18
1600286400,0.18,0.18
1600287300,0.18,0.18
1600288200,0.18,0.18
1600289100,0.18,0.18
1600290000,0.18,0.18
1600290900,0.18,0.18
1600291800,0.18,0.18
1600292700,0.18,0.18
1600293600,0.18,0.18
1600294500,0.18,0.18
1600295400,0.18,0.18
1600296300,0.18,0.18
1600297200,0.18,0.18
1600298100,0.18,0.18
1600299000,0.18,0.18
1600299900,0.18,0.18
1600300800,0.18,0.18
1600301700,0.18,0.18
1600302600,0.18,0.18
1600303500,0.18,0.18
1600304400,0.18,0.18
1600305300,0.18,0.18
1600306200,0.18,0.18
1600307100,0.18,0.18
1600308000,0.18,0.18
1600308900,0.18,0.18
1600309800,0.18,0.18
1600310700,0.18,0.18
1600311600,0.18,0.18
1600312500,0.18,0.18
1600313400,0.18,0.18
1600314300,0.18,0.18
1600315200,0.18,0.18
1600316100,0.18,0.18
1600317000,0.18,0.18
1600317900,0.18,0.18
1600318800,0.18,0.18
1600319700,0.18,0.18
1600320600,0.18,0.18
1600321500,0.18,0.18
1600322400,0.18,0.18
1600323300,0.18,0.18
1600324200,0.18,0.18
1600325100,0.18,0.18
1600326000,0.18,0.18
1600326900,0.18,0.18
1600327800,0.18,0.18
1600328700,0.18,0.18
1600329600,0.18,0.18
1600330500,0.18,0.18
1600331400,0.18,0.18
1600332300,0.18,0.18
1600333200,0.18,0.18
1600334100,0.18,0.18
1600335000,0.18,0.18
1600335900,0.18,0.18
1600336800,0.18,0.18
1600337700,0.18,0.18
1600338600,0.18,0.18
1600339500,0.18,0.18
1600340400,0.18,0.18
1600341300,0.18,0.18
1600342200,0.18,0.18
1600343100,0.18,0.18
1600344000,0.18,0.18
1600344900,0.18,0.18
1600345800,0.18,0.18
1600346700,0.18,0.18
1600347600,0.18,0.18
1600348500,0.18,0.18
1600349400,0.18,0.18
1600350300,0.18,0.18
1600351200,0.18,0.18
1600352100,0.18,0.18
1600353000,0.18,0.18
1600353900,0.18,0.18
1600354800,0.18,0.18
1600355700,0.18,0.18
1600356600,0.18,0.18
1600357500,0.18,0.18
1600358400,0.18,0.18
1600359300,0.18,0.18
1600360200,0.18,0.18
1600361100,0.18,0.18
1600362000,0.18,0.18
1600362900,0.18,0.18
1600363800,0.18,0.18
1600364700,0.18,0.18
1600365600,0.18,0.18
1600366500,0.18,0.18
1600367400,0.18,0.18
1600368300,0.18,0.18
1600369200,0.18,0.18
1600370100,0.18,0.18
1600371000,0.18,0.18
1600371900,0.18,0.18
1600372800,0.18,0.18
1600373700,0.18,0.18
1600374600,0.18,0.18
1600375500,0.18,0.18
1600376400,0.18,0.18
1600377300,0.18,0.18
1600378200,0.18,0.18
1600379100,0.18,0.18
1600380000,0.18,0.18
1600380900,0.18,0.18
1600381800,0.18,0.18
1600382700,0.18,0.18
1600383600,0.18,0.18
1600384500,0.18,0.18
1600385400,0.18,0.18
1600386300,0.18,0.18
1600387200,0.18,0.18
1600388100,0.18,0.18
1600389000,0.18,0.18
1600389900,0.18,0.18
1600390800,0.18,0.18
1600391700,0.18,0.18
1600392600,0.18,0.18
1600393500,0.18,0.18
1600394400,0.18,0.18
1600395300,0.18,0.18
1600396200,0.18,0.18
1600397100,0.18,0.18
1600398000,0.18,0.18
1600398900,0.18,0.18
1600399800,0.18,0.18
1600400700,0.18,0.18
1600401600,0.18,0.18
1600402500,0.18,0.18
1600403400,0.18,0.18
1600404300,0.18,0.18
1600405200,0.18,0.18
1600406100,0.18,0.18
1600407000,0.18,0.18
1600407900,0.18,0.18
1600408800,0.18,0.18
1600409700,0.18,0.18
1600410600,0.18,0.18
1600411500,0.18,0.18
1600412400,0.18,0.18
1600413300,0.18,0.18
1600414200,0.18,0.18
1600415100,0.18,0.18
1600416000,0.18,0.18
1600416900,0.18,0.18
1600417800,0.18,0.18
1600418700,0.18,0.18
1600419600,0.18,0.18
1600420500,0.18,0.18
1600421400,0.18,0.18
1600422300,0.18,0.18
1600423200,0.18,0.18
1600424100,0.18,0.18
1600425000,0.18,0.18
1600425900,0.18,0.18
1600426800,0.18,0.18
1600427700,0.18,0.18
1600428600,0.18,0.18
1600429500,0.18,0.18
1600430400,0.18,0.18
1600431300,0.18,0.18
1600432200,0.18,0.18
1600433100,0.18,0.18
1600434000,0.18,0.18
1600434900,0.18,0.18
1600435800,0.18,0.18
1600436700,0.18,0.18
1600437600,0.18,0.18
1600438500,0.18,0.18
1600439400,0.18,0.18
1600440300,0.18,0.18
1600441200,0.18,0.18
1600442100,0.18,0.18
1600443000,0.18,0.18
1600443900,0.18,0.18
1600444800,0.18,0.18
1600445700,0.18,0.18
1600446600,0.18,0.18
1600447500,0.18,0.18
1600448400,0.18,0.18
1600449300,0.18,0.18
1600450200,0.18,0.18
1600451100,0.18,0.18
1600452000,0.18,0.18
1600452900,0.18,0.18
1600453800,0.18,0.18
1600454700,0.18,0.18
1600455600,0.18,0.18
1600456500,0.18,0.18
1600457400,0.18,0.18
1600458300,0.18,0.18
1600459200,0.18,0.18
1600460100,0.18,0.18
1600461000,0.18,0.18
1600461900,0.18,0.18
1600462800,0.18,0.18
1600463700,0.18,0.18
1600464600,0.18,0.18
1600465500,0.18,0.18
1600466400,0.18,0.18
1600467300,0.18,0.18
1600468200,0.18,0.18
1600469100,0.18,0.18
1600470000,0.18,0.18
1600470900,0.18,0.18
1600471800,0.18,0.18
1600472700,0.18,0.18
1600473600,0.18,0.18
1600474500,0.18,0.18
1600475400,0.18,0.18
1600476300,0.18,0.18
1600477200,0.18,0.18
1600478100,0.18,0.18
1600479000,0.18,0.18
1600479900,0.18,0.18
1600480800,0.18,0.18
1600481700,0.18,0.18
1600482600,0.18,0.18
1600483500,0.18,0.18
1600484400,0.18,0.18
1600485300,0.18,0.18
1600486200,0.18,0.18
1600487100,0.18,0.18
1600488000,0.18,0.18
1600488900,0.18,0.18
1600489800,0.18,0.18
1600490700,0.18,0.18
1600491600,0.18,0.18
1600492500,0.18,0.18
1600493400,0.18,0.18
1600494300,0.18,0.18
1600495200,0.18,0.18
1600496100,0.18,0.18
1600497000,0.18,0.18
1600497900,0.18,0.18
1600498800,0.18,0.18
1600499700,0.18,0.18
1600500600,0.18,0.18
1600501500,0.18,0.18
1600502400,0.18,0.18
1600503300,0.18,0.18
1600504200,0.18,0.18
1600505100,0.18,0.18
1600506000,0.18,0.18
1600506900,0.18,0.18
1600507800,0.18,0.18
1600508700,0.18,0.18
1600509600,0.18,0.18
1600510500,0.18,0.18
1600511400,0.18,0.18
1600512300,0.18,0.18
1600513200,0.18,0.18
1600514100,0.18,0.18
1600515000,0.18,0.18
1600515900,0.18,0.18
1600516800,0.18,0.18
1600517700,0.18,0.18
1600518600,0.18,0.18
1600519500,0.18,0.18
1600520400,0.18,0.18
1600521300,0.18,0.18
1600522200,0.18,0.18
1600523100,0.18,0.18
1600524000,0.18,0.18
1600524900,0.18,0.18
1600525800,0.18,0.18
1600526700,0.18,0.18
1600527600,0.18,0.18
1600528500,0.18,0.18
1600529400,0.18,0.18
1600530300,0.18,0.18
1600531200,0.18,0.18
1600532100,0.18,0.18
1600533000,0.18,0.18
1600533900,0.18,0.18
1600534800,0.18,0.18
1600535700,0.18,0.18
1600536600,0.18,0.18
1600537500,0.18,0.18
1600538400,0.18,0.18
1600539300,0.18,0.18
1600540200,0.18,0.18
1600541100,0.18,0.18
1600542000,0.18,0.18
1600542900,0.18,0.18
1600543800,0.18,0.18
1600544700,0.18,0.18
1600545600,0.18,0.18
1600546500,0.18,0.18
1600547400,0.18,0.18
1600548300,0.18,0.18
1600549200,0.18,0.18
1600550100,0.18,0.18
1600551000,0.18,0.18
1600551900,0.18,0.18
1600552800,0.18,0.18
1600553700,0.18,0.18
1600554600,0.18,0.18
1600555500,0.18,0.18
1600556400,0.18,0.18
1600557300,0.18,0.18
1600558200,0.18,0.18
1600559100,0.18,0.18
1600560000,0.18,0.18
1600560900,0.18,0.18
1600561800,0.18,0.18
1600562700,0.18,0.18
1600563600,0.18,0.18
1600564500,0.18,0.18
1600565400,0.18,0.18
1600566300,0.18,0.18
1600567200,0.18,0.18
1600568100,0.18,0.18
1600569000,0.18,0.18
1600569900,0.18,0.18
1600570800,0.18,0.18
1600571700,0.18,0.18
1600572600,0.18,0.18
1600573500,0.18,0.18
1600574400,0.18,0.18
1600575300,0.18,0.18
1600576200,0.18,0.18
1600577100,0.18,0.18
1600578000,0.18,0.18
1600578900,0.18,0.18
1600579800,0.18,0.18
1600580700,0.18,0.18
1600581600,0.18,0.18
1600582500,0.18,0.18
1600583400,0.18,0.18
1600584300,0.18,0.18
1600585200,0.18,0.18
1600586100,0.18,0.18
1600587000,0.18,0.18
1600587900,0.18,0.18
1600588800,0.18,0.18
1600589700,0.18,0.18
1600590600,0.18,0.18
1600591500,0.18,0.18
1600592400,0.18,0.18
1600593300,0.18,0.18
1600594200,0.18,0.18
1600595100,0.18,0.18
1600596000,0.18,0.18
1600596900,0.18,0.18
1600597800,0.18,0.18
1600598700,0.18,0.18
1600599600,0.18,0.18
1600600500,0.18,0.18
1600601400,0.18,0.18
1600602300,0.18,0.18
1600603200,0.18,0.18
1600604100,0.18,0.18
1600605000,0.18,0.18
1600605900,0.18,0.18
1600606800,0.18,0.18
1600607700,0.18,0.18
1600608600,0.18,0.18
1600609500,0.18,0.18
1600610400,0.18,0.18
1600611300,0.18,0.18
1600612200,0.18,0.18
1600613100,0.18,0.18
1600614000,0.18,0.18
1600614900,0.18,0.18
1600615800,0.18,0.18
1600616700,0.18,0.18
1600617600,0.18,0.18
1600618500,0.18,0.18
1600619400,0.18,0.18
1600620300,0.18,0.18
1600621200,0.18,0.18
1600622100,0.18,0.18
1600623000,0.18,0.18
1600623900,0.18,0.18
1600624800,0.18,0.18
1600625700,0.18,0.18
1600626600,0.18,0.18
1600627500,0.18,0.18
1600628400,0.18,0.18
1600629300,0.18,0.18
1600630200,0.18,0.18
1600631100,0.18,0.18
1600632000,0.18,0.18
1600632900,0.18,0.18
1600633800,0.18,0.18
1600634700,0.18,0.18
1600635600,0.18,0.18
1600636500,0.18,0.18
1600637400,0.18,0.18
1600638300,0.18,0.18
1600639200,0.18,0.18
1600640100,0.18,0.18
1600641000,0.18,0.18
1600641900,0.18,0.18
1600642800,0.18,0.18
1600643700,0.18,0.18
1600644600,0.18,0.18
1600645500,0.18,0.18
1600646400,0.18,0.18
1600647300,0.18,0.18
1600648200,0.18,0.18
1600649100,0.18,0.18
1600650000,0.18,0.18
1600650900,0.18,0.18
1600651800,0.18,0.18
1600652700,0.18,0.18
1600653600,0.18,0.18
1600654500,0.18,0.18
1600655400,0.18,0.18
1600656300,0.18,0.18
1600657200,0.18,0.18
1600658100,0.18,0.18
1600659000,0.18,0.18
1600659900,0.18,0.18
1600660800,0.18,0.18
1600661700,0.18,0.18
1600662600,0.18,0.18
1600663500,0.18,0.18
1600664400,0.18,0.18
1600665300,0.18,0.18
1600666200,0.18,0.18
1600667100,0.18,0.18
1600668000,0.18,0.18
1600668900,0.18,0.18
1600669800,0.18,0.18
1600670700,0.18,0.18
1600671600,0.18,0.18
1600672500,0.18,0.18
1600673400,0.18,0.18
1600674300,0.18,0.18
1600675200,0.18,0.18
1600676100,0.18,0.18
1600677000,0.18,0.18
1600677900,0.18,0.18
1600678800,0.18,0.18
1600679700,0.18,0.18
1600680600,0.18,0.18
1600681500,0.18,0.18
1600682400,0.18,0.18
1600683300,0.18,0.18
1600684200,0.18,0.18
1600685100,0.18,0.18
1600686000,0.18,0.18
1600686900,0.18,0.18
1600687800,0.18,0.18
1600688700,0.18,0.18
1600689600,0.18,0.18
1600690500,0.18,0.18
1600691400,0.18,0.18
1600692300,0.18,0.18
1600693200,0.18,0.18
1600694100,0.18,0.18
1600695000,0.18,0.18
1600695900,0.18,0.18
1600696800,0.18,0.18
1600697700,0.18,0.18
1600698600,0.18,0.18
1600699500,0.18,0.18
1600700400,0.18,0.18
1600701300,0.18,0.18
1600702200,0.18,0.18
1600703100,0.18,0.18
1600704000,0.18,0.18
1600704900,0.18,0.18
1600705800,0.18,0.18
1600706700,0.18,0.18
1600707600,0.18,0.18
1600708500,0.18,0.18
1600709400,0.18,0.18
1600710300,0.18,0.18
1600711200,0.18,0.18
1600712100,0.18,0.18
1600713000,0.18,0.18
1600713900,0.18,0.18
1600714800,0.18,0.18
1600715700,0.18,0.18
1600716600,0.18,0.18
1600717500,0.18,0.18
1600718400,0.18,0.18
1600719300,0.18,0.18
1600720200,0.18,0.18
1600721100,0.18,0.18
1600722000,0.18,0.18
1600722900,0.18,0.18
1600723800,0.18,0.18
1600724700,0.18,0.18
1600725600,0.18,0.18
1600726500,0.18,0.18
1600727400,0.18,0.18
1600728300,0.18,0.18
1600729200,0.18,0.18
1600730100,0.18,0.18
1600731000,0.18,0.18
1600731900,0.18,0.18
1600732800,0.18,0.18
1600733700,0.18,0.18
1600734600,0.18,0.18
1600735500,0.18,0.18
1600736400,0.18,0.18
1600737300,0.18,0.18
1600738200,0.18,0.18
1600739100,0.18,0.18
1600740000,0.18,0.18
1600740900,0.18,0.18
1600741800,0.18,0.18
1600742700,0.18,0.18
1600743600,0.18,0.18
1600744500,0.18,0.18
1600745400,0.18,0.18
1600746300,0.18,0.18
1600747200,0.18,0.18
1600748100,0.18,0.18
1600749000,0.18,0.18
1600749900,0.18,0.18
1600750800,0.18,0.18
1600751700,0.18,0.18
1600752600,0.18,0.18
1600753500,0.18,0.18
1600754400,0.18,0.18
1600755300,0.18,0.18
1600756200,0.18,0.18
1600757100,0.18,0.18
1600758000,0.18,0.18
1600758900,0.18,0.18
1600759800,0.18,0.18
1600760700,0.18,0.18
1600761600,0.18,0.18
1600762500,0.18,0.18
1600763400,0.18,0.18
1600764300,0.18,0.18
1600765200,0.18,0.18
1600766100,0.18,0.18
1600767000,0.18,0.18
1600767900,0.18,0.18
1600768800,0.18,0.18
1600769700,0.18,0.18
1600770600,0.18,0.18
1600771500,0.18,0.18
1600772400,0.18,0.18
1600773300,0.18,0.18
1600774200,0.18,0.18
1600775100,0.18,0.18
1600776000,0.18,0.18
1600776900,0.18,0.18
1600777800,0.18,0.18
1600778700,0.18,0.18
1600779600,0.18,0.18
1600780500,0.18,0.18
1600781400,0.18,0.18
1600782300,0.18,0.18
1600783200,0.18,0.18
1600784100,0.18,0.18
1600785000,0.18,0.18
1600785900,0.18,0.18
1600786800,0.18,0.18
1600787700,0.18,0.18
1600788600,0.18,0.18
1600789500,0.18,0.18
1600790400,0.18,0.18
1600791300,0.18,0.18
1600792200,0.18,0.18
1600793100,0.18,0.18
1600794000,0.18,0.18
1600794900,0.18,0.18
1600795800,0.18,0.18
1600796700,0.18,0.18
1600797600,0.18,0.18
1600798500,0.18,0.18
1600799400,0.18,0.18
1600800300,0.18,0.18
1600801200,0.18,0.18
1600802100,0.18,0.18
1600803000,0.18,0.18
1600803900,0.18,0.18
1600804800,0.18,0.18
1600805700,0.18,0.18
1600806600,0.18,0.18
1600807500,0.18,0.18
1600808400,0.18,0.18
1600809300,0.18,0.18
1600810200,0.18,0.18
1600811100,0.18,0.18
1600812000,0.18,0.18
1600812900,0.18,0.18
1600813800,0.18,0.18
1600814700,0.18,0.18
1600815600,0.18,0.18
1600816500,0.18,0.18
1600817400,0.18,0.18
1600818300,0.18,0.18
1600819200,0.18,0.18
1600820100,0.18,0.18
1600821000,0.18,0.18
1600821900,0.18,0.18
1600822800,0.18,0.18
1600823700,0.18,0.18
1600824600,0.18,0.18
1600825500,0.18,0.18
1600826400,0.18,0.18
1600827300,0.18,0.18
1600828200,0.18,0.18
1600829100,0.18,0.18
1600830000,0.18,0.18
1600830900,0.18,0.18
1600831800,0.18,0.18
1600832700,0.18,0.18
1600833600,0.18,0.18
1600834500,0.18,0.18
1600835400,0.18,0.18
1600836300,0.18,0.18
1600837200,0.18,0.18
1600838100,0.18,0.18
1600839000,0.18,0.18
1600839900,0.18,0.18
1600840800,0.18,0.18
1600841700,0.18,0.18
1600842600,0.18,0.18
1600843500,0.18,0.18
1600844400,0.18,0.18
1600845300,0.18,0.18
1600846200,0.18,0.18
1600847100,0.18,0.18
1600848000,0.18,0.18
1600848900,0.18,0.18
1600849800,0.18,0.18
1600850700,0.18,0.18
1600851600,0.18,0.18
1600852500,0.18,0.18
1600853400,0.18,0.18
1600854300,0.18,0.18
1600855200,0.18,0.18
1600856100,0.18,0.18
1600857000,0.18,0.18
1600857900,0.18,0.18
1600858800,0.18,0.18
1600859700,0.18,0.18
1600860600,0.18,0.18
1600861500,0.18,0.18
1600862400,0.18,0.18
1600863300,0.18,0.18
1600864200,0.18,0.18
1600865100,0.18,0.18
1600866000,0.18,0.18
1600866900,0.18,0.18
1600867800,0.18,0.18
1600868700,0.18,0.18
1600869600,0.18,0.18
1600870500,0.18,0.18
1600871400,0.18,0.18
1600872300,0.18,0.18
1600873200,0.18,0.18
1600874100,0.18,0.18
1600875000,0.18,0.18
1600875900,0.18,0.18
1600876800,0.18,0.18
1600877700,0.18,0.18
1600878600,0.18,0.18
1600879500,0.18,0.18
1600880400,0.18,0.18
1600881300,0.18,0.18
1600882200,0.18,0.18
1600883100,0.18,0.18
1600884000,0.18,0.18
1600884900,0.18,0.18
1600885800,0.18,0.18
1600886700,0.18,0.18
1600887600,0.18,0.18
1600888500,0.18,0.18
1600889400,0.18,0.18
1600890300,0.18,0.18
1600891200,0.18,0.18
1600892100,0.18,0.18
1600893000,0.18,0.18
1600893900,0.18,0.18
1600894800,0.18,0.18
1600895700,0.18,0.18
1600896600,0.18,0.18
1600897500,0.18,0.18
1600898400,0.18,0.18
1600899300,0.18,0.18
1600900200,0.18,0.18
1600901100,0.18,0.18
1600902000,0.18,0.18
1600902900,0.18,0.18
1600903800,0.18,0.18
1600904700,0.18,0.18
1600905600,0.18,0.18
1600906500,0.18,0.18
1600907400,0.18,0.18
1600908300,0.18,0.18
1600909200,0.18,0.18
1600910100,0.18,0.18
1600911000,0.18,0.18
1600911900,0.18,0.18
1600912800,0.18,0.18
1600913700,0.18,0.18
1600914600,0.18,0.18
1600915500,0.18,0.18
1600916400,0.18,0.18
1600917300,0.18,0.18
1600918200,0.18,0.18
1600919100,0.18,0.18
1600920000,0.18,0.18
1600920900,0.18,0.18
1600921800,0.18,0.18
1600922700,0.18,0.18
1600923600,0.18,0.18
1600924500,0.18,0.18
1600925400,0.18,0.18
1600926300,0.18,0.18
1600927200,0.18,0.18
1600928100,0.18,0.18
1600929000,0.18,0.18
1600929900,0.18,0.18
1600930800,0.18,0.18
1600931700,0.18,0.18
1600932600,0.18,0.18
1600933500,0.18,0.18
1600934400,0.18,0.18
1600935300,0.18,0.18
1600936200,0.18,0.18
1600937100,0.18,0.18
1600938000,0.18,0.18
1600938900,0.18,0.18
1600939800,0.18,0.18
1600940700,0.18,0.18
1600941600,0.18,0.18
1600942500,0.18,0.18
1600943400,0.18,0.18
1600944300,0.18,0.18
1600945200,0.18,0.18
1600946100,0.18,0.18
1600947000,0.18,0.18
1600947900,0.18,0.18
1600948800,0.18,0.18
1600949700,0.18,0.18
1600950600,0.18,0.18
1600951500,0.18,0.18
1600952400,0.18,0.18
1600953300,0.18,0.18
1600954200,0.18,0.18
1600955100,0.18,0.18
1600956000,0.18,0.18
1600956900,0.18,0.18
1600957800,0.18,0.18
1600958700,0.18,0.18
1600959600,0.18,0.18
1600960500,0.18,0.18
1600961400,0.18,0.18
1600962300,0.18,0.18
1600963200,0.18,0.18
1600964100,0.18,0.18
1600965000,0.18,0.18
1600965900,0.18,0.18
1600966800,0.18,0.18
1600967700,0.18,0.18
1600968600,0.18,0.18
1600969500,0.18,0.18
1600970400,0.18,0.18
1600971300,0.18,0.18
1600972200,0.18,0.18
1600973100,0.18,0.18
1600974000,0.18,0.18
1600974900,0.18,0.18
1600975800,0.18,0.18
1600976700,0.18,0.18
1600977600,0.18,0.18
1600978500,0.18,0.18
1600979400,0.18,0.18
1600980300,0.18,0.18
1600981200,0.18,0.18
1600982100,0.18,0.18
1600983000,0.18,0.18
1600983900,0.18,0.18
1600984800,0.18,0.18
1600985700,0.18,0.18
1600986600,0.18,0.18
1600987500,0.18,0.18
1600988400,0.18,0.18
1600989300,0.18,0.18
1600990200,0.18,0.18
1600991100,0.18,0.18
1600992000,0.18,0.18
1600992900,0.18,0.18
1600993800,0.18,0.18
1600994700,0.18,0.18
1600995600,0.18,0.18
1600996500,0.18,0.18
1600997400,0.18,0.18
1600998300,0.18,0.18
1600999200,0.18,0.18
1601000100,0.18,0.18
1601001000,0.18,0.18
1601001900,0.18,0.18
1601002800,0.18,0.18
1601003700,0.18,0.18
1601004600,0.18,0.18
1601005500,0.18,0.18
1601006400,0.18,0.18
1601007300,0.18,0.18
1601008200,0.18,0.18
1601009100,0.18,0.18
1601010000,0.18,0.18
1601010900,0.18,0.18
1601011800,0.18,0.18
1601012700,0.18,0.18
1601013600,0.18,0.18
1601014500,0.18,0.18
1601015400,0.18,0.18
1601016300,0.18,0.18
1601017200,0.18,0.18
1601018100,0.18,0.18
1601019000,0.18,0.18
1601019900,0.18,0.18
1601020800,0.18,0.18
1601021700,0.18,0.18
1601022600,0.18,0.18
1601023500,0.18,0.18
1601024400,0.18,0.18
1601025300,0.18,0.18
1601026200,0.18,0.18
1601027100,0.18,0.18
1601028000,0.18,0.18
1601028900,0.18,0.18
1601029800,0.18,0.18
1601030700,0.18,0.18
1601031600,0.18,0.18
1601032500,0.18,0.18
1601033400,0.18,0.18
1601034300,0.18,0.18
1601035200,0.18,0.18
1601036100,0.18,0.18
1601037000,0.18,0.18
1601037900,0.18,0.18
1601038800,0.18,0.18
1601039700,0.18,0.18
1601040600,0.18,0.18
1601041500,0.18,0.18
1601042400,0.18,0.18
1601043300,0.18,0.18
1601044200,0.18,0.18
1601045100,0.18,0.18
1601046000,0.18,0.18
1601046900,0.18,0.18
1601047800,0.18,0.18
1601048700,0.18,0.18
1601049600,0.18,0.18
1601050500,0.18,0.18
1601051400,0.18,0.18
1601052300,0.18,0.18
1601053200,0.18,0.18
1601054100,0.18,0.18
1601055000,0.18,0.18
1601055900,0.18,0.18
1601056800,0.18,0.18
1601057700,0.18,0.18
1601058600,0.18,0.18
1601059500,0.18,0.18
1601060400,0.18,0.18
1601061300,0.18,0.18
1601062200,0.18,0.18
1601063100,0.18,0.18
1601064000,0.18,0.18
1601064900,0.18,0.18
1601065800,0.18,0.18
1601066700,0.18,0.18
1601067600,0.18,0.18
1601068500,0.18,0.18
1601069400,0.18,0.18
1601070300,0.18,0.18
1601071200,0.18,0.18
1601072100,0.18,0.18
1601073000,0.18,0.18
1601073900,0.18,0.18
1601074800,0.18,0.18
1601075700,0.18,0.18
1601076600,0.18,0.18
1601077500,0.18,0.18
1601078400,0.18,0.18
1601079300,0.18,0.18
1601080200,0.18,0.18
1601081100,0.18,0.18
1601082000,0.18,0.18
1601082900,0.18,0.18
1601083800,0.18,0.18
1601084700,0.18,0.18
1601085600,0.18,0.18
1601086500,0.18,0.18
1601087400,0.18,0.18
1601088300,0.18,0.18
1601089200,0.18,0.18
1601090100,0.18,0.18
1601091000,0.18,0.18
1601091900,0.18,0.18
1601092800,0.18,0.18
1601093700,0.18,0.18
1601094600,0.18,0.18
1601095500,0.18,0.18
1601096400,0.18,0.18
1601097300,0.18,0.18
1601098200,0.18,0.18
1601099100,0.18,0.18
1601100000,0.18,0.18
1601100900,0.18,0.18
1601101800,0.18,0.18
1601102700,0.18,0.18
1601103600,0.18,0.18
1601104500,0.18,0.18
1601105400,0.18,0.18
1601106300,0.18,0.18
1601107200,0.18,0.18
1601108100,0.18,0.18
1601109000,0.18,0.18
1601109900,0.18,0.18
1601110800,0.18,0.18
1601111700,0.18,0.18
1601112600,0.18,0.18
1601113500,0.18,0.18
1601114400,0.18,0.18
1601115300,0.18,0.18
1601116200,0.18,0.18
1601117100,0.18,0.18
1601118000,0.18,0.18
1601118900,0.18,0.18
1601119800,0.18,0.18
1601120700,0.18,0.18
1601121600,0.18,0.18
1601122500,0.18,0.18
1601123400,0.18,0.18
1601124300,0.18,0.18
1601125200,0.18,0.18
1601126100,0.18,0.18
1601127000,0.18,0.18
1601127900,0.18,0.18
1601128800,0.18,0.18
1601129700,0.18,0.18
1601130600,0.18,0.18
1601131500,0.18,0.18
1601132400,0.18,0.18
1601133300,0.18,0.18
1601134200,0.18,0.18
1601135100,0.18,0.18
1601136000,0.18,0.18
1601136900,0.18,0.18
1601137800,0.18,0.18
1601138700,0.18,0.18
1601139600,0.18,0.18
1601140500,0.18,0.18
1601141400,0.18,0.18
1601142300,0.18,0.18
1601143200,0.18,0.18
1601144100,0.18,0.18
1601145000,0.18,0.18
1601145900,0.18,0.18
1601146800,0.18,0.18
1601147700,0.18,0.18
1601148600,0.18,0.18
1601149500,0.18,0.18
1601150400,0.18,0.18
1601151300,0.18,0.18
1601152200,0.18,0.18
1601153100,0.18,0.18
1601154000,0.18,0.18
1601154900,0.18,0.18
1601155800,0.18,0.18
1601156700,0.18,0.18
1601157600,0.18,0.18
1601158500,0.18,0.18
1601159400,0.18,0.18
1601160300,0.18,0.18
1601161200,0.18,0.18
1601162100,0.18,0.18
1601163000,0.18,0.18
1601163900,0.18,0.18
1601164800,0.18,0.18
1601165700,0.18,0.18
1601166600,0.18,0.18
1601167500,0.18,0.18
1601168400,0.18,0.18
1601169300,0.18,0.18
1601170200,0.18,0.18
1601171100,0.18,0.18
1601172000,0.18,0.18
1601172900,0.18,0.18
1601173800,0.18,0.18
1601174700,0.18,0.18
1601175600,0.18,0.18
1601176500,0.18,0.18
1601177400,0.18,0.18
1601178300,0.18,0.18
1601179200,0.18,0.18
1601180100,0.18,0.18
1601181000,0.18,0.18
1601181900,0.18,0.18
1601182800,0.18,0.18
1601183700,0.18,0.18
1601184600,0.18,0.18
1601185500,0.18,0.18
1601186400,0.18,0.18
1601187300,0.18,0.18
1601188200,0.18,0.18
1601189100,0.18,0.18
1601190000,0.18,0.18
1601190900,0.18,0.18
1601191800,0.18,0.18
1601192700,0.18,0.18
1601193600,0.18,0.18
1601194500,0.18,0.18
1601195400,0.18,0.18
1601196300,0.18,0.18
1601197200,0.18,0.18
1601198100,0.18,0.18
1601199000,0.18,0.18
1601199900,0.18,0.18
1601200800,0.18,0.18
1601201700,0.18,0.18
1601202600,0.18,0.18
1601203500,0.18,0.18
1601204400,0.18,0.18
1601205300,0.18,0.18
1601206200,0.18,0.18
1601207100,0.18,0.18
1601208000,0.18,0.18
1601208900,0.18,0.18
1601209800,0.18,0.18
1601210700,0.18,0.18
1601211600,0.18,0.18
1601212500,0.18,0.18
1601213400,0.18,0.18
1601214300,0.18,0.18
1601215200,0.18,0.18
1601216100,0.18,0.18
1601217000,0.18,0.18
1601217900,0.18,0.18
1601218800,0.18,0.18
1601219700,0.18,0.18
1601220600,0.18,0.18
1601221500,0.18,0.18
1601222400,0.18,0.18
1601223300,0.18,0.18
1601224200,0.18,0.18
1601225100,0.18,0.18
1601226000,0.18,0.18
1601226900,0.18,0.18
1601227800,0.18,0.18
1601228700,0.18,0.18
1601229600,0.18,0.18
1601230500,0.18,0.18
1601231400,0.18,0.18
1601232300,0.18,0.18
1601233200,0.18,0.18
1601234100,0.18,0.18
1601235000,0.18,0.18
1601235900,0.18,0.18
1601236800,0.18,0.18
1601237700,0.18,0.18
1601238600,0.18,0.18
1601239500,0.18,0.18
1601240400,0.18,0.18
1601241300,0.18,0.18
1601242200,0.18,0.18
1601243100,0.18,0.18
1601244000,0.18,0.18
1601244900,0.18,0.18
1601245800,0.18,0.18
1601246700,0.18,0.18
1601247600,0.18,0.18
1601248500,0.18,0.18
1601249400,0.18,0.18
1601250300,0.18,0.18
1601251200,0.18,0.18
1601252100,0.18,0.18
1601253000,0.18,0.18
1601253900,0.18,0.18
1601254800,0.18,0.18
1601255700,0.18,0.18
1601256600,0.18,0.18
1601257500,0.18,0.18
1601258400,0.18,0.18
1601259300,0.18,0.18
1601260200,0.18,0.18
1601261100,0.18,0.18
1601262000,0.18,0.18
1601262900,0.18,0.18
1601263800,0.18,0.18
1601264700,0.18,0.18
1601265600,0.18,0.18
1601266500,0.18,0.18
1601267400,0.18,0.18
1601268300,0.18,0.18
1601269200,0.18,0.18
1601270100,0.18,0.18
1601271000,0.18,0.18
1601271900,0.18,0.18
1601272800,0.18,0.18
1601273700,0.18,0.18
1601274600,0.18,0.18
1601275500,0.18,0.18
1601276400,0.18,0.18
1601277300,0.18,0.18
1601278200,0.18,0.18
1601279100,0.18,0.18
1601280000,0.18,0.18
1601280900,0.18,0.18
1601281800,0.18,0.18
1601282700,0.18,0.18
1601283600,0.18,0.18
1601284500,0.18,0.18
1601285400,0.18,0.18
1601286300,0.18,0.18
1601287200,0.18,0.18
1601288100,0.18,0.18
1601289000,0.18,0.18
1601289900,0.18,0.18
1601290800,0.18,0.18
1601291700,0.18,0.18
1601292600,0.18,0.18
1601293500,0.18,0.18
1601294400,0.18,0.18
1601295300,0.18,0.18
1601296200,0.18,0.18
1601297100,0.18,0.18
1601298000,0.18,0.18
1601298900,0.18,0.18
1601299800,0.18,0.18
1601300700,0.18,0.18
1601301600,0.18,0.18
1601302500,0.18,0.18
1601303400,0.18,0.18
1601304300,0.18,0.18
1601305200,0.18,0.18
1601306100,0.18,0.18
1601307000,0.18,0.18
1601307900,0.18,0.18
1601308800,0.18,0.18
1601309700,0.18,0.18
1601310600,0.18,0.18
1601311500,0.18,0.18
1601312400,0.18,0.18
1601313300,0.18,0.18
1601314200,0.18,0.18
1601315100,0.18,0.18
1601316000,0.18,0.18
1601316900,0.18,0.18
1601317800,0.18,0.18
1601318700,0.18,0.18
1601319600,0.18,0.18
1601320500,0.18,0.18
1601321400,0.18,0.18
1601322300,0.18,0.18
1601323200,0.18,0.18
1601324100,0.18,0.18
1601325000,0.18,0.18
1601325900,0.18,0.18
1601326800,0.18,0.18
1601327700,0.18,0.18
1601328600,0.18,0.18
1601329500,0.18,0.18
1601330400,0.18,0.18
1601331300,0.18,0.18
1601332200,0.18,0.18
1601333100,0.18,0.18
1601334000,0.18,0.18
1601334900,0.18,0.18
1601335800,0.18,0.18
1601336700,0.18,0.18
1601337600,0.18,0.18
1601338500,0.18,0.18
1601339400,0.18,0.18
1601340300,0.18,0.18
1601341200,0.18,0.18
1601342100,0.18,0.18
1601343000,0.18,0.18
1601343900,0.18,0.18
1601344800,0.18,0.18
1601345700,0.18,0.18
1601346600,0.18,0.18
1601347500,0.18,0.18
1601348400,0.18,0.18
1601349300,0.18,0.18
1601350200,0.18,0.18
1601351100,0.18,0.18
1601352000,0.18,0.18
1601352900,0.18,0.18
1601353800,0.18,0.18
1601354700,0.18,0.18
1601355600,0.18,0.18
1601356500,0.18,0.18
1601357400,0.18,0.18
1601358300,0.18,0.18
1601359200,0.18,0.18
1601360100,0.18,0.18
1601361000,0.18,0.18
1601361900,0.18,0.18
1601362800,0.18,0.18
1601363700,0.18,0.18
1601364600,0.18,0.18
1601365500,0.18,0.18
1601366400,0.18,0.18
1601367300,0.18,0.18
1601368200,0.18,0.18
1601369100,0.18,0.18
1601370000,0.18,0.18
1601370900,0.18,0.18
1601371800,0.18,0.18
1601372700,0.18,0.18
1601373600,0.18,0.18
1601374500,0.18,0.18
1601375400,0.18,0.18
1601376300,0.18,0.18
1601377200,0.18,0.18
1601378100,0.18,0.18
1601379000,0.18,0.18
1601379900,0.18,0.18
1601380800,0.18,0.18
1601381700,0.18,0.18
1601382600,0.18,0.18
1601383500,0.18,0.18
1601384400,0.18,0.18
1601385300,0.18,0.18
1601386200,0.18,0.18
1601387100,0.18,0.18
1601388000,0.18,0.18
1601388900,0.18,0.18
1601389800,0.18,0.18
1601390700,0.18,0.18
1601391600,0.18,0.18
1601392500,0.18,0.18
1601393400,0.18,0.18
1601394300,0.18,0.18
1601395200,0.18,0.18
1601396100,0.18,0.18
1601397000,0.18,0.18
1601397900,0.18,0.18
1601398800,0.18,0.18
1601399700,0.18,0.18
1601400600,0.18,0.18
1601401500,0.18,0.18
1601402400,0.18,0.18
1601403300,0.18,0.18
1601404200,0.18,0.18
1601405100,0.18,0.18
1601406000,0.18,0.18
1601406900,0.18,0.18
1601407800,0.18,0.18
1601408700,0.18,0.18
1601409600,0.18,0.18
1601410500,0.18,0.18
1601411400,0.18,0.18
1601412300,0.18,0.18
1601413200,0.18,0.18
1601414100,0.18,0.18
1601415000,0.18,0.18
1601415900,0.18,0.18
1601416800,0.18,0.18
1601417700,0.18,0.18
1601418600,0.18,0.18
1601419500,0.18,0.18
1601420400,0.18,0.18
1601421300,0.18,0.18
1601422200,0.18,0.18
1601423100,0.18,0.18
1601424000,0.18,0.18
1601424900,0.18,0.18
1601425800,0.18,0.18
1601426700,0.18,0.18
1601427600,0.18,0.18
1601428500,0.18,0.18
1601429400,0.18,0.18
1601430300,0.18,0.18
1601431200,0.18,0.18
1601432100,0.18,0.18
1601433000,0.18,0.18
1601433900,0.18,0.18
1601434800,0.18,0.18
1601435700,0.18,0.18
1601436600,0.18,0.18
1601437500,0.18,0.18
1601438400,0.18,0.18
1601439300,0.18,0.18
1601440200,0.18,0.18
1601441100,0.18,0.18
1601442000,0.18,0.18
1601442900,0.18,0.18
1601443800,0.18,0.18
1601444700,0.18,0.18
1601445600,0.18,0.18
1601446500,0.18,0.18
1601447400,0.18,0.18
1601448300,0.18,0.18
1601449200,0.18,0.18
1601450100,0.18,0.18
1601451000,0.18,0.18
1601451900,0.18,0.18
1601452800,0.18,0.18
1601453700,0.18,0.18
1601454600,0.18,0.18
1601455500,0.18,0.18
1601456400,0.18,0.18
1601457300,0.18,0.18
1601458200,0.18,0.18
1601459100,0.18,0.18
1601460000,0.18,0.18
1601460900,0.18,0.18
1601461800,0.18,0.18
1601462700,0.18,0.18
1601463600,0.18,0.18
1601464500,0.18,0.18
1601465400,0.18,0.18
1601466300,0.18,0.18
1601467200,0.18,0.18
1601468100,0.18,0.18
1601469000,0.18,0.18
1601469900,0.18,0.18
1601470800,0.18,0.18
1601471700,0.18,0.18
1601472600,0.18,0.18
1601473500,0.18,0.18
1601474400,0.18,0.18
1601475300,0.18,0.18
1601476200,0.18,0.18
1601477100,0.18,0.18
1601478000,0.18,0.18
1601478900,0.18,0.18
1601479800,0.18,0.18
1601480700,0.18,0.18
1601481600,0.18,0.18
1601482500,0.18,0.18
1601483400,0.18,0.18
1601484300,0.18,0.18
1601485200,0.18,0.18
1601486100,0.18,0.18
1601487000,0.18,0.18
1601487900,0.18,0.18
1601488800,0.18,0.18
1601489700,0.18,0.18
1601490600,0.18,0.18
1601491500,0.18,0.18
1601492400,0.18,0.18
1601493300,0.18,0.18
1601494200,0.18,0.18
1601495100,0.18,0.18
1601496000,0.18,0.18
1601496900,0.18,0.18
1601497800,0.18,0.18
1601498700,0.18,0.18
1601499600,0.18,0.18
1601500500,0.18,0.18
1601501400,0.18,0.18
1601502300,0.18,0.18
1601503200,0.18,0.18
1601504100,0.18,0.18
1601505000,0.18,0.18
1601505900,0.18,0.18
1601506800,0.18,0.18
1601507700,0.18,0.18
1601508600,0.18,0.18
1601509500,0.18,0.18
1601510400,0.18,0.18
1601511300,0.18,0.18
1601512200,0.18,0.18
1601513100,0.18,0.18
1601514000,0.18,0.18
1601514900,0.18,0.18
1601515800,0.18,0.18
1601516700,0.18,0.18
1601517600,0.18,0.18
1601518500,0.18,0.18
1601519400,0.18,0.18
1601520300,0.18,0.18
1601521200,0.18,0.18
1601522100,0.18,0.18
1601523000,0.18,0.18
1601523900,0.18,0.18
1601524800,0.18,0.18
1601525700,0.18,0.18
1601526600,0.18,0.18
1601527500,0.18,0.18
1601528400,0.18,0.18
1601529300,0.18,0.18
1601530200,0.18,0.18
1601531100,0.18,0.18
1601532000,0.18,0.18
1601532900,0.18,0.18
1601533800,0.18,0.18
1601534700,0.18,0.18
1601535600,0.18,0.18
1601536500,0.18,0.18
1601537400,0.18,0.18
1601538300,0.18,0.18
1601539200,0.18,0.18
1601540100,0.18,0.18
1601541000,0.18,0.18
1601541900,0.18,0.18
1601542800,0.18,0.18
1601543700,0.18,0.18
1601544600,0.18,0.18
1601545500,0.18,0.18
1601546400,0.18,0.18
1601547300,0.18,0.18
1601548200,0.18,0.18
1601549100,0.18,0.18
1601550000,0.18,0.18
1601550900,0.18,0.18
1601551800,0.18,0.18
1601552700,0.18,0.18
1601553600,0.18,0.18
1601554500,0.18,0.18
1601555400,0.18,0.18
1601556300,0.18,0.18
1601557200,0.18,0.18
1601558100,0.18,0.18
1601559000,0.18,0.18
1601559900,0.18,0.18
1601560800,0.18,0.18
1601561700,0.18,0.18
1601562600,0.18,0.18
1601563500,0.18,0.18
1601564400,0.18,0.18
1601565300,0.18,0.18
1601566200,0.18,0.18
1601567100,0.18,0.18
1601568000,0.18,0.18
1601568900,0.18,0.18
1601569800,0.18,0.18
1601570700,0.18,0.18
1601571600,0.18,0.18
1601572500,0.18,0.18
1601573400,0.18,0.18
1601574300,0.18,0.18
1601575200,0.18,0.18
1601576100,0.18,0.18
1601577000,0.18,0.18
1601577900,0.18,0.18
1601578800,0.18,0.18
1601579700,0.18,0.18
1601580600,0.18,0.18
1601581500,0.18,0.18
1601582400,0.18,0.18
1601583300,0.18,0.18
1601584200,0.18,0.18
1601585100,0.18,0.18
1601586000,0.18,0.18
1601586900,0.18,0.18
1601587800,0.18,0.18
1601588700,0.18,0.18
1601589600,0.18,0.18
1601590500,0.18,0.18
1601591400,0.18,0.18
1601592300,0.18,0.18
1601593200,0.18,0.18
1601594100,0.18,0.18
1601595000,0.18,0.18
1601595900,0.18,0.18
1601596800,0.18,0.18
1601597700,0.18,0.18
1601598600,0.18,0.18
1601599500,0.18,0.18
1601600400,0.18,0.18
1601601300,0.18,0.18
1601602200,0.18,0.18
1601603100,0.18,0.18
1601604000,0.18,0.18
1601604900,0.18,0.18
1601605800,0.18,0.18
1601606700,0.18,0.18
1601607600,0.18,0.18
1601608500,0.18,0.18
1601609400,0.18,0.18
1601610300,0.18,0.18
1601611200,0.18,0.18
1601612100,0.18,0.18
1601613000,0.18,0.18
1601613900,0.18,0.18
1601614800,0.18,0.18
1601615700,0.18,0.18
1601616600,0.18,0.18
1601617500,0.18,0.18
1601618400,0.18,0.18
1601619300,0.18,0.18
1601620200,0.18,0.18
1601621100,0.18,0.18
1601622000,0.18,0.18
1601622900,0.18,0.18
1601623800,0.18,0.18
1601624700,0.18,0.18
1601625600,0.18,0.18
1601626500,0.18,0.18
1601627400,0.18,0.18
1601628300,0.18,0.18
1601629200,0.18,0.18
1601630100,0.18,0.18
1601631000,0.18,0.18
1601631900,0.18,0.18
1601632800,0.18,0.18
1601633700,0.18,0.18
1601634600,0.18,0.18
1601635500,0.18,0.18
1601636400,0.18,0.18
1601637300,0.18,0.18
1601638200,0.18,0.18
1601639100,0.18,0.18
1601640000,0.18,0.18
1601640900,0.18,0.18
1601641800,0.18,0.18
1601642700,0.18,0.18
1601643600,0.18,0.18
1601644500,0.18,0.18
1601645400,0.18,0.18
1601646300,0.18,0.18
1601647200,0.18,0.18
1601648100,0.18,0.18
1601649000,0.18,0.18
1601649900,0.18,0.18
1601650800,0.18,0.18
1601651700,0.18,0.18
1601652600,0.18,0.18
1601653500,0.18,0.18
1601654400,0.18,0.18
1601655300,0.18,0.18
1601656200,0.18,0.18
1601657100,0.18,0.18
1601658000,0.18,0.18
1601658900,0.18,0.18
1601659800,0.18,0.18
1601660700,0.18,0.18
1601661600,0.18,0.18
1601662500,0.18,0.18
1601663400,0.18,0.18
1601664300,0.18,0.18
1601665200,0.18,0.18
1601666100,0.18,0.18
1601667000,0.18,0.18
1601667900,0.18,0.18
1601668800,0.18,0.18
1601669700,0.18,0.18
1601670600,0.18,0.18
1601671500,0.18,0.18
1601672400,0.18,0.18
1601673300,0.18,0.18
1601674200,0.18,0.18
1601675100,0.18,0.18
1601676000,0.18,0.18
1601676900,0.18,0.18
1601677800,0.18,0.18
1601678700,0.18,0.18
1601679600,0.18,0.18
1601680500,0.18,0.18
1601681400,0.18,0.18
1601682300,0.18,0.18
1601683200,0.18,0.18
1601684100,0.18,0.18
1601685000,0.18,0.18
1601685900,0.18,0.18
1601686800,0.18,0.18
1601687700,0.18,0.18
1601688600,0.18,0.18
1601689500,0.18,0.18
1601690400,0.18,0.18
1601691300,0.18,0.18
1601692200,0.18,0.18
1601693100,0.18,0.18
1601694000,0.18,0.18
1601694900,0.18,0.18
1601695800,0.18,0.18
1601696700,0.18,0.18
1601697600,0.18,0.18
1601698500,0.18,0.18
1601699400,0.18,0.18
1601700300,0.18,0.18
1601701200,0.18,0.18
1601702100,0.18,0.18
1601703000,0.18,0.18
1601703900,0.18,0.18
1601704800,0.18,0.18
1601705700,0.18,0.18
1601706600,0.18,0.18
1601707500,0.18,0.18
1601708400,0.18,0.18
1601709300,0.18,0.18
1601710200,0.18,0.18
1601711100,0.18,0.18
1601712000,0.18,0.18
1601712900,0.18,0.18
1601713800,0.18,0.18
1601714700,0.18,0.18
1601715600,0.18,0.18
1601716500,0.18,0.18
1601717400,0.18,0.18
1601718300,0.18,0.18
1601719200,0.18,0.18
1601720100,0.18,0.18
1601721000,0.18,0.18
1601721900,0.18,0.18
1601722800,0.18,0.18
1601723700,0.18,0.18
1601724600,0.18,0.18
1601725500,0.18,0.18
1601726400,0.18,0.18
1601727300,0.18,0.18
1601728200,0.18,0.18
1601729100,0.18,0.18
1601730000,0.18,0.18
1601730900,0.18,0.18
1601731800,0.18,0.18
1601732700,0.18,0.18
1601733600,0.18,0.18
1601734500,0.18,0.18
1601735400,0.18,0.18
1601736300,0.18,0.18
1601737200,0.18,0.18
1601738100,0.18,0.18
1601739000,0.18,0.18
1601739900,0.18,0.18
1601740800,0.18,0.18
1601741700,0.18,0.18
1601742600,0.18,0.18
1601743500,0.18,0.18
1601744400,0.18,0.18
1601745300,0.18,0.18
1601746200,0.18,0.18
1601747100,0.18,0.18
1601748000,0.18,0.18
1601748900,0.18,0.18
1601749800,0.18,0.18
1601750700,0.18,0.18
1601751600,0.18,0.18
1601752500,0.18,0.18
1601753400,0.18,0.18
1601754300,0.18,0.18
1601755200,0.18,0.18
1601756100,0.18,0.18
1601757000,0.18,0.18
1601757900,0.18,0.18
1601758800,0.18,0.18
1601759700,0.18,0.18
1601760600,0.18,0.18
1601761500,0.18,0.18
1601762400,0.18,0.18
1601763300,0.18,0.18
1601764200,0.18,0.18
1601765100,0.18,0.18
1601766000,0.18,0.18
1601766900,0.18,0.18
1601767800,0.18,0.18
1601768700,0.18,0.18
1601769600,0.18,0.18
1601770500,0.18,0.18
1601771400,0.18,0.18
1601772300,0.18,0.18
1601773200,0.18,0.18
1601774100,0.18,0.18
1601775000,0.18,0.18
1601775900,0.18,0.18
1601776800,0.18,0.18
1601777700,0.18,0.18
1601778600,0.18,0.18
1601779500,0.18,0.18
1601780400,0.18,0.18
1601781300,0.18,0.18
1601782200,0.18,0.18
1601783100,0.18,0.18
1601784000,0.18,0.18
1601784900,0.18,0.18
1601785800,0.18,0.18
1601786700,0.18,0.18
1601787600,0.18,0.18
1601788500,0.18,0.18
1601789400,0.18,0.18
1601790300,0.18,0.18
1601791200,0.18,0.18
1601792100,0.18,0.18
1601793000,0.18,0.18
1601793900,0.18,0.18
1601794800,0.18,0.18
1601795700,0.18,0.18
1601796600,0.18,0.18
1601797500,0.18,0.18
1601798400,0.18,0.18
1601799300,0.18,0.18
1601800200,0.18,0.18
1601801100,0.18,0.18
1601802000,0.18,0.18
1601802900,0.18,0.18
1601803800,0.18,0.18
1601804700,0.18,0.18
1601805600,0.18,0.18
1601806500,0.18,0.18
1601807400,0.18,0.18
1601808300,0.18,0.18
1601809200,0.18,0.18
1601810100,0.18,0.18
1601811000,0.18,0.18
1601811900,0.18,0.18
1601812800,0.18,0.18
1601813700,0.18,0.18
1601814600,0.18,0.18
1601815500,0.18,0.18
1601816400,0.18,0.18
1601817300,0.18,0.18
1601818200,0.18,0.18
1601819100,0.18,0.18
1601820000,0.18,0.18
1601820900,0.18,0.18
1601821800,0.18,0.18
1601822700,0.18,0.18
1601823600,0.18,0.18
1601824500,0.18,0.18
1601825400,0.18,0.18
1601826300,0.18,0.18
1601827200,0.18,0.18
1601828100,0.18,0.18
1601829000,0.18,0.18
1601829900,0.18,0.18
1601830800,0.18,0.18
1601831700,0.18,0.18
1601832600,0.18,0.18
1601833500,0.18,0.18
1601834400,0.18,0.18
1601835300,0.18,0.18
1601836200,0.18,0.18
1601837100,0.18,0.18
1601838000,0.18,0.18
1601838900,0.18,0.18
1601839800,0.18,0.18
1601840700,0.18,0.18
1601841600,0.18,0.18
1601842500,0.18,0.18
1601843400,0.18,0.18
1601844300,0.18,0.18
1601845200,0.18,0.18
1601846100,0.18,0.18
1601847000,0.18,0.18
1601847900,0.18,0.18
1601848800,0.18,0.18
1601849700,0.18,0.18
1601850600,0.18,0.18
1601851500,0.18,0.18
1601852400,0.18,0.18
1601853300,0.18,0.18
1601854200,0.18,0.18
1601855100,0.18,0.18
1601856000,0.18,0.18
1601856900,0.18,0.18
1601857800,0.18,0.18
1601858700,0.18,0.18
1601859600,0.18,0.18
1601860500,0.18,0.18
1601861400,0.18,0.18
1601862300,0.18,0.18
1601863200,0.18,0.18
1601864100,0.18,0.18
1601865000,0.18,0.18
1601865900,0.18,0.18
1601866800,0.18,0.18
1601867700,0.18,0.18
1601868600,0.18,0.18
1601869500,0.18,0.18
1601870400,0.18,0.18
1601871300,0.18,0.18
1601872200,0.18,0.18
1601873100,0.18,0.18
1601874000,0.18,0.18
1601874900,0.18,0.18
1601875800,0.18,0.18
1601876700,0.18,0.18
1601877600,0.18,0.18
1601878500,0.18,0.18
1601879400,0.18,0.18
1601880300,0.18,0.18
1601881200,0.18,0.18
1601882100,0.18,0.18
1601883000,0.18,0.18
1601883900,0.18,0.18
1601884800,0.18,0.18
1601885700,0.18,0.18
1601886600,0.18,0.18
1601887500,0.18,0.18
1601888400,0.18,0.18
1601889300,0.18,0.18
1601890200,0.18,0.18
1601891100,0.18,0.18
1601892000,0.18,0.18
1601892900,0.18,0.18
1601893800,0.18,0.18
1601894700,0.18,0.18
1601895600,0.18,0.18
1601896500,0.18,0.18
1601897400,0.18,0.18
1601898300,0.18,0.18
1601899200,0.18,0.18
1601900100,0.18,0.18
1601901000,0.18,0.18
1601901900,0.18,0.18
1601902800,0.18,0.18
1601903700,0.18,0.18
1601904600,0.18,0.18
1601905500,0.18,0.18
1601906400,0.18,0.18
1601907300,0.18,0.18
1601908200,0.18,0.18
1601909100,0.18,0.18
1601910000,0.18,0.18
1601910900,0.18,0.18
1601911800,0.18,0.18
1601912700,0.18,0.18
1601913600,0.18,0.18
1601914500,0.18,0.18
1601915400,0.18,0.18
1601916300,0.18,0.18
1601917200,0.18,0.18
1601918100,0.18,0.18
1601919000,0.18,0.18
1601919900,0.18,0.18
1601920800,0.18,0.18
1601921700,0.18,0.18
1601922600,0.18,0.18
1601923500,0.18,0.18
1601924400,0.18,0.18
1601925300,0.18,0.18
1601926200,0.18,0.18
1601927100,0.18,0.18
1601928000,0.18,0.18
1601928900,0.18,0.18
1601929800,0.18,0.18
1601930700,0.18,0.18
1601931600,0.18,0.18
1601932500,0.18,0.18
1601933400,0.18,0.18
1601934300,0.18,0.18
1601935200,0.18,0.18
1601936100,0.18,0.18
1601937000,0.18,0.18
1601937900,0.18,0.18
1601938800,0.18,0.18
1601939700,0.18,0.18
1601940600,0.18,0.18
1601941500,0.18,0.18
1601942400,0.18,0.18
1601943300,0.18,0.18
1601944200,0.18,0.18
1601945100,0.18,0.18
1601946000,0.18,0.18
1601946900,0.18,0.18
1601947800,0.18,0.18
1601948700,0.18,0.18
1601949600,0.18,0.18
1601950500,0.18,0.18
1601951400,0.18,0.18
1601952300,0.18,0.18
1601953200,0.18,0.18
1601954100,0.18,0.18
1601955000,0.18,0.18
1601955900,0.18,0.18
1601956800,0.18,0.18
1601957700,0.18,0.18
1601958600,0.18,0.18
1601959500,0.18,0.18
1601960400,0.18,0.18
1601961300,0.18,0.18
1601962200,0.18,0.18
1601963100,0.18,0.18
1601964000,0.18,0.18
1601964900,0.18,0.18
1601965800,0.18,0.18
1601966700,0.18,0.18
1601967600,0.18,0.18
1601968500,0.18,0.18
1601969400,0.18,0.18
1601970300,0.18,0.18
1601971200,0.18,0.18
1601972100,0.18,0.18
1601973000,0.18,0.18
1601973900,0.18,0.18
1601974800,0.18,0.18
1601975700,0.18,0.18
1601976600,0.18,0.18
1601977500,0.18,0.18
1601978400,0.18,0.18
1601979300,0.18,0.18
1601980200,0.18,0.18
1601981100,0.18,0.18
1601982000,0.18,0.18
1601982900,0.18,0.18
1601983800,0.18,0.18
1601984700,0.18,0.18
1601985600,0.18,0.18
1601986500,0.18,0.18
1601987400,0.18,0.18
1601988300,0.18,0.18
1601989200,0.18,0.18
1601990100,0.18,0.18
1601991000,0.18,0.18
1601991900,0.18,0.18
1601992800,0.18,0.18
1601993700,0.18,0.18
1601994600,0.18,0.18
1601995500,0.18,0.18
1601996400,0.18,0.18
1601997300,0.18,0.18
1601998200,0.18,0.18
1601999100,0.18,0.18
1602000000,0.18,0.18
1602000900,0.18,0.18
1602001800,0.18,0.18
1602002700,0.18,0.18
1602003600,0.18,0.18
1602004500,0.18,0.18
1602005400,0.18,0.18
1602006300,0.18,0.18
1602007200,0.18,0.18
1602008100,0.18,0.18
1602009000,0.18,0.18
1602009900,0.18,0.18
1602010800,0.18,0.18
1602011700,0.18,0.18
1602012600,0.18,0.18
1602013500,0.18,0.18
1602014400,0.18,0.18
1602015300,0.18,0.18
1602016200,0.18,0.18
1602017100,0.18,0.18
1602018000,0.18,0.18
1602018900,0.18,0.18
1602019800,0.18,0.18
1602020700,0.18,0.18
1602021600,0.18,0.18
1602022500,0.18,0.18
1602023400,0.18,0.18
1602024300,0.18,0.18
1602025200,0.18,0.18
1602026100,0.18,0.18
1602027000,0.18,0.18
1602027900,0.18,0.18
1602028800,0.18,0.18
1602029700,0.18,0.18
1602030600,0.18,0.18
1602031500,0.18,0.18
1602032400,0.18,0.18
1602033300,0.18,0.18
1602034200,0.18,0.18
1602035100,0.18,0.18
1602036000,0.18,0.18
1602036900,0.18,0.18
1602037800,0.18,0.18
1602038700,0.18,0.18
1602039600,0.18,0.18
1602040500,0.18,0.18
1602041400,0.18,0.18
1602042300,0.18,0.18
1602043200,0.18,0.18
1602044100,0.18,0.18
1602045000,0.18,0.18
1602045900,0.18,0.18
1602046800,0.18,0.18
1602047700,0.18,0.18
1602048600,0.18,0.18
1602049500,0.18,0.18
1602050400,0.18,0.18
1602051300,0.18,0.18
1602052200,0.18,0.18
1602053100,0.18,0.18
1602054000,0.18,0.18
1602054900,0.18,0.18
1602055800,0.18,0.18
1602056700,0.18,0.18
1602057600,0.18,0.18
1602058500,0.18,0.18
1602059400,0.18,0.18
1602060300,0.18,0.18
1602061200,0.18,0.18
1602062100,0.18,0.18
1602063000,0.18,0.18
1602063900,0.18,0.18
1602064800,0.18,0.18
1602065700,0.18,0.18
1602066600,0.18,0.18
1602067500,0.18,0.18
1602068400,0.18,0.18
1602069300,0.18,0.18
1602070200,0.18,0.18
1602071100,0.18,0.18
1602072000,0.18,0.18
1602072900,0.18,0.18
1602073800,0.18,0.18
1602074700,0.18,0.18
1602075600,0.18,0.18
1602076500,0.18,0.18
1602077400,0.18,0.18
1602078300,0.18,0.18
1602079200,0.18,0.18
1602080100,0.18,0.18
1602081000,0.18,0.18
1602081900,0.18,0.18
1602082800,0.18,0.18
1602083700,0.18,0.18
1602084600,0.18,0.18
1602085500,0.18,0.18
1602086400,0.18,0.18
1602087300,0.18,0.18
1602088200,0.18,0.18
1602089100,0.18,0.18
1602090000,0.18,0.18
1602090900,0.18,0.18
1602091800,0.18,0.18
1602092700,0.18,0.18
1602093600,0.18,0.18
1602094500,0.18,0.18
1602095400,0.18,0.18
1602096300,0.18,0.18
1602097200,0.18,0.18
1602098100,0.18,0.18
1602099000,0.18,0.18
1602099900,0.18,0.18
1602100800,0.18,0.18
1602101700,0.18,0.18
1602102600,0.18,0.18
1602103500,0.18,0.18
1602104400,0.18,0.18
1602105300,0.18,0.18
1602106200,0.18,0.18
1602107100,0.18,0.18
1602108000,0.18,0.18
1602108900,0.18,0.18
1602109800,0.18,0.18
1602110700,0.18,0.18
1602111600,0.18,0.18
1602112500,0.18,0.18
1602113400,0.18,0.18
1602114300,0.18,0.18
1602115200,0.18,0.18
1602116100,0.18,0.18
1602117000,0.18,0.18
1602117900,0.18,0.18
1602118800,0.18,0.18
1602119700,0.18,0.18
1602120600,0.18,0.18
1602121500,0.18,0.18
1602122400,0.18,0.18
1602123300,0.18,0.18
1602124200,0.18,0.18
1602125100,0.18,0.18
1602126000,0.18,0.18
1602126900,0.18,0.18
1602127800,0.18,0.18
1602128700,0.18,0.18
1602129600,0.18,0.18
1602130500,0.18,0.18
1602131400,0.18,0.18
1602132300,0.18,0.18
1602133200,0.18,0.18
1602134100,0.18,0.18
1602135000,0.18,0.18
1602135900,0.18,0.18
1602136800,0.18,0.18
1602137700,0.18,0.18
1602138600,0.18,0.18
1602139500,0.18,0.18
1602140400,0.18,0.18
1602141300,0.18,0.18
1602142200,0.18,0.18
1602143100,0.18,0.18
1602144000,0.18,0.18
1602144900,0.18,0.18
1602145800,0.18,0.18
1602146700,0.18,0.18
1602147600,0.18,0.18
1602148500,0.18,0.18
1602149400,0.18,0.18
1602150300,0.18,0.18
1602151200,0.18,0.18
1602152100,0.18,0.18
1602153000,0.18,0.18
1602153900,0.18,0.18
1602154800,0.18,0.18
1602155700,0.18,0.18
1602156600,0.18,0.18
1602157500,0.18,0.18
1602158400,0.18,0.18
1602159300,0.18,0.18
1602160200,0.18,0.18
1602161100,0.18,0.18
1602162000,0.18,0.18
1602162900,0.18,0.18
1602163800,0.18,0.18
1602164700,0.18,0.18
1602165600,0.18,0.18
1602166500,0.18,0.18
1602167400,0.18,0.18
1602168300,0.18,0.18
1602169200,0.18,0.18
1602170100,0.18,0.18
1602171000,0.18,0.18
1602171900,0.18,0.18
1602172800,0.18,0.18
1602173700,0.18,0.18
1602174600,0.18,0.18
1602175500,0.18,0.18
1602176400,0.18,0.18
1602177300,0.18,0.18
1602178200,0.18,0.18
1602179100,0.18,0.18
1602180000,0.18,0.18
1602180900,0.18,0.18
1602181800,0.18,0.18
1602182700,0.18,0.18
1602183600,0.18,0.18
1602184500,0.18,0.18
1602185400,0.18,0.18
1602186300,0.18,0.18
1602187200,0.18,0.18
1602188100,0.18,0.18
1602189000,0.18,0.18
1602189900,0.18,0.18
1602190800,0.18,0.18
1602191700,0.18,0.18
1602192600,0.18,0.18
1602193500,0.18,0.18
1602194400,0.18,0.18
1602195300,0.18,0.18
1602196200,0.18,0.18
1602197100,0.18,0.18
1602198000,0.18,0.18
1602198900,0.18,0.18
1602199800,0.18,0.18
1602200700,0.18,0.18
1602201600,0.18,0.18
1602202500,0.18,0.18
1602203400,0.18,0.18
1602204300,0.18,0.18
1602205200,0.18,0.18
1602206100,0.18,0.18
1602207000,0.18,0.18
1602207900,0.18,0.18
1602208800,0.18,0.18
1602209700,0.18,0.18
1602210600,0.18,0.18
1602211500,0.18,0.18
1602212400,0.18,0.18
1602213300,0.18,0.18
1602214200,0.18,0.18
1602215100,0.18,0.18
1602216000,0.18,0.18
1602216900,0.18,0.18
1602217800,0.18,0.18
1602218700,0.18,0.18
1602219600,0.18,0.18
1602220500,0.18,0.18
1602221400,0.18,0.18
1602222300,0.18,0.18
1602223200,0.18,0.18
1602224100,0.18,0.18
1602225000,0.18,0.18
1602225900,0.18,0.18
1602226800,0.18,0.18
1602227700,0.18,0.18
1602228600,0.18,0.18
1602229500,0.18,0.18
1602230400,0.18,0.18
1602231300,0.18,0.18
1602232200,0.18,0.18
1602233100,0.18,0.18
1602234000,0.18,0.18
1602234900,0.18,0.18
1602235800,0.18,0.18
1602236700,0.18,0.18
1602237600,0.18,0.18
1602238500,0.18,0.18
1602239400,0.18,0.18
1602240300,0.18,0.18
1602241200,0.18,0.18
1602242100,0.18,0.18
1602243000,0.18,0.18
1602243900,0.18,0.18
1602244800,0.18,0.18
1602245700,0.18,0.18
1602246600,0.18,0.18
1602247500,0.18,0.18
1602248400,0.18,0.18
1602249300,0.18,0.18
1602250200,0.18,0.18
1602251100,0.18,0.18
1602252000,0.18,0.18
1602252900,0.18,0.18
1602253800,0.18,0.18
1602254700,0.18,0.18
1602255600,0.18,0.18
1602256500,0.18,0.18
1602257400,0.18,0.18
1602258300,0.18,0.18
1602259200,0.18,0.18
1602260100,0.18,0.18
1602261000,0.18,0.18
1602261900,0.18,0.18
1602262800,0.18,0.18
1602263700,0.18,0.18
1602264600,0.18,0.18
1602265500,0.18,0.18
1602266400,0.18,0.18
1602267300,0.18,0.18
1602268200,0.18,0.18
1602269100,0.18,0.18
1602270000,0.18,0.18
1602270900,0.18,0.18
1602271800,0.18,0.18
1602272700,0.18,0.18
1602273600,0.18,0.18
1602274500,0.18,0.18
1602275400,0.18,0.18
1602276300,0.18,0.18
1602277200,0.18,0.18
1602278100,0.18,0.18
1602279000,0.18,0.18
1602279900,0.18,0.18
1602280800,0.18,0.18
1602281700,0.18,0.18
1602282600,0.18,0.18
1602283500,0.18,0.18
1602284400,0.18,0.18
1602285300,0.18,0.18
1602286200,0.18,0.18
1602287100,0.18,0.18
1602288000,0.18,0.18
1602288900,0.18,0.18
1602289800,0.18,0.18
1602290700,0.18,0.18
1602291600,0.18,0.18
1602292500,0.18,0.18
1602293400,0.18,0.18
1602294300,0.18,0.18
1602295200,0.18,0.18
1602296100,0.18,0.18
1602297000,0.18,0.18
1602297900,0.18,0.18
1602298800,0.18,0.18
1602299700,0.18,0.18
1602300600,0.18,0.18
1602301500,0.18,0.18
1602302400,0.18,0.18
1602303300,0.18,0.18
1602304200,0.18,0.18
1602305100,0.18,0.18
1602306000,0.18,0.18
1602306900,0.18,0.18
1602307800,0.18,0.18
1602308700,0.18,0.18
1602309600,0.18,0.18
1602310500,0.18,0.18
1602311400,0.18,0.18
1602312300,0.18,0.18
1602313200,0.18,0.18
1602314100,0.18,0.18
1602315000,0.18,0.18
1602315900,0.18,0.18
1602316800,0.18,0.18
1602317700,0.18,0.18
1602318600,0.18,0.18
1602319500,0.18,0.18
1602320400,0.18,0.18
1602321300,0.18,0.18
1602322200,0.18,0.18
1602323100,0.18,0.18
1602324000,0.18,0.18
1602324900,0.18,0.18
1602325800,0.18,0.18
1602326700,0.18,0.18
1602327600,0.18,0.18
1602328500,0.18,0.18
1602329400,0.18,0.18
1602330300,0.18,0.18
1602331200,0.18,0.18
1602332100,0.18,0.18
1602333000,0.18,0.18
1602333900,0.18,0.18
1602334800,0.18,0.18
1602335700,0.18,0.18
1602336600,0.18,0.18
1602337500,0.18,0.18
1602338400,0.18,0.18
1602339300,0.18,0.18
1602340200,0.18,0.18
1602341100,0.18,0.18
1602342000,0.18,0.18
1602342900,0.18,0.18
1602343800,0.18,0.18
1602344700,0.18,0.18
1602345600,0.18,0.18
1602346500,0.18,0.18
1602347400,0.18,0.18
1602348300,0.18,0.18
1602349200,0.18,0.18
1602350100,0.18,0.18
1602351000,0.18,0.18
1602351900,0.18,0.18
1602352800,0.18,0.18
1602353700,0.18,0.18
1602354600,0.18,0.18
1602355500,0.18,0.18
1602356400,0.18,0.18
1602357300,0.18,0.18
1602358200,0.18,0.18
1602359100,0.18,0.18
1602360000,0.18,0.18
1602360900,0.18,0.18
1602361800,0.18,0.18
1602362700,0.18,0.18
1602363600,0.18,0.18
1602364500,0.18,0.18
1602365400,0.18,0.18
1602366300,0.18,0.18
1602367200,0.18,0.18
1602368100,0.18,0.18
1602369000,0.18,0.18
1602369900,0.18,0.18
1602370800,0.18,0.18
1602371700,0.18,0.18
1602372600,0.18,0.18
1602373500,0.18,0.18
1602374400,0.18,0.18
1602375300,0.18,0.18
1602376200,0.18,0.18
1602377100,0.18,0.18
1602378000,0.18,0.18
1602378900,0.18,0.18
1602379800,0.18,0.18
1602380700,0.18,0.18
1602381600,0.18,0.18
1602382500,0.18,0.18
1602383400,0.18,0.18
1602384300,0.18,0.18
1602385200,0.18,0.18
1602386100,0.18,0.18
1602387000,0.18,0.18
1602387900,0.18,0.18
1602388800,0.18,0.18
1602389700,0.18,0.18
1602390600,0.18,0.18
1602391500,0.18,0.18
1602392400,0.18,0.18
1602393300,0.18,0.18
1602394200,0.18,0.18
1602395100,0.18,0.18
1602396000,0.18,0.18
1602396900,0.18,0.18
1602397800,0.18,0.18
1602398700,0.18,0.18
1602399600,0.18,0.18
1602400500,0.18,0.18
1602401400,0.18,0.18
1602402300,0.18,0.18
1602403200,0.18,0.18
1602404100,0.18,0.18
1602405000,0.18,0.18
1602405900,0.18,0.18
1602406800,0.18,0.18
1602407700,0.18,0.18
1602408600,0.18,0.18
1602409500,0.18,0.18
1602410400,0.18,0.18
1602411300,0.18,0.18
1602412200,0.18,0.18
1602413100,0.18,0.18
1602414000,0.18,0.18
1602414900,0.18,0.18
1602415800,0.18,0.18
1602416700,0.18,0.18
1602417600,0.18,0.18
1602418500,0.18,0.18
1602419400,0.18,0.18
1602420300,0.18,0.18
1602421200,0.18,0.18
1602422100,0.18,0.18
1602423000,0.18,0.18
1602423900,0.18,0.18
1602424800,0.18,0.18
1602425700,0.18,0.18
1602426600,0.18,0.18
1602427500,0.18,0.18
1602428400,0.18,0.18
1602429300,0.18,0.18
1602430200,0.18,0.18
1602431100,0.18,0.18
1602432000,0.18,0.18
1602432900,0.18,0.18
1602433800,0.18,0.18
1602434700,0.18,0.18
1602435600,0.18,0.18
1602436500,0.18,0.18
1602437400,0.18,0.18
1602438300,0.18,0.18
1602439200,0.18,0.18
1602440100,0.18,0.18
1602441000,0.18,0.18
1602441900,0.18,0.18
1602442800,0.18,0.18
1602443700,0.18,0.18
1602444600,0.18,0.18
1602445500,0.18,0.18
1602446400,0.18,0.18
1602447300,0.18,0.18
1602448200,0.18,0.18
1602449100,0.18,0.18
1602450000,0.18,0.18
1602450900,0.18,0.18
1602451800,0.18,0.18
1602452700,0.18,0.18
1602453600,0.18,0.18
1602454500,0.18,0.18
1602455400,0.18,0.18
1602456300,0.18,0.18
1602457200,0.18,0.18
1602458100,0.18,0.18
1602459000,0.18,0.18
1602459900,0.18,0.18
1602460800,0.18,0.18
1602461700,0.18,0.18
1602462600,0.18,0.18
1602463500,0.18,0.18
1602464400,0.18,0.18
1602465300,0.18,0.18
1602466200,0.18,0.18
1602467100,0.18,0.18
1602468000,0.18,0.18
1602468900,0.18,0.18
1602469800,0.18,0.18
1602470700,0.18,0.18
1602471600,0.18,0.18
1602472500,0.18,0.18
1602473400,0.18,0.18
1602474300,0.18,0.18
1602475200,0.18,0.18
1602476100,0.18,0.18
1602477000,0.18,0.18
1602477900,0.18,0.18
1602478800,0.18,0.18
1602479700,0.18,0.18
1602480600,0.18,0.18
1602481500,0.18,0.18
1602482400,0.18,0.18
1602483300,0.18,0.18
1602484200,0.18,0.18
1602485100,0.18,0.18
1602486000,0.18,0.18
1602486900,0.18,0.18
1602487800,0.18,0.18
1602488700,0.18,0.18
1602489600,0.18,0.18
1602490500,0.18,0.18
1602491400,0.18,0.18
1602492300,0.18,0.18
1602493200,0.18,0.18
1602494100,0.18,0.18
1602495000,0.18,0.18
1602495900,0.18,0.18
1602496800,0.18,0.18
1602497700,0.18,0.18
1602498600,0.18,0.18
1602499500,0.18,0.18
1602500400,0.18,0.18
1602501300,0.18,0.18
1602502200,0.18,0.18
1602503100,0.18,0.18
1602504000,0.18,0.18
1602504900,0.18,0.18
1602505800,0.18,0.18
1602506700,0.18,0.18
1602507600,0.18,0.18
1602508500,0.18,0.18
1602509400,0.18,0.18
1602510300,0.18,0.18
1602511200,0.18,0.18
1602512100,0.18,0.18
1602513000,0.18,0.18
1602513900,0.18,0.18
1602514800,0.18,0.18
1602515700,0.18,0.18
1602516600,0.18,0.18
1602517500,0.18,0.18
1602518400,0.18,0.18
1602519300,0.18,0.18
1602520200,0.18,0.18
1602521100,0.18,0.18
1602522000,0.18,0.18
1602522900,0.18,0.18
1602523800,0.18,0.18
1602524700,0.18,0.18
1602525600,0.18,0.18
1602526500,0.18,0.18
1602527400,0.18,0.18
1602528300,0.18,0.18
1602529200,0.18,0.18
1602530100,0.18,0.18
1602531000,0.18,0.18
1602531900,0.18,0.18
1602532800,0.18,0.18
1602533700,0.18,0.18
1602534600,0.18,0.18
1602535500,0.18,0.18
1602536400,0.18,0.18
1602537300,0.18,0.18
1602538200,0.18,0.18
1602539100,0.18,0.18
1602540000,0.18,0.18
1602540900,0.18,0.18
1602541800,0.18,0.18
1602542700,0.18,0.18
1602543600,0.18,0.18
1602544500,0.18,0.18
1602545400,0.18,0.18
1602546300,0.18,0.18
1602547200,0.18,0.18
1602548100,0.18,0.18
1602549000,0.18,0.18
1602549900,0.18,0.18
1602550800,0.18,0.18
1602551700,0.18,0.18
1602552600,0.18,0.18
1602553500,0.18,0.18
1602554400,0.18,0.18
1602555300,0.18,0.18
1602556200,0.18,0.18
1602557100,0.18,0.18
1602558000,0.18,0.18
1602558900,0.18,0.18
1602559800,0.18,0.18
1602560700,0.18,0.18
1602561600,0.18,0.18
1602562500,0.18,0.18
1602563400,0.18,0.18
1602564300,0.18,0.18
1602565200,0.18,0.18
1602566100,0.18,0.18
1602567000,0.18,0.18
1602567900,0.18,0.18
1602568800,0.18,0.18
1602569700,0.18,0.18
1602570600,0.18,0.18
1602571500,0.18,0.18
1602572400,0.18,0.18
1602573300,0.18,0.18
1602574200,0.18,0.18
1602575100,0.18,0.18
1602576000,0.18,0.18
1602576900,0.18,0.18
1602577800,0.18,0.18
1602578700,0.18,0.18
1602579600,0.18,0.18
1602580500,0.18,0.18
1602581400,0.18,0.18
1602582300,0.18,0.18
1602583200,0.18,0.18
1602584100,0.18,0.18
1602585000,0.18,0.18
1602585900,0.18,0.18
1602586800,0.18,0.18
1602587700,0.18,0.18
1602588600,0.18,0.18
1602589500,0.18,0.18
1602590400,0.18,0.18
1602591300,0.18,0.18
1602592200,0.18,0.18
1602593100,0.18,0.18
1602594000,0.18,0.18
1602594900,0.18,0.18
1602595800,0.18,0.18
1602596700,0.18,0.18
1602597600,0.18,0.18
1602598500,0.18,0.18
1602599400,0.18,0.18
1602600300,0.18,0.18
1602601200,0.18,0.18
1602602100,0.18,0.18
1602603000,0.18,0.18
1602603900,0.18,0.18
1602604800,0.18,0.18
1602605700,0.18,0.18
1602606600,0.18,0.18
1602607500,0.18,0.18
1602608400,0.18,0.18
1602609300,0.18,0.18
1602610200,0.18,0.18
1602611100,0.18,0.18
1602612000,0.18,0.18
1602612900,0.18,0.18
1602613800,0.18,0.18
1602614700,0.18,0.18
1602615600,0.18,0.18
1602616500,0.18,0.18
1602617400,0.18,0.18
1602618300,0.18,0.18
1602619200,0.18,0.18
1602620100,0.18,0.18
1602621000,0.18,0.18
1602621900,0.18,0.18
1602622800,0.18,0.18
1602623700,0.18,0.18
1602624600,0.18,0.18
1602625500,0.18,0.18
1602626400,0.18,0.18
1602627300,0.18,0.18
1602628200,0.18,0.18
1602629100,0.18,0.18
1602630000,0.18,0.18
1602630900,0.18,0.18
1602631800,0.18,0.18
1602632700,0.18,0.18
1602633600,0.18,0.18
1602634500,0.18,0.18
1602635400,0.18,0.18
1602636300,0.18,0.18
1602637200,0.18,0.18
1602638100,0.18,0.18
1602639000,0.18,0.18
1602639900,0.18,0.18
1602640800,0.18,0.18
1602641700,0.18,0.18
1602642600,0.18,0.18
1602643500,0.18,0.18
1602644400,0.18,0.18
1602645300,0.18,0.18
1602646200,0.18,0.18
1602647100,0.18,0.18
1602648000,0.18,0.18
1602648900,0.18,0.18
1602649800,0.18,0.18
1602650700,0.18,0.18
1602651600,0.18,0.18
1602652500,0.18,0.18
1602653400,0.18,0.18
1602654300,0.18,0.18
1602655200,0.18,0.18
1602656100,0.18,0.18
1602657000,0.18,0.18
1602657900,0.18,0.18
1602658800,0.18,0.18
1602659700,0.18,0.18
1602660600,0.18,0.18
1602661500,0.18,0.18
1602662400,0.18,0.18
1602663300,0.18,0.18
1602664200,0.18,0.18
1602665100,0.18,0.18
1602666000,0.18,0.18
1602666900,0.18,0.18
1602667800,0.18,0.18
1602668700,0.18,0.18
1602669600,0.18,0.18
1602670500,0.18,0.18
1602671400,0.18,0.18
1602672300,0.18,0.18
1602673200,0.18,0.18
1602674100,0.18,0.18
1602675000,0.18,0.18
1602675900,0.18,0.18
1602676800,0.18,0.18
1602677700,0.18,0.18
1602678600,0.18,0.18
1602679500,0.18,0.18
1602680400,0.18,0.18
1602681300,0.18,0.18
1602682200,0.18,0.18
1602683100,0.18,0.18
1602684000,0.18,0.18
1602684900,0.18,0.18
1602685800,0.18,0.18
1602686700,0.18,0.18
1602687600,0.18,0.18
1602688500,0.18,0.18
1602689400,0.18,0.18
1602690300,0.18,0.18
1602691200,0.18,0.18
1602692100,0.18,0.18
1602693000,0.18,0.18
1602693900,0.18,0.18
1602694800,0.18,0.18
1602695700,0.18,0.18
1602696600,0.18,0.18
1602697500,0.18,0.18
1602698400,0.18,0.18
1602699300,0.18,0.18
1602700200,0.18,0.18
1602701100,0.18,0.18
1602702000,0.18,0.18
1602702900,0.18,0.18
1602703800,0.18,0.18
1602704700,0.18,0.18
1602705600,0.18,0.18
1602706500,0.18,0.18
1602707400,0.18,0.18
1602708300,0.18,0.18
1602709200,0.18,0.18
1602710100,0.18,0.18
1602711000,0.18,0.18
1602711900,0.18,0.18
1602712800,0.18,0.18
1602713700,0.18,0.18
1602714600,0.18,0.18
1602715500,0.18,0.18
1602716400,0.18,0.18
1602717300,0.18,0.18
1602718200,0.18,0.18
1602719100,0.18,0.18
1602720000,0.18,0.18
1602720900,0.18,0.18
1602721800,0.18,0.18
1602722700,0.18,0.18
1602723600,0.18,0.18
1602724500,0.18,0.18
1602725400,0.18,0.18
1602726300,0.18,0.18
1602727200,0.18,0.18
1602728100,0.18,0.18
1602729000,0.18,0.18
1602729900,0.18,0.18
1602730800,0.18,0.18
1602731700,0.18,0.18
1602732600,0.18,0.18
1602733500,0.18,0.18
1602734400,0.18,0.18
1602735300,0.18,0.18
1602736200,0.18,0.18
1602737100,0.18,0.18
1602738000,0.18,0.18
1602738900,0.18,0.18
1602739800,0.18,0.18
1602740700,0.18,0.18
1602741600,0.18,0.18
1602742500,0.18,0.18
1602743400,0.18,0.18
1602744300,0.18,0.18
1602745200,0.18,0.18
1602746100,0.18,0.18
1602747000,0.18,0.18
1602747900,0.18,0.18
1602748800,0.18,0.18
1602749700,0.18,0.18
1602750600,0.18,0.18
1602751500,0.18,0.18
1602752400,0.18,0.18
1602753300,0.18,0.18
1602754200,0.18,0.18
1602755100,0.18,0.18
1602756000,0.18,0.18
1602756900,0.18,0.18
1602757800,0.18,0.18
1602758700,0.18,0.18
1602759600,0.18,0.18
1602760500,0.18,0.18
1602761400,0.18,0.18
1602762300,0.18,0.18
1602763200,0.18,0.18
1602764100,0.18,0.18
1602765000,0.18,0.18
1602765900,0.18,0.18
1602766800,0.18,0.18
1602767700,0.18,0.18
1602768600,0.18,0.18
1602769500,0.18,0.18
1602770400,0.18,0.18
1602771300,0.18,0.18
1602772200,0.18,0.18
1602773100,0.18,0.18
1602774000,0.18,0.18
1602774900,0.18,0.18
1602775800,0.18,0.18
1602776700,0.18,0.18
1602777600,0.18,0.18
1602778500,0.18,0.18
1602779400,0.18,0.18
1602780300,0.18,0.18
1602781200,0.18,0.18
1602782100,0.18,0.18
1602783000,0.18,0.18
1602783900,0.18,0.18
1602784800,0.18,0.18
1602785700,0.18,0.18
1602786600,0.18,0.18
1602787500,0.18,0.18
1602788400,0.18,0.18
1602789300,0.18,0.18
1602790200,0.18,0.18
1602791100,0.18,0.18
1602792000,0.18,0.18
1602792900,0.18,0.18
1602793800,0.18,0.18
1602794700,0.18,0.18
1602795600,0.18,0.18
1602796500,0.18,0.18
1602797400,0.18,0.18
1602798300,0.18,0.18
1602799200,0.18,0.18
1602800100,0.18,0.18
1602801000,0.18,0.18
1602801900,0.18,0.18
1602802800,0.18,0.18
1602803700,0.18,0.18
1602804600,0.18,0.18
1602805500,0.18,0.18
1602806400,0.18,0.18
1602807300,0.18,0.18
1602808200,0.18,0.18
1602809100,0.18,0.18
1602810000,0.18,0.18
1602810900,0.18,0.18
1602811800,0.18,0.18
1602812700,0.18,0.18
1602813600,0.18,0.18
1602814500,0.18,0.18
1602815400,0.18,0.18
1602816300,0.18,0.18
1602817200,0.18,0.18
1602818100,0.18,0.18
1602819000,0.18,0.18
1602819900,0.18,0.18
1602820800,0.18,0.18
1602821700,0.18,0.18
1602822600,0.18,0.18
1602823500,0.18,0.18
1602824400,0.18,0.18
1602825300,0.18,0.18
1602826200,0.18,0.18
1602827100,0.18,0.18
1602828000,0.18,0.18
1602828900,0.18,0.18
1602829800,0.18,0.18
1602830700,0.18,0.18
1602831600,0.18,0.18
1602832500,0.18,0.18
1602833400,0.18,0.18
1602834300,0.18,0.18
1602835200,0.18,0.18
1602836100,0.18,0.18
1602837000,0.18,0.18
1602837900,0.18,0.18
1602838800,0.18,0.18
1602839700,0.18,0.18
1602840600,0.18,0.18
1602841500,0.18,0.18
1602842400,0.18,0.18
1602843300,0.18,0.18
1602844200,0.18,0.18
1602845100,0.18,0.18
1602846000,0.18,0.18
1602846900,0.18,0.18
1602847800,0.18,0.18
1602848700,0.18,0.18
1602849600,0.18,0.18
1602850500,0.18,0.18
1602851400,0.18,0.18
1602852300,0.18,0.18
1602853200,0.18,0.18
1602854100,0.18,0.18
1602855000,0.18,0.18
1602855900,0.18,0.18
1602856800,0.18,0.18
1602857700,0.18,0.18
1602858600,0.18,0.18
1602859500,0.18,0.18
1602860400,0.18,0.18
1602861300,0.18,0.18
1602862200,0.18,0.18
1602863100,0.18,0.18
1602864000,0.18,0.18
1602864900,0.18,0.18
1602865800,0.18,0.18
1602866700,0.18,0.18
1602867600,0.18,0.18
1602868500,0.18,0.18
1602869400,0.18,0.18
1602870300,0.18,0.18
1602871200,0.18,0.18
1602872100,0.18,0.18
1602873000,0.18,0.18
1602873900,0.18,0.18
1602874800,0.18,0.18
1602875700,0.18,0.18
1602876600,0.18,0.18
1602877500,0.18,0.18
1602878400,0.18,0.18
1602879300,0.18,0.18
1602880200,0.18,0.18
1602881100,0.18,0.18
1602882000,0.18,0.18
1602882900,0.18,0.18
1602883800,0.18,0.18
1602884700,0.18,0.18
1602885600,0.18,0.18
1602886500,0.18,0.18
1602887400,0.18,0.18
1602888300,0.18,0.18
1602889200,0.18,0.18
1602890100,0.18,0.18
1602891000,0.18,0.18
1602891900,0.18,0.18
1602892800,0.18,0.18
1602893700,0.18,0.18
1602894600,0.18,0.18
1602895500,0.18,0.18
1602896400,0.18,0.18
1602897300,0.18,0.18
1602898200,0.18,0.18
1602899100,0.18,0.18
1602900000,0.18,0.18
1602900900,0.18,0.18
1602901800,0.18,0.18
1602902700,0.18,0.18
1602903600,0.18,0.18
1602904500,0.18,0.18
1602905400,0.18,0.18
1602906300,0.18,0.18
1602907200,0.18,0.18
1602908100,0.18,0.18
1602909000,0.18,0.18
1602909900,0.18,0.18
1602910800,0.18,0.18
1602911700,0.18,0.18
1602912600,0.18,0.18
1602913500,0.18,0.18
1602914400,0.18,0.18
1602915300,0.18,0.18
1602916200,0.18,0.18
1602917100,0.18,0.18
1602918000,0.18,0.18
1602918900,0.18,0.18
1602919800,0.18,0.18
1602920700,0.18,0.18
1602921600,0.18,0.18
1602922500,0.18,0.18
1602923400,0.18,0.18
1602924300,0.18,0.18
1602925200,0.18,0.18
1602926100,0.18,0.18
1602927000,0.18,0.18
1602927900,0.18,0.18
1602928800,0.18,0.18
1602929700,0.18,0.18
1602930600,0.18,0.18
1602931500,0.18,0.18
1602932400,0.18,0.18
1602933300,0.18,0.18
1602934200,0.18,0.18
1602935100,0.18,0.18
1602936000,0.18,0.18
1602936900,0.18,0.18
1602937800,0.18,0.18
1602938700,0.18,0.18
1602939600,0.18,0.18
1602940500,0.18,0.18
1602941400,0.18,0.18
1602942300,0.18,0.18
1602943200,0.18,0.18
1602944100,0.18,0.18
1602945000,0.18,0.18
1602945900,0.18,0.18
1602946800,0.18,0.18
1602947700,0.18,0.18
1602948600,0.18,0.18
1602949500,0.18,0.18
1602950400,0.18,0.18
1602951300,0.18,0.18
1602952200,0.18,0.18
1602953100,0.18,0.18
1602954000,0.18,0.18
1602954900,0.18,0.18
1602955800,0.18,0.18
1602956700,0.18,0.18
1602957600,0.18,0.18
1602958500,0.18,0.18
1602959400,0.18,0.18
1602960300,0.18,0.18
1602961200,0.18,0.18
1602962100,0.18,0.18
1602963000,0.18,0.18
1602963900,0.18,0.18
1602964800,0.18,0.18
1602965700,0.18,0.18
1602966600,0.18,0.18
1602967500,0.18,0.18
1602968400,0.18,0.18
1602969300,0.18,0.18
1602970200,0.18,0.18
1602971100,0.18,0.18
1602972000,0.18,0.18
1602972900,0.18,0.18
1602973800,0.18,0.18
1602974700,0.18,0.18
1602975600,0.18,0.18
1602976500,0.18,0.18
1602977400,0.18,0.18
1602978300,0.18,0.18
1602979200,0.18,0.18
1602980100,0.18,0.18
1602981000,0.18,0.18
1602981900,0.18,0.18
1602982800,0.18,0.18
1602983700,0.18,0.18
1602984600,0.18,0.18
1602985500,0.18,0.18
1602986400,0.18,0.18
1602987300,0.18,0.18
1602988200,0.18,0.18
1602989100,0.18,0.18
1602990000,0.18,0.18
1602990900,0.18,0.18
1602991800,0.18,0.18
1602992700,0.18,0.18
1602993600,0.18,0.18
1602994500,0.18,0.18
1602995400,0.18,0.18
1602996300,0.18,0.18
1602997200,0.18,0.18
1602998100,0.18,0.18
1602999000,0.18,0.18
1602999900,0.18,0.18
1603000800,0.18,0.18
1603001700,0.18,0.18
1603002600,0.18,0.18
1603003500,0.18,0.18
1603004400,0.18,0.18
1603005300,0.18,0.18
1603006200,0.18,0.18
1603007100,0.18,0.18
1603008000,0.18,0.18
1603008900,0.18,0.18
1603009800,0.18,0.18
1603010700,0.18,0.18
1603011600,0.18,0.18
1603012500,0.18,0.18
1603013400,0.18,0.18
1603014300,0.18,0.18
1603015200,0.18,0.18
1603016100,0.18,0.18
1603017000,0.18,0.18
1603017900,0.18,0.18
1603018800,0.18,0.18
1603019700,0.18,0.18
1603020600,0.18,0.18
1603021500,0.18,0.18
1603022400,0.18,0.18
1603023300,0.18,0.18
1603024200,0.18,0.18
1603025100,0.18,0.18
1603026000,0.18,0.18
1603026900,0.18,0.18
1603027800,0.18,0.18
1603028700,0.18,0.18
1603029600,0.18,0.18
1603030500,0.18,0.18
1603031400,0.18,0.18
1603032300,0.18,0.18
1603033200,0.18,0.18
1603034100,0.18,0.18
1603035000,0.18,0.18
1603035900,0.18,0.18
1603036800,0.18,0.18
1603037700,0.18,0.18
1603038600,0.18,0.18
1603039500,0.18,0.18
1603040400,0.18,0.18
1603041300,0.18,0.18
1603042200,0.18,0.18
1603043100,0.18,0.18
1603044000,0.18,0.18
1603044900,0.18,0.18
1603045800,0.18,0.18
1603046700,0.18,0.18
1603047600,0.18,0.18
1603048500,0.18,0.18
1603049400,0.18,0.18
1603050300,0.18,0.18
1603051200,0.18,0.18
1603052100,0.18,0.18
1603053000,0.18,0.18
1603053900,0.18,0.18
1603054800,0.18,0.18
1603055700,0.18,0.18
1603056600,0.18,0.18
1603057500,0.18,0.18
1603058400,0.18,0.18
1603059300,0.18,0.18
1603060200,0.18,0.18
1603061100,0.18,0.18
1603062000,0.18,0.18
1603062900,0.18,0.18
1603063800,0.18,0.18
1603064700,0.18,0.18
1603065600,0.18,0.18
1603066500,0.18,0.18
1603067400,0.18,0.18
1603068300,0.18,0.18
1603069200,0.18,0.18
1603070100,0.18,0.18
1603071000,0.18,0.18
1603071900,0.18,0.18
1603072800,0.18,0.18
1603073700,0.18,0.18
1603074600,0.18,0.18
1603075500,0.18,0.18
1603076400,0.18,0.18
1603077300,0.18,0.18
1603078200,0.18,0.18
1603079100,0.18,0.18
1603080000,0.18,0.18
1603080900,0.18,0.18
1603081800,0.18,0.18
1603082700,0.18,0.18
1603083600,0.18,0.18
1603084500,0.18,0.18
1603085400,0.18,0.18
1603086300,0.18,0.18
1603087200,0.18,0.18
1603088100,0.18,0.18
1603089000,0.18,0.18
1603089900,0.18,0.18
1603090800,0.18,0.18
1603091700,0.18,0.18
1603092600,0.18,0.18
1603093500,0.18,0.18
1603094400,0.18,0.18
1603095300,0.18,0.18
1603096200,0.18,0.18
1603097100,0.18,0.18
1603098000,0.18,0.18
1603098900,0.18,0.18
1603099800,0.18,0.18
1603100700,0.18,0.18
1603101600,0.18,0.18
1603102500,0.18,0.18
1603103400,0.18,0.18
1603104300,0.18,0.18
1603105200,0.18,0.18
1603106100,0.18,0.18
1603107000,0.18,0.18
1603107900,0.18,0.18
1603108800,0.18,0.18
1603109700,0.18,0.18
1603110600,0.18,0.18
1603111500,0.18,0.18
1603112400,0.18,0.18
1603113300,0.18,0.18
1603114200,0.18,0.18
1603115100,0.18,0.18
1603116000,0.18,0.18
1603116900,0.18,0.18
1603117800,0.18,0.18
1603118700,0.18,0.18
1603119600,0.18,0.18
1603120500,0.18,0.18
1603121400,0.18,0.18
1603122300,0.18,0.18
1603123200,0.18,0.18
1603124100,0.18,0.18
1603125000,0.18,0.18
1603125900,0.18,0.18
1603126800,0.18,0.18
1603127700,0.18,0.18
1603128600,0.18,0.18
1603129500,0.18,0.18
1603130400,0.18,0.18
1603131300,0.18,0.18
1603132200,0.18,0.18
1603133100,0.18,0.18
1603134000,0.18,0.18
1603134900,0.18,0.18
1603135800,0.18,0.18
1603136700,0.18,0.18
1603137600,0.18,0.18
1603138500,0.18,0.18
1603139400,0.18,0.18
1603140300,0.18,0.18
1603141200,0.18,0.18
1603142100,0.18,0.18
1603143000,0.18,0.18
1603143900,0.18,0.18
1603144800,0.18,0.18
1603145700,0.18,0.18
1603146600,0.18,0.18
1603147500,0.18,0.18
1603148400,0.18,0.18
1603149300,0.18,0.18
1603150200,0.18,0.18
1603151100,0.18,0.18
1603152000,0.18,0.18
1603152900,0.18,0.18
1603153800,0.18,0.18
1603154700,0.18,0.18
1603155600,0.18,0.18
1603156500,0.18,0.18
1603157400,0.18,0.18
1603158300,0.18,0.18
1603159200,0.18,0.18
1603160100,0.18,0.18
1603161000,0.18,0.18
1603161900,0.18,0.18
1603162800,0.18,0.18
1603163700,0.18,0.18
1603164600,0.18,0.18
1603165500,0.18,0.18
1603166400,0.18,0.18
1603167300,0.18,0.18
1603168200,0.18,0.18
1603169100,0.18,0.18
1603170000,0.18,0.18
1603170900,0.18,0.18
1603171800,0.18,0.18
1603172700,0.18,0.18
1603173600,0.18,0.18
1603174500,0.18,0.18
1603175400,0.18,0.18
1603176300,0.18,0.18
1603177200,0.18,0.18
1603178100,0.18,0.18
1603179000,0.18,0.18
1603179900,0.18,0.18
1603180800,0.18,0.18
1603181700,0.18,0.18
1603182600,0.18,0.18
1603183500,0.18,0.18
1603184400,0.18,0.18
1603185300,0.18,0.18
1603186200,0.18,0.18
1603187100,0.18,0.18
1603188000,0.18,0.18
1603188900,0.18,0.18
1603189800,0.18,0.18
1603190700,0.18,0.18
1603191600,0.18,0.18
1603192500,0.18,0.18
1603193400,0.18,0.18
1603194300,0.18,0.18
1603195200,0.18,0.18
1603196100,0.18,0.18
1603197000,0.18,0.18
1603197900,0.18,0.18
1603198800,0.18,0.18
1603199700,0.18,0.18
1603200600,0.18,0.18
1603201500,0.18,0.18
1603202400,0.18,0.18
1603203300,0.18,0.18
1603204200,0.18,0.18
1603205100,0.18,0.18
1603206000,0.18,0.18
1603206900,0.18,0.18
1603207800,0.18,0.18
1603208700,0.18,0.18
1603209600,0.18,0.18
1603210500,0.18,0.18
1603211400,0.18,0.18
1603212300,0.18,0.18
1603213200,0.18,0.18
1603214100,0.18,0.18
1603215000,0.18,0.18
1603215900,0.18,0.18
1603216800,0.18,0.18
1603217700,0.18,0.18
1603218600,0.18,0.18
1603219500,0.18,0.18
1603220400,0.18,0.18
1603221300,0.18,0.18
1603222200,0.18,0.18
1603223100,0.18,0.18
1603224000,0.18,0.18
1603224900,0.18,0.18
1603225800,0.18,0.18
1603226700,0.18,0.18
1603227600,0.18,0.18
1603228500,0.18,0.18
1603229400,0.18,0.18
1603230300,0.18,0.18
1603231200,0.18,0.18
1603232100,0.18,0.18
1603233000,0.18,0.18
1603233900,0.18,0.18
1603234800,0.18,0.18
1603235700,0.18,0.18
1603236600,0.18,0.18
1603237500,0.18,0.18
1603238400,0.18,0.18
1603239300,0.18,0.18
1603240200,0.18,0.18
1603241100,0.18,0.18
1603242000,0.18,0.18
1603242900,0.18,0.18
1603243800,0.18,0.18
1603244700,0.18,0.18
1603245600,0.18,0.18
1603246500,0.18,0.18
1603247400,0.18,0.18
1603248300,0.18,0.18
1603249200,0.18,0.18
1603250100,0.18,0.18
1603251000,0.18,0.18
1603251900,0.18,0.18
1603252800,0.18,0.18
1603253700,0.18,0.18
1603254600,0.18,0.18
1603255500,0.18,0.18
1603256400,0.18,0.18
1603257300,0.18,0.18
1603258200,0.18,0.18
1603259100,0.18,0.18
1603260000,0.18,0.18
1603260900,0.18,0.18
1603261800,0.18,0.18
1603262700,0.18,0.18
1603263600,0.18,0.18
1603264500,0.18,0.18
1603265400,0.18,0.18
1603266300,0.18,0.18
1603267200,0.18,0.18
1603268100,0.18,0.18
1603269000,0.18,0.18
1603269900,0.18,0.18
1603270800,0.18,0.18
1603271700,0.18,0.18
1603272600,0.18,0.18
1603273500,0.18,0.18
1603274400,0.18,0.18
1603275300,0.18,0.18
1603276200,0.18,0.18
1603277100,0.18,0.18
1603278000,0.18,0.18
1603278900,0.18,0.18
1603279800,0.18,0.18
1603280700,0.18,0.18
1603281600,0.18,0.18
1603282500,0.18,0.18
1603283400,0.18,0.18
1603284300,0.18,0.18
1603285200,0.18,0.18
1603286100,0.18,0.18
1603287000,0.18,0.18
1603287900,0.18,0.18
1603288800,0.18,0.18
1603289700,0.18,0.18
1603290600,0.18,0.18
1603291500,0.18,0.18
1603292400,0.18,0.18
1603293300,0.18,0.18
1603294200,0.18,0.18
1603295100,0.18,0.18
1603296000,0.18,0.18
1603296900,0.18,0.18
1603297800,0.18,0.18
1603298700,0.18,0.18
1603299600,0.18,0.18
1603300500,0.18,0.18
1603301400,0.18,0.18
1603302300,0.18,0.18
1603303200,0.18,0.18
1603304100,0.18,0.18
1603305000,0.18,0.18
1603305900,0.18,0.18
1603306800,0.18,0.18
1603307700,0.18,0.18
1603308600,0.18,0.18
1603309500,0.18,0.18
1603310400,0.18,0.18
1603311300,0.18,0.18
1603312200,0.18,0.18
1603313100,0.18,0.18
1603314000,0.18,0.18
1603314900,0.18,0.18
1603315800,0.18,0.18
1603316700,0.18,0.18
1603317600,0.18,0.18
1603318500,0.18,0.18
1603319400,0.18,0.18
1603320300,0.18,0.18
1603321200,0.18,0.18
1603322100,0.18,0.18
1603323000,0.18,0.18
1603323900,0.18,0.18
1603324800,0.18,0.18
1603325700,0.18,0.18
1603326600,0.18,0.18
1603327500,0.18,0.18
1603328400,0.18,0.18
1603329300,0.18,0.18
1603330200,0.18,0.18
1603331100,0.18,0.18
1603332000,0.18,0.18
1603332900,0.18,0.18
1603333800,0.18,0.18
1603334700,0.18,0.18
1603335600,0.18,0.18
1603336500,0.18,0.18
1603337400,0.18,0.18
1603338300,0.18,0.18
1603339200,0.18,0.18
1603340100,0.18,0.18
1603341000,0.18,0.18
1603341900,0.18,0.18
1603342800,0.18,0.18
1603343700,0.18,0.18
1603344600,0.18,0.18
1603345500,0.18,0.18
1603346400,0.18,0.18
1603347300,0.18,0.18
1603348200,0.18,0.18
1603349100,0.18,0.18
1603350000,0.18,0.18
1603350900,0.18,0.18
1603351800,0.18,0.18
1603352700,0.18,0.18
1603353600,0.18,0.18
1603354500,0.18,0.18
1603355400,0.18,0.18
1603356300,0.18,0.18
1603357200,0.18,0.18
1603358100,0.18,0.18
1603359000,0.18,0.18
1603359900,0.18,0.18
1603360800,0.18,0.18
1603361700,0.18,0.18
1603362600,0.18,0.18
1603363500,0.18,0.18
1603364400,0.18,0.18
1603365300,0.18,0.18
1603366200,0.18,0.18
1603367100,0.18,0.18
1603368000,0.18,0.18
1603368900,0.18,0.18
1603369800,0.18,0.18
1603370700,0.18,0.18
1603371600,0.18,0.18
1603372500,0.18,0.18
1603373400,0.18,0.18
1603374300,0.18,0.18
1603375200,0.18,0.18
1603376100,0.18,0.18
1603377000,0.18,0.18
1603377900,0.18,0.18
1603378800,0.18,0.18
1603379700,0.18,0.18
1603380600,0.18,0.18
1603381500,0.18,0.18
1603382400,0.18,0.18
1603383300,0.18,0.18
1603384200,0.18,0.18
1603385100,0.18,0.18
1603386000,0.18,0.18
1603386900,0.18,0.18
1603387800,0.18,0.18
1603388700,0.18,0.18
1603389600,0.18,0.18
1603390500,0.18,0.18
1603391400,0.18,0.18
1603392300,0.18,0.18
1603393200,0.18,0.18
1603394100,0.18,0.18
1603395000,0.18,0.18
1603395900,0.18,0.18
1603396800,0.18,0.18
1603397700,0.18,0.18
1603398600,0.18,0.18
1603399500,0.18,0.18
1603400400,0.18,0.18
1603401300,0.18,0.18
1603402200,0.18,0.18
1603403100,0.18,0.18
1603404000,0.18,0.18
1603404900,0.18,0.18
1603405800,0.18,0.18
1603406700,0.18,0.18
1603407600,0.18,0.18
1603408500,0.18,0.18
1603409400,0.18,0.18
1603410300,0.18,0.18
1603411200,0.18,0.18
1603412100,0.18,0.18
1603413000,0.18,0.18
1603413900,0.18,0.18
1603414800,0.18,0.18
1603415700,0.18,0.18
1603416600,0.18,0.18
1603417500,0.18,0.18
1603418400,0.18,0.18
1603419300,0.18,0.18
1603420200,0.18,0.18
1603421100,0.18,0.18
1603422000,0.18,0.18
1603422900,0.18,0.18
1603423800,0.18,0.18
1603424700,0.18,0.18
1603425600,0.18,0.18
1603426500,0.18,0.18
1603427400,0.18,0.18
1603428300,0.18,0.18
1603429200,0.18,0.18
1603430100,0.18,0.18
1603431000,0.18,0.18
1603431900,0.18,0.18
1603432800,0.18,0.18
1603433700,0.18,0.18
1603434600,0.18,0.18
1603435500,0.18,0.18
1603436400,0.18,0.18
1603437300,0.18,0.18
1603438200,0.18,0.18
1603439100,0.18,0.18
1603440000,0.18,0.18
1603440900,0.18,0.18
1603441800,0.18,0.18
1603442700,0.18,0.18
1603443600,0.18,0.18
1603444500,0.18,0.18
1603445400,0.18,0.18
1603446300,0.18,0.18
1603447200,0.18,0.18
1603448100,0.18,0.18
1603449000,0.18,0.18
1603449900,0.18,0.18
1603450800,0.18,0.18
1603451700,0.18,0.18
1603452600,0.18,0.18
1603453500,0.18,0.18
1603454400,0.18,0.18
1603455300,0.18,0.18
1603456200,0.18,0.18
1603457100,0.18,0.18
1603458000,0.18,0.18
1603458900,0.18,0.18
1603459800,0.18,0.18
1603460700,0.18,0.18
1603461600,0.18,0.18
1603462500,0.18,0.18
1603463400,0.18,0.18
1603464300,0.18,0.18
1603465200,0.18,0.18
1603466100,0.18,0.18
1603467000,0.18,0.18
1603467900,0.18,0.18
1603468800,0.18,0.18
1603469700,0.18,0.18
1603470600,0.18,0.18
1603471500,0.18,0.18
1603472400,0.18,0.18
1603473300,0.18,0.18
1603474200,0.18,0.18
1603475100,0.18,0.18
1603476000,0.18,0.18
1603476900,0.18,0.18
1603477800,0.18,0.18
1603478700,0.18,0.18
1603479600,0.18,0.18
1603480500,0.18,0.18
1603481400,0.18,0.18
1603482300,0.18,0.18
1603483200,0.18,0.18
1603484100,0.18,0.18
1603485000,0.18,0.18
1603485900,0.18,0.18
1603486800,0.18,0.18
1603487700,0.18,0.18
1603488600,0.18,0.18
1603489500,0.18,0.18
1603490400,0.18,0.18
1603491300,0.18,0.18
1603492200,0.18,0.18
1603493100,0.18,0.18
1603494000,0.18,0.18
1603494900,0.18,0.18
1603495800,0.18,0.18
1603496700,0.18,0.18
1603497600,0.18,0.18
1603498500,0.18,0.18
1603499400,0.18,0.18
1603500300,0.18,0.18
1603501200,0.18,0.18
1603502100,0.18,0.18
1603503000,0.18,0.18
1603503900,0.18,0.18
1603504800,0.18,0.18
1603505700,0.18,0.18
1603506600,0.18,0.18
1603507500,0.18,0.18
1603508400,0.18,0.18
1603509300,0.18,0.18
1603510200,0.18,0.18
1603511100,0.18,0.18
1603512000,0.18,0.18
1603512900,0.18,0.18
1603513800,0.18,0.18
1603514700,0.18,0.18
1603515600,0.18,0.18
1603516500,0.18,0.18
1603517400,0.18,0.18
1603518300,0.18,0.18
1603519200,0.18,0.18
1603520100,0.18,0.18
1603521000,0.18,0.18
1603521900,0.18,0.18
1603522800,0.18,0.18
1603523700,0.18,0.18
1603524600,0.18,0.18
1603525500,0.18,0.18
1603526400,0.18,0.18
1603527300,0.18,0.18
1603528200,0.18,0.18
1603529100,0.18,0.18
1603530000,0.18,0.18
1603530900,0.18,0.18
1603531800,0.18,0.18
1603532700,0.18,0.18
1603533600,0.18,0.18
1603534500,0.18,0.18
1603535400,0.18,0.18
1603536300,0.18,0.18
1603537200,0.18,0.18
1603538100,0.18,0.18
1603539000,0.18,0.18
1603539900,0.18,0.18
1603540800,0.18,0.18
1603541700,0.18,0.18
1603542600,0.18,0.18
1603543500,0.18,0.18
1603544400,0.18,0.18
1603545300,0.18,0.18
1603546200,0.18,0.18
1603547100,0.18,0.18
1603548000,0.18,0.18
1603548900,0.18,0.18
1603549800,0.18,0.18
1603550700,0.18,0.18
1603551600,0.18,0.18
1603552500,0.18,0.18
1603553400,0.18,0.18
1603554300,0.18,0.18
1603555200,0.18,0.18
1603556100,0.18,0.18
1603557000,0.18,0.18
1603557900,0.18,0.18
1603558800,0.18,0.18
1603559700,0.18,0.18
1603560600,0.18,0.18
1603561500,0.18,0.18
1603562400,0.18,0.18
1603563300,0.18,0.18
1603564200,0.18,0.18
1603565100,0.18,0.18
1603566000,0.18,0.18
1603566900,0.18,0.18
1603567800,0.18,0.18
1603568700,0.18,0.18
1603569600,0.18,0.18
1603570500,0.18,0.18
1603571400,0.18,0.18
1603572300,0.18,0.18
1603573200,0.18,0.18
1603574100,0.18,0.18
1603575000,0.18,0.18
1603575900,0.18,0.18
1603576800,0.18,0.18
1603577700,0.18,0.18
1603578600,0.18,0.18
1603579500,0.18,0.18
1603580400,0.18,0.18
1603581300,0.18,0.18
1603582200,0.18,0.18
1603583100,0.18,0.18
1603584000,0.18,0.18
1603584900,0.18,0.18
1603585800,0.18,0.18
1603586700,0.18,0.18
1603587600,0.18,0.18
1603588500,0.18,0.18
1603589400,0.18,0.18
1603590300,0.18,0.18
1603591200,0.18,0.18
1603592100,0.18,0.18
1603593000,0.18,0.18
1603593900,0.18,0.18
1603594800,0.18,0.18
1603595700,0.18,0.18
1603596600,0.18,0.18
1603597500,0.18,0.18
1603598400,0.18,0.18
1603599300,0.18,0.18
1603600200,0.18,0.18
1603601100,0.18,0.18
1603602000,0.18,0.18
1603602900,0.18,0.18
1603603800,0.18,0.18
1603604700,0.18,0.18
1603605600,0.18,0.18
1603606500,0.18,0.18
1603607400,0.18,0.18
1603608300,0.18,0.18
1603609200,0.18,0.18
1603610100,0.18,0.18
1603611000,0.18,0.18
1603611900,0.18,0.18
1603612800,0.18,0.18
1603613700,0.18,0.18
1603614600,0.18,0.18
1603615500,0.18,0.18
1603616400,0.18,0.18
1603617300,0.18,0.18
1603618200,0.18,0.18
1603619100,0.18,0.18
1603620000,0.18,0.18
1603620900,0.18,0.18
1603621800,0.18,0.18
1603622700,0.18,0.18
1603623600,0.18,0.18
1603624500,0.18,0.18
1603625400,0.18,0.18
1603626300,0.18,0.18
1603627200,0.18,0.18
1603628100,0.18,0.18
1603629000,0.18,0.18
1603629900,0.18,0.18
1603630800,0.18,0.18
1603631700,0.18,0.18
1603632600,0.18,0.18
1603633500,0.18,0.18
1603634400,0.18,0.18
1603635300,0.18,0.18
1603636200,0.18,0.18
1603637100,0.18,0.18
1603638000,0.18,0.18
1603638900,0.18,0.18
1603639800,0.18,0.18
1603640700,0.18,0.18
1603641600,0.18,0.18
1603642500,0.18,0.18
1603643400,0.18,0.18
1603644300,0.18,0.18
1603645200,0.18,0.18
1603646100,0.18,0.18
1603647000,0.18,0.18
1603647900,0.18,0.18
1603648800,0.18,0.18
1603649700,0.18,0.18
1603650600,0.18,0.18
1603651500,0.18,0.18
1603652400,0.18,0.18
1603653300,0.18,0.18
1603654200,0.18,0.18
1603655100,0.18,0.18
1603656000,0.18,0.18
1603656900,0.18,0.18
1603657800,0.18,0.18
1603658700,0.18,0.18
1603659600,0.18,0.18
1603660500,0.18,0.18
1603661400,0.18,0.18
1603662300,0.18,0.18
1603663200,0.18,0.18
1603664100,0.18,0.18
1603665000,0.18,0.18
1603665900,0.18,0.18
1603666800,0.18,0.18
1603667700,0.18,0.18
1603668600,0.18,0.18
1603669500,0.18,0.18
1603670400,0.18,0.18
1603671300,0.18,0.18
1603672200,0.18,0.18
1603673100,0.18,0.18
1603674000,0.18,0.18
1603674900,0.18,0.18
1603675800,0.18,0.18
1603676700,0.18,0.18
1603677600,0.18,0.18
1603678500,0.18,0.18
1603679400,0.18,0.18
1603680300,0.18,0.18
1603681200,0.18,0.18
1603682100,0.18,0.18
1603683000,0.18,0.18
1603683900,0.18,0.18
1603684800,0.18,0.18
1603685700,0.18,0.18
1603686600,0.18,0.18
1603687500,0.18,0.18
1603688400,0.18,0.18
1603689300,0.18,0.18
1603690200,0.18,0.18
1603691100,0.18,0.18
1603692000,0.18,0.18
1603692900,0.18,0.18
1603693800,0.18,0.18
1603694700,0.18,0.18
1603695600,0.18,0.18
1603696500,0.18,0.18
1603697400,0.18,0.18
1603698300,0.18,0.18
1603699200,0.18,0.18
1603700100,0.18,0.18
1603701000,0.18,0.18
1603701900,0.18,0.18
1603702800,0.18,0.18
1603703700,0.18,0.18
1603704600,0.18,0.18
1603705500,0.18,0.18
1603706400,0.18,0.18
1603707300,0.18,0.18
1603708200,0.18,0.18
1603709100,0.18,0.18
1603710000,0.18,0.18
1603710900,0.18,0.18
1603711800,0.18,0.18
1603712700,0.18,0.18
1603713600,0.18,0.18
1603714500,0.18,0.18
1603715400,0.18,0.18
1603716300,0.18,0.18
1603717200,0.18,0.18
1603718100,0.18,0.18
1603719000,0.18,0.18
1603719900,0.18,0.18
1603720800,0.18,0.18
1603721700,0.18,0.18
1603722600,0.18,0.18
1603723500,0.18,0.18
1603724400,0.18,0.18
1603725300,0.18,0.18
1603726200,0.18,0.18
1603727100,0.18,0.18
1603728000,0.18,0.18
1603728900,0.18,0.18
1603729800,0.18,0.18
1603730700,0.18,0.18
1603731600,0.18,0.18
1603732500,0.18,0.18
1603733400,0.18,0.18
1603734300,0.18,0.18
1603735200,0.18,0.18
1603736100,0.18,0.18
1603737000,0.18,0.18
1603737900,0.18,0.18
1603738800,0.18,0.18
1603739700,0.18,0.18
1603740600,0.18,0.18
1603741500,0.18,0.18
1603742400,0.18,0.18
1603743300,0.18,0.18
1603744200,0.18,0.18
1603745100,0.18,0.18
1603746000,0.18,0.18
1603746900,0.18,0.18
1603747800,0.18,0.18
1603748700,0.18,0.18
1603749600,0.18,0.18
1603750500,0.18,0.18
1603751400,0.18,0.18
1603752300,0.18,0.18
1603753200,0.18,0.18
1603754100,0.18,0.18
1603755000,0.18,0.18
1603755900,0.18,0.18
1603756800,0.18,0.18
1603757700,0.18,0.18
1603758600,0.18,0.18
1603759500,0.18,0.18
1603760400,0.18,0.18
1603761300,0.18,0.18
1603762200,0.18,0.18
1603763100,0.18,0.18
1603764000,0.18,0.18
1603764900,0.18,0.18
1603765800,0.18,0.18
1603766700,0.18,0.18
1603767600,0.18,0.18
1603768500,0.18,0.18
1603769400,0.18,0.18
1603770300,0.18,0.18
1603771200,0.18,0.18
1603772100,0.18,0.18
1603773000,0.18,0.18
1603773900,0.18,0.18
1603774800,0.18,0.18
1603775700,0.18,0.18
1603776600,0.18,0.18
1603777500,0.18,0.18
1603778400,0.18,0.18
1603779300,0.18,0.18
1603780200,0.18,0.18
1603781100,0.18,0.18
1603782000,0.18,0.18
1603782900,0.18,0.18
1603783800,0.18,0.18
1603784700,0.18,0.18
1603785600,0.18,0.18
1603786500,0.18,0.18
1603787400,0.18,0.18
1603788300,0.18,0.18
1603789200,0.18,0.18
1603790100,0.18,0.18
1603791000,0.18,0.18
1603791900,0.18,0.18
1603792800,0.18,0.18
1603793700,0.18,0.18
1603794600,0.18,0.18
1603795500,0.18,0.18
1603796400,0.18,0.18
1603797300,0.18,0.18
1603798200,0.18,0.18
1603799100,0.18,0.18
1603800000,0.18,0.18
1603800900,0.18,0.18
1603801800,0.18,0.18
1603802700,0.18,0.18
1603803600,0.18,0.18
1603804500,0.18,0.18
1603805400,0.18,0.18
1603806300,0.18,0.18
1603807200,0.18,0.18
1603808100,0.18,0.18
1603809000,0.18,0.18
1603809900,0.18,0.18
1603810800,0.18,0.18
1603811700,0.18,0.18
1603812600,0.18,0.18
1603813500,0.18,0.18
1603814400,0.18,0.18
1603815300,0.18,0.18
1603816200,0.18,0.18
1603817100,0.18,0.18
1603818000,0.18,0.18
1603818900,0.18,0.18
1603819800,0.18,0.18
1603820700,0.18,0.18
1603821600,0.18,0.18
1603822500,0.18,0.18
1603823400,0.18,0.18
1603824300,0.18,0.18
1603825200,0.18,0.18
1603826100,0.18,0.18
1603827000,0.18,0.18
1603827900,0.18,0.18
1603828800,0.18,0.18
1603829700,0.18,0.18
1603830600,0.18,0.18
1603831500,0.18,0.18
1603832400,0.18,0.18
1603833300,0.18,0.18
1603834200,0.18,0.18
1603835100,0.18,0.18
1603836000,0.18,0.18
1603836900,0.18,0.18
1603837800,0.18,0.18
1603838700,0.18,0.18
1603839600,0.18,0.18
1603840500,0.18,0.18
1603841400,0.18,0.18
1603842300,0.18,0.18
1603843200,0.18,0.18
1603844100,0.18,0.18
1603845000,0.18,0.18
1603845900,0.18,0.18
1603846800,0.18,0.18
1603847700,0.18,0.18
1603848600,0.18,0.18
1603849500,0.18,0.18
1603850400,0.18,0.18
1603851300,0.18,0.18
1603852200,0.18,0.18
1603853100,0.18,0.18
1603854000,0.18,0.18
1603854900,0.18,0.18
1603855800,0.18,0.18
1603856700,0.18,0.18
1603857600,0.18,0.18
1603858500,0.18,0.18
1603859400,0.18,0.18
1603860300,0.18,0.18
1603861200,0.18,0.18
1603862100,0.18,0.18
1603863000,0.18,0.18
1603863900,0.18,0.18
1603864800,0.18,0.18
1603865700,0.18,0.18
1603866600,0.18,0.18
1603867500,0.18,0.18
1603868400,0.18,0.18
1603869300,0.18,0.18
1603870200,0.18,0.18
1603871100,0.18,0.18
1603872000,0.18,0.18
1603872900,0.18,0.18
1603873800,0.18,0.18
1603874700,0.18,0.18
1603875600,0.18,0.18
1603876500,0.18,0.18
1603877400,0.18,0.18
1603878300,0.18,0.18
1603879200,0.18,0.18
1603880100,0.18,0.18
1603881000,0.18,0.18
1603881900,0.18,0.18
1603882800,0.18,0.18
1603883700,0.18,0.18
1603884600,0.18,0.18
1603885500,0.18,0.18
1603886400,0.18,0.18
1603887300,0.18,0.18
1603888200,0.18,0.18
1603889100,0.18,0.18
1603890000,0.18,0.18
1603890900,0.18,0.18
1603891800,0.18,0.18
1603892700,0.18,0.18
1603893600,0.18,0.18
1603894500,0.18,0.18
1603895400,0.18,0.18
1603896300,0.18,0.18
1603897200,0.18,0.18
1603898100,0.18,0.18
1603899000,0.18,0.18
1603899900,0.18,0.18
1603900800,0.18,0.18
1603901700,0.18,0.18
1603902600,0.18,0.18
1603903500,0.18,0.18
1603904400,0.18,0.18
1603905300,0.18,0.18
1603906200,0.18,0.18
1603907100,0.18,0.18
1603908000,0.18,0.18
1603908900,0.18,0.18
1603909800,0.18,0.18
1603910700,0.18,0.18
1603911600,0.18,0.18
1603912500,0.18,0.18
1603913400,0.18,0.18
1603914300,0.18,0.18
1603915200,0.18,0.18
1603916100,0.18,0.18
1603917000,0.18,0.18
1603917900,0.18,0.18
1603918800,0.18,0.18
1603919700,0.18,0.18
1603920600,0.18,0.18
1603921500,0.18,0.18
1603922400,0.18,0.18
1603923300,0.18,0.18
1603924200,0.18,0.18
1603925100,0.18,0.18
1603926000,0.18,0.18
1603926900,0.18,0.18
1603927800,0.18,0.18
1603928700,0.18,0.18
1603929600,0.18,0.18
1603930500,0.18,0.18
1603931400,0.18,0.18
1603932300,0.18,0.18
1603933200,0.18,0.18
1603934100,0.18,0.18
1603935000,0.18,0.18
1603935900,0.18,0.18
1603936800,0.18,0.18
1603937700,0.18,0.18
1603938600,0.18,0.18
1603939500,0.18,0.18
1603940400,0.18,0.18
1603941300,0.18,0.18
1603942200,0.18,0.18
1603943100,0.18,0.18
1603944000,0.18,0.18
1603944900,0.18,0.18
1603945800,0.18,0.18
1603946700,0.18,0.18
1603947600,0.18,0.18
1603948500,0.18,0.18
1603949400,0.18,0.18
1603950300,0.18,0.18
1603951200,0.18,0.18
1603952100,0.18,0.18
1603953000,0.18,0.18
1603953900,0.18,0.18
1603954800,0.18,0.18
1603955700,0.18,0.18
1603956600,0.18,0.18
1603957500,0.18,0.18
1603958400,0.18,0.18
1603959300,0.18,0.18
1603960200,0.18,0.18
1603961100,0.18,0.18
1603962000,0.18,0.18
1603962900,0.18,0.18
1603963800,0.18,0.18
1603964700,0.18,0.18
1603965600,0.18,0.18
1603966500,0.18,0.18
1603967400,0.18,0.18
1603968300,0.18,0.18
1603969200,0.18,0.18
1603970100,0.18,0.18
1603971000,0.18,0.18
1603971900,0.18,0.18
1603972800,0.18,0.18
1603973700,0.18,0.18
1603974600,0.18,0.18
1603975500,0.18,0.18
1603976400,0.18,0.18
1603977300,0.18,0.18
1603978200,0.18,0.18
1603979100,0.18,0.18
1603980000,0.18,0.18
1603980900,0.18,0.18
1603981800,0.18,0.18
1603982700,0.18,0.18
1603983600,0.18,0.18
1603984500,0.18,0.18
1603985400,0.18,0.18
1603986300,0.18,0.18
1603987200,0.18,0.18
1603988100,0.18,0.18
1603989000,0.18,0.18
1603989900,0.18,0.18
1603990800,0.18,0.18
1603991700,0.18,0.18
1603992600,0.18,0.18
1603993500,0.18,0.18
1603994400,0.18,0.18
1603995300,0.18,0.18
1603996200,0.18,0.18
1603997100,0.18,0.18
1603998000,0.18,0.18
1603998900,0.18,0.18
1603999800,0.18,0.18
1604000700,0.18,0.18
1604001600,0.18,0.18
1604002500,0.18,0.18
1604003400,0.18,0.18
1604004300,0.18,0.18
1604005200,0.18,0.18
1604006100,0.18,0.18
1604007000,0.18,0.18
1604007900,0.18,0.18
1604008800,0.18,0.18
1604009700,0.18,0.18
1604010600,0.18,0.18
1604011500,0.18,0.18
1604012400,0.18,0.18
1604013300,0.18,0.18
1604014200,0.18,0.18
1604015100,0.18,0.18
1604016000,0.18,0.18
1604016900,0.18,0.18
1604017800,0.18,0.18
1604018700,0.18,0.18
1604019600,0.18,0.18
1604020500,0.18,0.18
1604021400,0.18,0.18
1604022300,0.18,0.18
1604023200,0.18,0.18
1604024100,0.18,0.18
1604025000,0.18,0.18
1604025900,0.18,0.18
1604026800,0.18,0.18
1604027700,0.18,0.18
1604028600,0.18,0.18
1604029500,0.18,0.18
1604030400,0.18,0.18
1604031300,0.18,0.18
1604032200,0.18,0.18
1604033100,0.18,0.18
1604034000,0.18,0.18
1604034900,0.18,0.18
1604035800,0.18,0.18
1604036700,0.18,0.18
1604037600,0.18,0.18
1604038500,0.18,0.18
1604039400,0.18,0.18
1604040300,0.18,0.18
1604041200,0.18,0.18
1604042100,0.18,0.18
1604043000,0.18,0.18
1604043900,0.18,0.18
1604044800,0.18,0.18
1604045700,0.18,0.18
1604046600,0.18,0.18
1604047500,0.18,0.18
1604048400,0.18,0.18
1604049300,0.18,0.18
1604050200,0.18,0.18
1604051100,0.18,0.18
1604052000,0.18,0.18
1604052900,0.18,0.18
1604053800,0.18,0.18
1604054700,0.18,0.18
1604055600,0.18,0.18
1604056500,0.18,0.18
1604057400,0.18,0.18
1604058300,0.18,0.18
1604059200,0.18,0.18
1604060100,0.18,0.18
1604061000,0.18,0.18
1604061900,0.18,0.18
1604062800,0.18,0.18
1604063700,0.18,0.18
1604064600,0.18,0.18
1604065500,0.18,0.18
1604066400,0.18,0.18
1604067300,0.18,0.18
1604068200,0.18,0.18
1604069100,0.18,0.18
1604070000,0.18,0.18
1604070900,0.18,0.18
1604071800,0.18,0.18
1604072700,0.18,0.18
1604073600,0.18,0.18
1604074500,0.18,0.18
1604075400,0.18,0.18
1604076300,0.18,0.18
1604077200,0.18,0.18
1604078100,0.18,0.18
1604079000,0.18,0.18
1604079900,0.18,0.18
1604080800,0.18,0.18
1604081700,0.18,0.18
1604082600,0.18,0.18
1604083500,0.18,0.18
1604084400,0.18,0.18
1604085300,0.18,0.18
1604086200,0.18,0.18
1604087100,0.18,0.18
1604088000,0.18,0.18
1604088900,0.18,0.18
1604089800,0.18,0.18
1604090700,0.18,0.18
1604091600,0.18,0.18
1604092500,0.18,0.18
1604093400,0.18,0.18
1604094300,0.18,0.18
1604095200,0.18,0.18
1604096100,0.18,0.18
1604097000,0.18,0.18
1604097900,0.18,0.18
1604098800,0.18,0.18
1604099700,0.18,0.18
1604100600,0.18,0.18
1604101500,0.18,0.18
1604102400,0.18,0.18
1604103300,0.18,0.18
1604104200,0.18,0.18
1604105100,0.18,0.18
1604106000,0.18,0.18
1604106900,0.18,0.18
1604107800,0.18,0.18
1604108700,0.18,0.18
1604109600,0.18,0.18
1604110500,0.18,0.18
1604111400,0.18,0.18
1604112300,0.18,0.18
1604113200,0.18,0.18
1604114100,0.18,0.18
1604115000,0.18,0.18
1604115900,0.18,0.18
1604116800,0.18,0.18
1604117700,0.18,0.18
1604118600,0.18,0.18
1604119500,0.18,0.18
1604120400,0.18,0.18
1604121300,0.18,0.18
1604122200,0.18,0.18
1604123100,0.18,0.18
1604124000,0.18,0.18
1604124900,0.18,0.18
1604125800,0.18,0.18
1604126700,0.18,0.18
1604127600,0.18,0.18
1604128500,0.18,0.18
1604129400,0.18,0.18
1604130300,0.18,0.18
1604131200,0.18,0.18
1604132100,0.18,0.18
1604133000,0.18,0.18
1604133900,0.18,0.18
1604134800,0.18,0.18
1604135700,0.18,0.18
1604136600,0.18,0.18
1604137500,0.18,0.18
1604138400,0.18,0.18
1604139300,0.18,0.18
1604140200,0.18,0.18
1604141100,0.18,0.18
1604142000,0.18,0.18
1604142900,0.18,0.18
1604143800,0.18,0.18
1604144700,0.18,0.18
1604145600,0.18,0.18
1604146500,0.18,0.18
1604147400,0.18,0.18
1604148300,0.18,0.18
1604149200,0.18,0.18
1604150100,0.18,0.18
1604151000,0.18,0.18
1604151900,0.18,0.18
1604152800,0.18,0.18
1604153700,0.18,0.18
1604154600,0.18,0.18
1604155500,0.18,0.18
1604156400,0.18,0.18
1604157300,0.18,0.18
1604158200,0.18,0.18
1604159100,0.18,0.18
1604160000,0.18,0.18
1604160900,0.18,0.18
1604161800,0.18,0.18
1604162700,0.18,0.18
1604163600,0.18,0.18
1604164500,0.18,0.18
1604165400,0.18,0.18
1604166300,0.18,0.18
1604167200,0.18,0.18
1604168100,0.18,0.18
1604169000,0.18,0.18
1604169900,0.18,0.18
1604170800,0.18,0.18
1604171700,0.18,0.18
1604172600,0.18,0.18
1604173500,0.18,0.18
1604174400,0.18,0.18
1604175300,0.18,0.18
1604176200,0.18,0.18
1604177100,0.18,0.18
1604178000,0.18,0.18
1604178900,0.18,0.18
1604179800,0.18,0.18
1604180700,0.18,0.18
1604181600,0.18,0.18
1604182500,0.18,0.18
1604183400,0.18,0.18
1604184300,0.18,0.18
1604185200,0.18,0.18
1604186100,0.18,0.18
1604187000,0.18,0.18
1604187900,0.18,0.18
1604188800,0.18,0.18
1604189700,0.18,0.18
1604190600,0.18,0.18
1604191500,0.18,0.18
1604192400,0.18,0.18
1604193300,0.18,0.18
1604194200,0.18,0.18
1604195100,0.18,0.18
1604196000,0.18,0.18
1604196900,0.18,0.18
1604197800,0.18,0.18
1604198700,0.18,0.18
1604199600,0.18,0.18
1604200500,0.18,0.18
1604201400,0.18,0.18
1604202300,0.18,0.18
1604203200,0.18,0.18
1604204100,0.18,0.18
1604205000,0.18,0.18
1604205900,0.18,0.18
1604206800,0.18,0.18
1604207700,0.18,0.18
1604208600,0.18,0.18
1604209500,0.18,0.18
1604210400,0.18,0.18
1604211300,0.18,0.18
1604212200,0.18,0.18
1604213100,0.18,0.18
1604214000,0.18,0.18
1604214900,0.18,0.18
1604215800,0.18,0.18
1604216700,0.18,0.18
1604217600,0.18,0.18
1604218500,0.18,0.18
1604219400,0.18,0.18
1604220300,0.18,0.18
1604221200,0.18,0.18
1604222100,0.18,0.18
1604223000,0.18,0.18
1604223900,0.18,0.18
1604224800,0.18,0.18
1604225700,0.18,0.18
1604226600,0.18,0.18
1604227500,0.18,0.18
1604228400,0.18,0.18
1604229300,0.18,0.18
1604230200,0.18,0.18
1604231100,0.18,0.18
1604232000,0.18,0.18
1604232900,0.18,0.18
1604233800,0.18,0.18
1604234700,0.18,0.18
1604235600,0.18,0.18
1604236500,0.18,0.18
1604237400,0.18,0.18
1604238300,0.18,0.18
1604239200,0.18,0.18
1604240100,0.18,0.18
1604241000,0.18,0.18
1604241900,0.18,0.18
1604242800,0.18,0.18
1604243700,0.18,0.18
1604244600,0.18,0.18
1604245500,0.18,0.18
1604246400,0.18,0.18
1604247300,0.18,0.18
1604248200,0.18,0.18
1604249100,0.18,0.18
1604250000,0.18,0.18
1604250900,0.18,0.18
1604251800,0.18,0.18
1604252700,0.18,0.18
1604253600,0.18,0.18
1604254500,0.18,0.18
1604255400,0.18,0.18
1604256300,0.18,0.18
1604257200,0.18,0.18
1604258100,0.18,0.18
1604259000,0.18,0.18
1604259900,0.18,0.18
1604260800,0.18,0.18
1604261700,0.18,0.18
1604262600,0.18,0.18
1604263500,0.18,0.18
1604264400,0.18,0.18
1604265300,0.18,0.18
1604266200,0.18,0.18
1604267100,0.18,0.18
1604268000,0.18,0.18
1604268900,0.18,0.18
1604269800,0.18,0.18
1604270700,0.18,0.18
1604271600,0.18,0.18
1604272500,0.18,0.18
1604273400,0.18,0.18
1604274300,0.18,0.18
1604275200,0.18,0.18
1604276100,0.18,0.18
1604277000,0.18,0.18
1604277900,0.18,0.18
1604278800,0.18,0.18
1604279700,0.18,0.18
1604280600,0.18,0.18
1604281500,0.18,0.18
1604282400,0.18,0.18
1604283300,0.18,0.18
1604284200,0.18,0.18
1604285100,0.18,0.18
1604286000,0.18,0.18
1604286900,0.18,0.18
1604287800,0.18,0.18
1604288700,0.18,0.18
1604289600,0.18,0.18
1604290500,0.18,0.18
1604291400,0.18,0.18
1604292300,0.18,0.18
1604293200,0.18,0.18
1604294100,0.18,0.18
1604295000,0.18,0.18
1604295900,0.18,0.18
1604296800,0.18,0.18
1604297700,0.18,0.18
1604298600,0.18,0.18
1604299500,0.18,0.18
1604300400,0.18,0.18
1604301300,0.18,0.18
1604302200,0.18,0.18
1604303100,0.18,0.18
1604304000,0.18,0.18
1604304900,0.18,0.18
1604305800,0.18,0.18
1604306700,0.18,0.18
1604307600,0.18,0.18
1604308500,0.18,0.18
1604309400,0.18,0.18
1604310300,0.18,0.18
1604311200,0.18,0.18
1604312100,0.18,0.18
1604313000,0.18,0.18
1604313900,0.18,0.18
1604314800,0.18,0.18
1604315700,0.18,0.18
1604316600,0.18,0.18
1604317500,0.18,0.18
1604318400,0.18,0.18
1604319300,0.18,0.18
1604320200,0.18,0.18
1604321100,0.18,0.18
1604322000,0.18,0.18
1604322900,0.18,0.18
1604323800,0.18,0.18
1604324700,0.18,0.18
1604325600,0.18,0.18
1604326500,0.18,0.18
1604327400,0.18,0.18
1604328300,0.18,0.18
1604329200,0.18,0.18
1604330100,0.18,0.18
1604331000,0.18,0.18
1604331900,0.18,0.18
1604332800,0.18,0.18
1604333700,0.18,0.18
1604334600,0.18,0.18
1604335500,0.18,0.18
1604336400,0.18,0.18
1604337300,0.18,0.18
1604338200,0.18,0.18
1604339100,0.18,0.18
1604340000,0.18,0.18
1604340900,0.18,0.18
1604341800,0.18,0.18
1604342700,0.18,0.18
1604343600,0.18,0.18
1604344500,0.18,0.18
1604345400,0.18,0.18
1604346300,0.18,0.18
1604347200,0.18,0.18
1604348100,0.18,0.18
1604349000,0.18,0.18
1604349900,0.18,0.18
1604350800,0.18,0.18
1604351700,0.18,0.18
1604352600,0.18,0.18
1604353500,0.18,0.18
1604354400,0.18,0.18
1604355300,0.18,0.18
1604356200,0.18,0.18
1604357100,0.18,0.18
1604358000,0.18,0.18
1604358900,0.18,0.18
1604359800,0.18,0.18
1604360700,0.18,0.18
1604361600,0.18,0.18
1604362500,0.18,0.18
1604363400,0.18,0.18
1604364300,0.18,0.18
1604365200,0.18,0.18
1604366100,0.18,0.18
1604367000,0.18,0.18
1604367900,0.18,0.18
1604368800,0.18,0.18
1604369700,0.18,0.18
1604370600,0.18,0.18
1604371500,0.18,0.18
1604372400,0.18,0.18
1604373300,0.18,0.18
1604374200,0.18,0.18
1604375100,0.18,0.18
1604376000,0.18,0.18
1604376900,0.18,0.18
1604377800,0.18,0.18
1604378700,0.18,0.18
1604379600,0.18,0.18
1604380500,0.18,0.18
1604381400,0.18,0.18
1604382300,0.18,0.18
1604383200,0.18,0.18
1604384100,0.18,0.18
1604385000,0.18,0.18
1604385900,0.18,0.18
1604386800,0.18,0.18
1604387700,0.18,0.18
1604388600,0.18,0.18
1604389500,0.18,0.18
1604390400,0.18,0.18
1604391300,0.18,0.18
1604392200,0.18,0.18
1604393100,0.18,0.18
1604394000,0.18,0.18
1604394900,0.18,0.18
1604395800,0.18,0.18
1604396700,0.18,0.18
1604397600,0.18,0.18
1604398500,0.18,0.18
1604399400,0.18,0.18
1604400300,0.18,0.18
1604401200,0.18,0.18
1604402100,0.18,0.18
1604403000,0.18,0.18
1604403900,0.18,0.18
1604404800,0.18,0.18
1604405700,0.18,0.18
1604406600,0.18,0.18
1604407500,0.18,0.18
1604408400,0.18,0.18
1604409300,0.18,0.18
1604410200,0.18,0.18
1604411100,0.18,0.18
1604412000,0.18,0.18
1604412900,0.18,0.18
1604413800,0.18,0.18
1604414700,0.18,0.18
1604415600,0.18,0.18
1604416500,0.18,0.18
1604417400,0.18,0.18
1604418300,0.18,0.18
1604419200,0.18,0.18
1604420100,0.18,0.18
1604421000,0.18,0.18
1604421900,0.18,0.18
1604422800,0.18,0.18
1604423700,0.18,0.18
1604424600,0.18,0.18
1604425500,0.18,0.18
1604426400,0.18,0.18
1604427300,0.18,0.18
1604428200,0.18,0.18
1604429100,0.18,0.18
1604430000,0.18,0.18
1604430900,0.18,0.18
1604431800,0.18,0.18
1604432700,0.18,0.18
1604433600,0.18,0.18
1604434500,0.18,0.18
1604435400,0.18,0.18
1604436300,0.18,0.18
1604437200,0.18,0.18
1604438100,0.18,0.18
1604439000,0.18,0.18
1604439900,0.18,0.18
1604440800,0.18,0.18
1604441700,0.18,0.18
1604442600,0.18,0.18
1604443500,0.18,0.18
1604444400,0.18,0.18
1604445300,0.18,0.18
1604446200,0.18,0.18
1604447100,0.18,0.18
1604448000,0.18,0.18
1604448900,0.18,0.18
1604449800,0.18,0.18
1604450700,0.18,0.18
1604451600,0.18,0.18
1604452500,0.18,0.18
1604453400,0.18,0.18
1604454300,0.18,0.18
1604455200,0.18,0.18
1604456100,0.18,0.18
1604457000,0.18,0.18
1604457900,0.18,0.18
1604458800,0.18,0.18
1604459700,0.18,0.18
1604460600,0.18,0.18
1604461500,0.18,0.18
1604462400,0.18,0.18
1604463300,0.18,0.18
1604464200,0.18,0.18
1604465100,0.18,0.18
1604466000,0.18,0.18
1604466900,0.18,0.18
1604467800,0.18,0.18
1604468700,0.18,0.18
1604469600,0.18,0.18
1604470500,0.18,0.18
1604471400,0.18,0.18
1604472300,0.18,0.18
1604473200,0.18,0.18
1604474100,0.18,0.18
1604475000,0.18,0.18
1604475900,0.18,0.18
1604476800,0.18,0.18
1604477700,0.18,0.18
1604478600,0.18,0.18
1604479500,0.18,0.18
1604480400,0.18,0.18
1604481300,0.18,0.18
1604482200,0.18,0.18
1604483100,0.18,0.18
1604484000,0.18,0.18
1604484900,0.18,0.18
1604485800,0.18,0.18
1604486700,0.18,0.18
1604487600,0.18,0.18
1604488500,0.18,0.18
1604489400,0.18,0.18
1604490300,0.18,0.18
1604491200,0.18,0.18
1604492100,0.18,0.18
1604493000,0.18,0.18
1604493900,0.18,0.18
1604494800,0.18,0.18
1604495700,0.18,0.18
1604496600,0.18,0.18
1604497500,0.18,0.18
1604498400,0.18,0.18
1604499300,0.18,0.18
1604500200,0.18,0.18
1604501100,0.18,0.18
1604502000,0.18,0.18
1604502900,0.18,0.18
1604503800,0.18,0.18
1604504700,0.18,0.18
1604505600,0.18,0.18
1604506500,0.18,0.18
1604507400,0.18,0.18
1604508300,0.18,0.18
1604509200,0.18,0.18
1604510100,0.18,0.18
1604511000,0.18,0.18
1604511900,0.18,0.18
1604512800,0.18,0.18
1604513700,0.18,0.18
1604514600,0.18,0.18
1604515500,0.18,0.18
1604516400,0.18,0.18
1604517300,0.18,0.18
1604518200,0.18,0.18
1604519100,0.18,0.18
1604520000,0.18,0.18
1604520900,0.18,0.18
1604521800,0.18,0.18
1604522700,0.18,0.18
1604523600,0.18,0.18
1604524500,0.18,0.18
1604525400,0.18,0.18
1604526300,0.18,0.18
1604527200,0.18,0.18
1604528100,0.18,0.18
1604529000,0.18,0.18
1604529900,0.18,0.18
1604530800,0.18,0.18
1604531700,0.18,0.18
1604532600,0.18,0.18
1604533500,0.18,0.18
1604534400,0.18,0.18
1604535300,0.18,0.18
1604536200,0.18,0.18
1604537100,0.18,0.18
1604538000,0.18,0.18
1604538900,0.18,0.18
1604539800,0.18,0.18
1604540700,0.18,0.18
1604541600,0.18,0.18
1604542500,0.18,0.18
1604543400,0.18,0.18
1604544300,0.18,0.18
1604545200,0.18,0.18
1604546100,0.18,0.18
1604547000,0.18,0.18
1604547900,0.18,0.18
1604548800,0.18,0.18
1604549700,0.18,0.18
1604550600,0.18,0.18
1604551500,0.18,0.18
1604552400,0.18,0.18
1604553300,0.18,0.18
1604554200,0.18,0.18
1604555100,0.18,0.18
1604556000,0.18,0.18
1604556900,0.18,0.18
1604557800,0.18,0.18
1604558700,0.18,0.18
1604559600,0.18,0.18
1604560500,0.18,0.18
1604561400,0.18,0.18
1604562300,0.18,0.18
1604563200,0.18,0.18
1604564100,0.18,0.18
1604565000,0.18,0.18
1604565900,0.18,0.18
1604566800,0.18,0.18
1604567700,0.18,0.18
1604568600,0.18,0.18
1604569500,0.18,0.18
1604570400,0.18,0.18
1604571300,0.18,0.18
1604572200,0.18,0.18
1604573100,0.18,0.18
1604574000,0.18,0.18
1604574900,0.18,0.18
1604575800,0.18,0.18
1604576700,0.18,0.18
1604577600,0.18,0.18
1604578500,0.18,0.18
1604579400,0.18,0.18
1604580300,0.18,0.18
1604581200,0.18,0.18
1604582100,0.18,0.18
1604583000,0.18,0.18
1604583900,0.18,0.18
1604584800,0.18,0.18
1604585700,0.18,0.18
1604586600,0.18,0.18
1604587500,0.18,0.18
1604588400,0.18,0.18
1604589300,0.18,0.18
1604590200,0.18,0.18
1604591100,0.18,0.18
1604592000,0.18,0.18
1604592900,0.18,0.18
1604593800,0.18,0.18
1604594700,0.18,0.18
1604595600,0.18,0.18
1604596500,0.18,0.18
1604597400,0.18,0.18
1604598300,0.18,0.18
1604599200,0.18,0.18
1604600100,0.18,0.18
1604601000,0.18,0.18
1604601900,0.18,0.18
1604602800,0.18,0.18
1604603700,0.18,0.18
1604604600,0.18,0.18
1604605500,0.18,0.18
1604606400,0.18,0.18
1604607300,0.18,0.18
1604608200,0.18,0.18
1604609100,0.18,0.18
1604610000,0.18,0.18
1604610900,0.18,0.18
1604611800,0.18,0.18
1604612700,0.18,0.18
1604613600,0.18,0.18
1604614500,0.18,0.18
1604615400,0.18,0.18
1604616300,0.18,0.18
1604617200,0.18,0.18
1604618100,0.18,0.18
1604619000,0.18,0.18
1604619900,0.18,0.18
1604620800,0.18,0.18
1604621700,0.18,0.18
1604622600,0.18,0.18
1604623500,0.18,0.18
1604624400,0.18,0.18
1604625300,0.18,0.18
1604626200,0.18,0.18
1604627100,0.18,0.18
1604628000,0.18,0.18
1604628900,0.18,0.18
1604629800,0.18,0.18
1604630700,0.18,0.18
1604631600,0.18,0.18
1604632500,0.18,0.18
1604633400,0.18,0.18
1604634300,0.18,0.18
1604635200,0.18,0.18
1604636100,0.18,0.18
1604637000,0.18,0.18
1604637900,0.18,0.18
1604638800,0.18,0.18
1604639700,0.18,0.18
1604640600,0.18,0.18
1604641500,0.18,0.18
1604642400,0.18,0.18
1604643300,0.18,0.18
1604644200,0.18,0.18
1604645100,0.18,0.18
1604646000,0.18,0.18
1604646900,0.18,0.18
1604647800,0.18,0.18
1604648700,0.18,0.18
1604649600,0.18,0.18
1604650500,0.18,0.18
1604651400,0.18,0.18
1604652300,0.18,0.18
1604653200,0.18,0.18
1604654100,0.18,0.18
1604655000,0.18,0.18
1604655900,0.18,0.18
1604656800,0.18,0.18
1604657700,0.18,0.18
1604658600,0.18,0.18
1604659500,0.18,0.18
1604660400,0.18,0.18
1604661300,0.18,0.18
1604662200,0.18,0.18
1604663100,0.18,0.18
1604664000,0.18,0.18
1604664900,0.18,0.18
1604665800,0.18,0.18
1604666700,0.18,0.18
1604667600,0.18,0.18
1604668500,0.18,0.18
1604669400,0.18,0.18
1604670300,0.18,0.18
1604671200,0.18,0.18
1604672100,0.18,0.18
1604673000,0.18,0.18
1604673900,0.18,0.18
1604674800,0.18,0.18
1604675700,0.18,0.18
1604676600,0.18,0.18
1604677500,0.18,0.18
1604678400,0.18,0.18
1604679300,0.18,0.18
1604680200,0.18,0.18
1604681100,0.18,0.18
1604682000,0.18,0.18
1604682900,0.18,0.18
1604683800,0.18,0.18
1604684700,0.18,0.18
1604685600,0.18,0.18
1604686500,0.18,0.18
1604687400,0.18,0.18
1604688300,0.18,0.18
1604689200,0.18,0.18
1604690100,0.18,0.18
1604691000,0.18,0.18
1604691900,0.18,0.18
1604692800,0.18,0.18
1604693700,0.18,0.18
1604694600,0.18,0.18
1604695500,0.18,0.18
1604696400,0.18,0.18
1604697300,0.18,0.18
1604698200,0.18,0.18
1604699100,0.18,0.18
1604700000,0.18,0.18
1604700900,0.18,0.18
1604701800,0.18,0.18
1604702700,0.18,0.18
1604703600,0.18,0.18
1604704500,0.18,0.18
1604705400,0.18,0.18
1604706300,0.18,0.18
1604707200,0.18,0.18
1604708100,0.18,0.18
1604709000,0.18,0.18
1604709900,0.18,0.18
1604710800,0.18,0.18
1604711700,0.18,0.18
1604712600,0.18,0.18
1604713500,0.18,0.18
1604714400,0.18,0.18
1604715300,0.18,0.18
1604716200,0.18,0.18
1604717100,0.18,0.18
1604718000,0.18,0.18
1604718900,0.18,0.18
1604719800,0.18,0.18
1604720700,0.18,0.18
1604721600,0.18,0.18
1604722500,0.18,0.18
1604723400,0.18,0.18
1604724300,0.18,0.18
1604725200,0.18,0.18
1604726100,0.18,0.18
1604727000,0.18,0.18
1604727900,0.18,0.18
1604728800,0.18,0.18
1604729700,0.18,0.18
1604730600,0.18,0.18
1604731500,0.18,0.18
1604732400,0.18,0.18
1604733300,0.18,0.18
1604734200,0.18,0.18
1604735100,0.18,0.18
1604736000,0.18,0.18
1604736900,0.18,0.18
1604737800,0.18,0.18
1604738700,0.18,0.18
1604739600,0.18,0.18
1604740500,0.18,0.18
1604741400,0.18,0.18
1604742300,0.18,0.18
1604743200,0.18,0.18
1604744100,0.18,0.18
1604745000,0.18,0.18
1604745900,0.18,0.18
1604746800,0.18,0.18
1604747700,0.18,0.18
1604748600,0.18,0.18
1604749500,0.18,0.18
1604750400,0.18,0.18
1604751300,0.18,0.18
1604752200,0.18,0.18
1604753100,0.18,0.18
1604754000,0.18,0.18
1604754900,0.18,0.18
1604755800,0.18,0.18
1604756700,0.18,0.18
1604757600,0.18,0.18
1604758500,0.18,0.18
1604759400,0.18,0.18
1604760300,0.18,0.18
1604761200,0.18,0.18
1604762100,0.18,0.18
1604763000,0.18,0.18
1604763900,0.18,0.18
1604764800,0.18,0.18
1604765700,0.18,0.18
1604766600,0.18,0.18
1604767500,0.18,0.18
1604768400,0.18,0.18
1604769300,0.18,0.18
1604770200,0.18,0.18
1604771100,0.18,0.18
1604772000,0.18,0.18
1604772900,0.18,0.18
1604773800,0.18,0.18
1604774700,0.18,0.18
1604775600,0.18,0.18
1604776500,0.18,0.18
1604777400,0.18,0.18
1604778300,0.18,0.18
1604779200,0.18,0.18
1604780100,0.18,0.18
1604781000,0.18,0.18
1604781900,0.18,0.18
1604782800,0.18,0.18
1604783700,0.18,0.18
1604784600,0.18,0.18
1604785500,0.18,0.18
1604786400,0.18,0.18
1604787300,0.18,0.18
1604788200,0.18,0.18
1604789100,0.18,0.18
1604790000,0.18,0.18
1604790900,0.18,0.18
1604791800,0.18,0.18
1604792700,0.18,0.18
1604793600,0.18,0.18
1604794500,0.18,0.18
1604795400,0.18,0.18
1604796300,0.18,0.18
1604797200,0.18,0.18
1604798100,0.18,0.18
1604799000,0.18,0.18
1604799900,0.18,0.18
1604800800,0.18,0.18
1604801700,0.18,0.18
1604802600,0.18,0.18
1604803500,0.18,0.18
1604804400,0.18,0.18
1604805300,0.18,0.18
1604806200,0.18,0.18
1604807100,0.18,0.18
1604808000,0.18,0.18
1604808900,0.18,0.18
1604809800,0.18,0.18
1604810700,0.18,0.18
1604811600,0.18,0.18
1604812500,0.18,0.18
1604813400,0.18,0.18
1604814300,0.18,0.18
1604815200,0.18,0.18
1604816100,0.18,0.18
1604817000,0.18,0.18
1604817900,0.18,0.18
1604818800,0.18,0.18
1604819700,0.18,0.18
1604820600,0.18,0.18
1604821500,0.18,0.18
1604822400,0.18,0.18
1604823300,0.18,0.18
1604824200,0.18,0.18
1604825100,0.18,0.18
1604826000,0.18,0.18
1604826900,0.18,0.18
1604827800,0.18,0.18
1604828700,0.18,0.18
1604829600,0.18,0.18
1604830500,0.18,0.18
1604831400,0.18,0.18
1604832300,0.18,0.18
1604833200,0.18,0.18
1604834100,0.18,0.18
1604835000,0.18,0.18
1604835900,0.18,0.18
1604836800,0.18,0.18
1604837700,0.18,0.18
1604838600,0.18,0.18
1604839500,0.18,0.18
1604840400,0.18,0.18
1604841300,0.18,0.18
1604842200,0.18,0.18
1604843100,0.18,0.18
1604844000,0.18,0.18
1604844900,0.18,0.18
1604845800,0.18,0.18
1604846700,0.18,0.18
1604847600,0.18,0.18
1604848500,0.18,0.18
1604849400,0.18,0.18
1604850300,0.18,0.18
1604851200,0.18,0.18
1604852100,0.18,0.18
1604853000,0.18,0.18
1604853900,0.18,0.18
1604854800,0.18,0.18
1604855700,0.18,0.18
1604856600,0.18,0.18
1604857500,0.18,0.18
1604858400,0.18,0.18
1604859300,0.18,0.18
1604860200,0.18,0.18
1604861100,0.18,0.18
1604862000,0.18,0.18
1604862900,0.18,0.18
1604863800,0.18,0.18
1604864700,0.18,0.18
1604865600,0.18,0.18
1604866500,0.18,0.18
1604867400,0.18,0.18
1604868300,0.18,0.18
1604869200,0.18,0.18
1604870100,0.18,0.18
1604871000,0.18,0.18
1604871900,0.18,0.18
1604872800,0.18,0.18
1604873700,0.18,0.18
1604874600,0.18,0.18
1604875500,0.18,0.18
1604876400,0.18,0.18
1604877300,0.18,0.18
1604878200,0.18,0.18
1604879100,0.18,0.18
1604880000,0.18,0.18
1604880900,0.18,0.18
1604881800,0.18,0.18
1604882700,0.18,0.18
1604883600,0.18,0.18
1604884500,0.18,0.18
1604885400,0.18,0.18
1604886300,0.18,0.18
1604887200,0.18,0.18
1604888100,0.18,0.18
1604889000,0.18,0.18
1604889900,0.18,0.18
1604890800,0.18,0.18
1604891700,0.18,0.18
1604892600,0.18,0.18
1604893500,0.18,0.18
1604894400,0.18,0.18
1604895300,0.18,0.18
1604896200,0.18,0.18
1604897100,0.18,0.18
1604898000,0.18,0.18
1604898900,0.18,0.18
1604899800,0.18,0.18
1604900700,0.18,0.18
1604901600,0.18,0.18
1604902500,0.18,0.18
1604903400,0.18,0.18
1604904300,0.18,0.18
1604905200,0.18,0.18
1604906100,0.18,0.18
1604907000,0.18,0.18
1604907900,0.18,0.18
1604908800,0.18,0.18
1604909700,0.18,0.18
1604910600,0.18,0.18
1604911500,0.18,0.18
1604912400,0.18,0.18
1604913300,0.18,0.18
1604914200,0.18,0.18
1604915100,0.18,0.18
1604916000,0.18,0.18
1604916900,0.18,0.18
1604917800,0.18,0.18
1604918700,0.18,0.18
1604919600,0.18,0.18
1604920500,0.18,0.18
1604921400,0.18,0.18
1604922300,0.18,0.18
1604923200,0.18,0.18
1604924100,0.18,0.18
1604925000,0.18,0.18
1604925900,0.18,0.18
1604926800,0.18,0.18
1604927700,0.18,0.18
1604928600,0.18,0.18
1604929500,0.18,0.18
1604930400,0.18,0.18
1604931300,0.18,0.18
1604932200,0.18,0.18
1604933100,0.18,0.18
1604934000,0.18,0.18
1604934900,0.18,0.18
1604935800,0.18,0.18
1604936700,0.18,0.18
1604937600,0.18,0.18
1604938500,0.18,0.18
1604939400,0.18,0.18
1604940300,0.18,0.18
1604941200,0.18,0.18
1604942100,0.18,0.18
1604943000,0.18,0.18
1604943900,0.18,0.18
1604944800,0.18,0.18
1604945700,0.18,0.18
1604946600,0.18,0.18
1604947500,0.18,0.18
1604948400,0.18,0.18
1604949300,0.18,0.18
1604950200,0.18,0.18
1604951100,0.18,0.18
1604952000,0.18,0.18
1604952900,0.18,0.18
1604953800,0.18,0.18
1604954700,0.18,0.18
1604955600,0.18,0.18
1604956500,0.18,0.18
1604957400,0.18,0.18
1604958300,0.18,0.18
1604959200,0.18,0.18
1604960100,0.18,0.18
1604961000,0.18,0.18
1604961900,0.18,0.18
1604962800,0.18,0.18
1604963700,0.18,0.18
1604964600,0.18,0.18
1604965500,0.18,0.18
1604966400,0.18,0.18
1604967300,0.18,0.18
1604968200,0.18,0.18
1604969100,0.18,0.18
1604970000,0.18,0.18
1604970900,0.18,0.18
1604971800,0.18,0.18
1604972700,0.18,0.18
1604973600,0.18,0.18
1604974500,0.18,0.18
1604975400,0.18,0.18
1604976300,0.18,0.18
1604977200,0.18,0.18
1604978100,0.18,0.18
1604979000,0.18,0.18
1604979900,0.18,0.18
1604980800,0.18,0.18
1604981700,0.18,0.18
1604982600,0.18,0.18
1604983500,0.18,0.18
1604984400,0.18,0.18
1604985300,0.18,0.18
1604986200,0.18,0.18
1604987100,0.18,0.18
1604988000,0.18,0.18
1604988900,0.18,0.18
1604989800,0.18,0.18
1604990700,0.18,0.18
1604991600,0.18,0.18
1604992500,0.18,0.18
1604993400,0.18,0.18
1604994300,0.18,0.18
1604995200,0.18,0.18
1604996100,0.18,0.18
1604997000,0.18,0.18
1604997900,0.18,0.18
1604998800,0.18,0.18
1604999700,0.18,0.18
1605000600,0.18,0.18
1605001500,0.18,0.18
1605002400,0.18,0.18
1605003300,0.18,0.18
1605004200,0.18,0.18
1605005100,0.18,0.18
1605006000,0.18,0.18
1605006900,0.18,0.18
1605007800,0.18,0.18
1605008700,0.18,0.18
1605009600,0.18,0.18
1605010500,0.18,0.18
1605011400,0.18,0.18
1605012300,0.18,0.18
1605013200,0.18,0.18
1605014100,0.18,0.18
1605015000,0.18,0.18
1605015900,0.18,0.18
1605016800,0.18,0.18
1605017700,0.18,0.18
1605018600,0.18,0.18
1605019500,0.18,0.18
1605020400,0.18,0.18
1605021300,0.18,0.18
1605022200,0.18,0.18
1605023100,0.18,0.18
1605024000,0.18,0.18
1605024900,0.18,0.18
1605025800,0.18,0.18
1605026700,0.18,0.18
1605027600,0.18,0.18
1605028500,0.18,0.18
1605029400,0.18,0.18
1605030300,0.18,0.18
1605031200,0.18,0.18
1605032100,0.18,0.18
1605033000,0.18,0.18
1605033900,0.18,0.18
1605034800,0.18,0.18
1605035700,0.18,0.18
1605036600,0.18,0.18
1605037500,0.18,0.18
1605038400,0.18,0.18
1605039300,0.18,0.18
1605040200,0.18,0.18
1605041100,0.18,0.18
1605042000,0.18,0.18
1605042900,0.18,0.18
1605043800,0.18,0.18
1605044700,0.18,0.18
1605045600,0.18,0.18
1605046500,0.18,0.18
1605047400,0.18,0.18
1605048300,0.18,0.18
1605049200,0.18,0.18
1605050100,0.18,0.18
1605051000,0.18,0.18
1605051900,0.18,0.18
1605052800,0.18,0.18
1605053700,0.18,0.18
1605054600,0.18,0.18
1605055500,0.18,0.18
1605056400,0.18,0.18
1605057300,0.18,0.18
1605058200,0.18,0.18
1605059100,0.18,0.18
1605060000,0.18,0.18
1605060900,0.18,0.18
1605061800,0.18,0.18
1605062700,0.18,0.18
1605063600,0.18,0.18
1605064500,0.18,0.18
1605065400,0.18,0.18
1605066300,0.18,0.18
1605067200,0.18,0.18
1605068100,0.18,0.18
1605069000,0.18,0.18
1605069900,0.18,0.18
1605070800,0.18,0.18
1605071700,0.18,0.18
1605072600,0.18,0.18
1605073500,0.18,0.18
1605074400,0.18,0.18
1605075300,0.18,0.18
1605076200,0.18,0.18
1605077100,0.18,0.18
1605078000,0.18,0.18
1605078900,0.18,0.18
1605079800,0.18,0.18
1605080700,0.18,0.18
1605081600,0.18,0.18
1605082500,0.18,0.18
1605083400,0.18,0.18
1605084300,0.18,0.18
1605085200,0.18,0.18
1605086100,0.18,0.18
1605087000,0.18,0.18
1605087900,0.18,0.18
1605088800,0.18,0.18
1605089700,0.18,0.18
1605090600,0.18,0.18
1605091500,0.18,0.18
1605092400,0.18,0.18
1605093300,0.18,0.18
1605094200,0.18,0.18
1605095100,0.18,0.18
1605096000,0.18,0.18
1605096900,0.18,0.18
1605097800,0.18,0.18
1605098700,0.18,0.18
1605099600,0.18,0.18
1605100500,0.18,0.18
1605101400,0.18,0.18
1605102300,0.18,0.18
1605103200,0.18,0.18
1605104100,0.18,0.18
1605105000,0.18,0.18
1605105900,0.18,0.18
1605106800,0.18,0.18
1605107700,0.18,0.18
1605108600,0.18,0.18
1605109500,0.18,0.18
1605110400,0.18,0.18
1605111300,0.18,0.18
1605112200,0.18,0.18
1605113100,0.18,0.18
1605114000,0.18,0.18
1605114900,0.18,0.18
1605115800,0.18,0.18
1605116700,0.18,0.18
1605117600,0.18,0.18
1605118500,0.18,0.18
1605119400,0.18,0.18
1605120300,0.18,0.18
1605121200,0.18,0.18
1605122100,0.18,0.18
1605123000,0.18,0.18
1605123900,0.18,0.18
1605124800,0.18,0.18
1605125700,0.18,0.18
1605126600,0.18,0.18
1605127500,0.18,0.18
1605128400,0.18,0.18
1605129300,0.18,0.18
1605130200,0.18,0.18
1605131100,0.18,0.18
1605132000,0.18,0.18
1605132900,0.18,0.18
1605133800,0.18,0.18
1605134700,0.18,0.18
1605135600,0.18,0.18
1605136500,0.18,0.18
1605137400,0.18,0.18
1605138300,0.18,0.18
1605139200,0.18,0.18
1605140100,0.18,0.18
1605141000,0.18,0.18
1605141900,0.18,0.18
1605142800,0.18,0.18
1605143700,0.18,0.18
1605144600,0.18,0.18
1605145500,0.18,0.18
1605146400,0.18,0.18
1605147300,0.18,0.18
1605148200,0.18,0.18
1605149100,0.18,0.18
1605150000,0.18,0.18
1605150900,0.18,0.18
1605151800,0.18,0.18
1605152700,0.18,0.18
1605153600,0.18,0.18
1605154500,0.18,0.18
1605155400,0.18,0.18
1605156300,0.18,0.18
1605157200,0.18,0.18
1605158100,0.18,0.18
1605159000,0.18,0.18
1605159900,0.18,0.18
1605160800,0.18,0.18
1605161700,0.18,0.18
1605162600,0.18,0.18
1605163500,0.18,0.18
1605164400,0.18,0.18
1605165300,0.18,0.18
1605166200,0.18,0.18
1605167100,0.18,0.18
1605168000,0.18,0.18
1605168900,0.18,0.18
1605169800,0.18,0.18
1605170700,0.18,0.18
1605171600,0.18,0.18
1605172500,0.18,0.18
1605173400,0.18,0.18
1605174300,0.18,0.18
1605175200,0.18,0.18
1605176100,0.18,0.18
1605177000,0.18,0.18
1605177900,0.18,0.18
1605178800,0.18,0.18
1605179700,0.18,0.18
1605180600,0.18,0.18
1605181500,0.18,0.18
1605182400,0.18,0.18
1605183300,0.18,0.18
1605184200,0.18,0.18
1605185100,0.18,0.18
1605186000,0.18,0.18
1605186900,0.18,0.18
1605187800,0.18,0.18
1605188700,0.18,0.18
1605189600,0.18,0.18
1605190500,0.18,0.18
1605191400,0.18,0.18
1605192300,0.18,0.18
1605193200,0.18,0.18
1605194100,0.18,0.18
1605195000,0.18,0.18
1605195900,0.18,0.18
1605196800,0.18,0.18
1605197700,0.18,0.18
1605198600,0.18,0.18
1605199500,0.18,0.18
1605200400,0.18,0.18
1605201300,0.18,0.18
1605202200,0.18,0.18
1605203100,0.18,0.18
1605204000,0.18,0.18
1605204900,0.18,0.18
1605205800,0.18,0.18
1605206700,0.18,0.18
1605207600,0.18,0.18
1605208500,0.18,0.18
1605209400,0.18,0.18
1605210300,0.18,0.18
1605211200,0.18,0.18
1605212100,0.18,0.18
1605213000,0.18,0.18
1605213900,0.18,0.18
1605214800,0.18,0.18
1605215700,0.18,0.18
1605216600,0.18,0.18
1605217500,0.18,0.18
1605218400,0.18,0.18
1605219300,0.18,0.18
1605220200,0.18,0.18
1605221100,0.18,0.18
1605222000,0.18,0.18
1605222900,0.18,0.18
1605223800,0.18,0.18
1605224700,0.18,0.18
1605225600,0.18,0.18
1605226500,0.18,0.18
1605227400,0.18,0.18
1605228300,0.18,0.18
1605229200,0.18,0.18
1605230100,0.18,0.18
1605231000,0.18,0.18
1605231900,0.18,0.18
1605232800,0.18,0.18
1605233700,0.18,0.18
1605234600,0.18,0.18
1605235500,0.18,0.18
1605236400,0.18,0.18
1605237300,0.18,0.18
1605238200,0.18,0.18
1605239100,0.18,0.18
1605240000,0.18,0.18
1605240900,0.18,0.18
1605241800,0.18,0.18
1605242700,0.18,0.18
1605243600,0.18,0.18
1605244500,0.18,0.18
1605245400,0.18,0.18
1605246300,0.18,0.18
1605247200,0.18,0.18
1605248100,0.18,0.18
1605249000,0.18,0.18
1605249900,0.18,0.18
1605250800,0.18,0.18
1605251700,0.18,0.18
1605252600,0.18,0.18
1605253500,0.18,0.18
1605254400,0.18,0.18
1605255300,0.18,0.18
1605256200,0.18,0.18
1605257100,0.18,0.18
1605258000,0.18,0.18
1605258900,0.18,0.18
1605259800,0.18,0.18
1605260700,0.18,0.18
1605261600,0.18,0.18
1605262500,0.18,0.18
1605263400,0.18,0.18
1605264300,0.18,0.18
1605265200,0.18,0.18
1605266100,0.18,0.18
1605267000,0.18,0.18
1605267900,0.18,0.18
1605268800,0.18,0.18
1605269700,0.18,0.18
1605270600,0.18,0.18
1605271500,0.18,0.18
1605272400,0.18,0.18
1605273300,0.18,0.18
1605274200,0.18,0.18
1605275100,0.18,0.18
1605276000,0.18,0.18
1605276900,0.18,0.18
1605277800,0.18,0.18
1605278700,0.18,0.18
1605279600,0.18,0.18
1605280500,0.18,0.18
1605281400,0.18,0.18
1605282300,0.18,0.18
1605283200,0.18,0.18
1605284100,0.18,0.18
1605285000,0.18,0.18
1605285900,0.18,0.18
1605286800,0.18,0.18
1605287700,0.18,0.18
1605288600,0.18,0.18
1605289500,0.18,0.18
1605290400,0.18,0.18
1605291300,0.18,0.18
1605292200,0.18,0.18
1605293100,0.18,0.18
1605294000,0.18,0.18
1605294900,0.18,0.18
1605295800,0.18,0.18
1605296700,0.18,0.18
1605297600,0.18,0.18
1605298500,0.18,0.18
1605299400,0.18,0.18
1605300300,0.18,0.18
1605301200,0.18,0.18
1605302100,0.18,0.18
1605303000,0.18,0.18
1605303900,0.18,0.18
1605304800,0.18,0.18
1605305700,0.18,0.18
1605306600,0.18,0.18
1605307500,0.18,0.18
1605308400,0.18,0.18
1605309300,0.18,0.18
1605310200,0.18,0.18
1605311100,0.18,0.18
1605312000,0.18,0.18
1605312900,0.18,0.18
1605313800,0.18,0.18
1605314700,0.18,0.18
1605315600,0.18,0.18
1605316500,0.18,0.18
1605317400,0.18,0.18
1605318300,0.18,0.18
1605319200,0.18,0.18
1605320100,0.18,0.18
1605321000,0.18,0.18
1605321900,0.18,0.18
1605322800,0.18,0.18
1605323700,0.18,0.18
1605324600,0.18,0.18
1605325500,0.18,0.18
1605326400,0.18,0.18
1605327300,0.18,0.18
1605328200,0.18,0.18
1605329100,0.18,0.18
1605330000,0.18,0.18
1605330900,0.18,0.18
1605331800,0.18,0.18
1605332700,0.18,0.18
1605333600,0.18,0.18
1605334500,0.18,0.18
1605335400,0.18,0.18
1605336300,0.18,0.18
1605337200,0.18,0.18
1605338100,0.18,0.18
1605339000,0.18,0.18
1605339900,0.18,0.18
1605340800,0.18,0.18
1605341700,0.18,0.18
1605342600,0.18,0.18
1605343500,0.18,0.18
1605344400,0.18,0.18
1605345300,0.18,0.18
1605346200,0.18,0.18
1605347100,0.18,0.18
1605348000,0.18,0.18
1605348900,0.18,0.18
1605349800,0.18,0.18
1605350700,0.18,0.18
1605351600,0.18,0.18
1605352500,0.18,0.18
1605353400,0.18,0.18
1605354300,0.18,0.18
1605355200,0.18,0.18
1605356100,0.18,0.18
1605357000,0.18,0.18
1605357900,0.18,0.18
1605358800,0.18,0.18
1605359700,0.18,0.18
1605360600,0.18,0.18
1605361500,0.18,0.18
1605362400,0.18,0.18
1605363300,0.18,0.18
1605364200,0.18,0.18
1605365100,0.18,0.18
1605366000,0.18,0.18
1605366900,0.18,0.18
1605367800,0.18,0.18
1605368700,0.18,0.18
1605369600,0.18,0.18
1605370500,0.18,0.18
1605371400,0.18,0.18
1605372300,0.18,0.18
1605373200,0.18,0.18
1605374100,0.18,0.18
1605375000,0.18,0.18
1605375900,0.18,0.18
1605376800,0.18,0.18
1605377700,0.18,0.18
1605378600,0.18,0.18
1605379500,0.18,0.18
1605380400,0.18,0.18
1605381300,0.18,0.18
1605382200,0.18,0.18
1605383100,0.18,0.18
1605384000,0.18,0.18
1605384900,0.18,0.18
1605385800,0.18,0.18
1605386700,0.18,0.18
1605387600,0.18,0.18
1605388500,0.18,0.18
1605389400,0.18,0.18
1605390300,0.18,0.18
1605391200,0.18,0.18
1605392100,0.18,0.18
1605393000,0.18,0.18
1605393900,0.18,0.18
1605394800,0.18,0.18
1605395700,0.18,0.18
1605396600,0.18,0.18
1605397500,0.18,0.18
1605398400,0.18,0.18
1605399300,0.18,0.18
1605400200,0.18,0.18
1605401100,0.18,0.18
1605402000,0.18,0.18
1605402900,0.18,0.18
1605403800,0.18,0.18
1605404700,0.18,0.18
1605405600,0.18,0.18
1605406500,0.18,0.18
1605407400,0.18,0.18
1605408300,0.18,0.18
1605409200,0.18,0.18
1605410100,0.18,0.18
1605411000,0.18,0.18
1605411900,0.18,0.18
1605412800,0.18,0.18
1605413700,0.18,0.18
1605414600,0.18,0.18
1605415500,0.18,0.18
1605416400,0.18,0.18
1605417300,0.18,0.18
1605418200,0.18,0.18
1605419100,0.18,0.18
1605420000,0.18,0.18
1605420900,0.18,0.18
1605421800,0.18,0.18
1605422700,0.18,0.18
1605423600,0.18,0.18
1605424500,0.18,0.18
1605425400,0.18,0.18
1605426300,0.18,0.18
1605427200,0.18,0.18
1605428100,0.18,0.18
1605429000,0.18,0.18
1605429900,0.18,0.18
1605430800,0.18,0.18
1605431700,0.18,0.18
1605432600,0.18,0.18
1605433500,0.18,0.18
1605434400,0.18,0.18
1605435300,0.18,0.18
1605436200,0.18,0.18
1605437100,0.18,0.18
1605438000,0.18,0.18
1605438900,0.18,0.18
1605439800,0.18,0.18
1605440700,0.18,0.18
1605441600,0.18,0.18
1605442500,0.18,0.18
1605443400,0.18,0.18
1605444300,0.18,0.18
1605445200,0.18,0.18
1605446100,0.18,0.18
1605447000,0.18,0.18
1605447900,0.18,0.18
1605448800,0.18,0.18
1605449700,0.18,0.18
1605450600,0.18,0.18
1605451500,0.18,0.18
1605452400,0.18,0.18
1605453300,0.18,0.18
1605454200,0.18,0.18
1605455100,0.18,0.18
1605456000,0.18,0.18
1605456900,0.18,0.18
1605457800,0.18,0.18
1605458700,0.18,0.18
1605459600,0.18,0.18
1605460500,0.18,0.18
1605461400,0.18,0.18
1605462300,0.18,0.18
1605463200,0.18,0.18
1605464100,0.18,0.18
1605465000,0.18,0.18
1605465900,0.18,0.18
1605466800,0.18,0.18
1605467700,0.18,0.18
1605468600,0.18,0.18
1605469500,0.18,0.18
1605470400,0.18,0.18
1605471300,0.18,0.18
1605472200,0.18,0.18
1605473100,0.18,0.18
1605474000,0.18,0.18
1605474900,0.18,0.18
1605475800,0.18,0.18
1605476700,0.18,0.18
1605477600,0.18,0.18
1605478500,0.18,0.18
1605479400,0.18,0.18
1605480300,0.18,0.18
1605481200,0.18,0.18
1605482100,0.18,0.18
1605483000,0.18,0.18
1605483900,0.18,0.18
1605484800,0.18,0.18
1605485700,0.18,0.18
1605486600,0.18,0.18
1605487500,0.18,0.18
1605488400,0.18,0.18
1605489300,0.18,0.18
1605490200,0.18,0.18
1605491100,0.18,0.18
1605492000,0.18,0.18
1605492900,0.18,0.18
1605493800,0.18,0.18
1605494700,0.18,0.18
1605495600,0.18,0.18
1605496500,0.18,0.18
1605497400,0.18,0.18
1605498300,0.18,0.18
1605499200,0.18,0.18
1605500100,0.18,0.18
1605501000,0.18,0.18
1605501900,0.18,0.18
1605502800,0.18,0.18
1605503700,0.18,0.18
1605504600,0.18,0.18
1605505500,0.18,0.18
1605506400,0.18,0.18
1605507300,0.18,0.18
1605508200,0.18,0.18
1605509100,0.18,0.18
1605510000,0.18,0.18
1605510900,0.18,0.18
1605511800,0.18,0.18
1605512700,0.18,0.18
1605513600,0.18,0.18
1605514500,0.18,0.18
1605515400,0.18,0.18
1605516300,0.18,0.18
1605517200,0.18,0.18
1605518100,0.18,0.18
1605519000,0.18,0.18
1605519900,0.18,0.18
1605520800,0.18,0.18
1605521700,0.18,0.18
1605522600,0.18,0.18
1605523500,0.18,0.18
1605524400,0.18,0.18
1605525300,0.18,0.18
1605526200,0.18,0.18
1605527100,0.18,0.18
1605528000,0.18,0.18
1605528900,0.18,0.18
1605529800,0.18,0.18
1605530700,0.18,0.18
1605531600,0.18,0.18
1605532500,0.18,0.18
1605533400,0.18,0.18
1605534300,0.18,0.18
1605535200,0.18,0.18
1605536100,0.18,0.18
1605537000,0.18,0.18
1605537900,0.18,0.18
1605538800,0.18,0.18
1605539700,0.18,0.18
1605540600,0.18,0.18
1605541500,0.18,0.18
1605542400,0.18,0.18
1605543300,0.18,0.18
1605544200,0.18,0.18
1605545100,0.18,0.18
1605546000,0.18,0.18
1605546900,0.18,0.18
1605547800,0.18,0.18
1605548700,0.18,0.18
1605549600,0.18,0.18
1605550500,0.18,0.18
1605551400,0.18,0.18
1605552300,0.18,0.18
1605553200,0.18,0.18
1605554100,0.18,0.18
1605555000,0.18,0.18
1605555900,0.18,0.18
1605556800,0.18,0.18
1605557700,0.18,0.18
1605558600,0.18,0.18
1605559500,0.18,0.18
1605560400,0.18,0.18
1605561300,0.18,0.18
1605562200,0.18,0.18
1605563100,0.18,0.18
1605564000,0.18,0.18
1605564900,0.18,0.18
1605565800,0.18,0.18
1605566700,0.18,0.18
1605567600,0.18,0.18
1605568500,0.18,0.18
1605569400,0.18,0.18
1605570300,0.18,0.18
1605571200,0.18,0.18
1605572100,0.18,0.18
1605573000,0.18,0.18
1605573900,0.18,0.18
1605574800,0.18,0.18
1605575700,0.18,0.18
1605576600,0.18,0.18
1605577500,0.18,0.18
1605578400,0.18,0.18
1605579300,0.18,0.18
1605580200,0.18,0.18
1605581100,0.18,0.18
1605582000,0.18,0.18
1605582900,0.18,0.18
1605583800,0.18,0.18
1605584700,0.18,0.18
1605585600,0.18,0.18
1605586500,0.18,0.18
1605587400,0.18,0.18
1605588300,0.18,0.18
1605589200,0.18,0.18
1605590100,0.18,0.18
1605591000,0.18,0.18
1605591900,0.18,0.18
1605592800,0.18,0.18
1605593700,0.18,0.18
1605594600,0.18,0.18
1605595500,0.18,0.18
1605596400,0.18,0.18
1605597300,0.18,0.18
1605598200,0.18,0.18
1605599100,0.18,0.18
1605600000,0.18,0.18
1605600900,0.18,0.18
1605601800,0.18,0.18
1605602700,0.18,0.18
1605603600,0.18,0.18
1605604500,0.18,0.18
1605605400,0.18,0.18
1605606300,0.18,0.18
1605607200,0.18,0.18
1605608100,0.18,0.18
1605609000,0.18,0.18
1605609900,0.18,0.18
1605610800,0.18,0.18
1605611700,0.18,0.18
1605612600,0.18,0.18
1605613500,0.18,0.18
1605614400,0.18,0.18
1605615300,0.18,0.18
1605616200,0.18,0.18
1605617100,0.18,0.18
1605618000,0.18,0.18
1605618900,0.18,0.18
1605619800,0.18,0.18
1605620700,0.18,0.18
1605621600,0.18,0.18
1605622500,0.18,0.18
1605623400,0.18,0.18
1605624300,0.18,0.18
1605625200,0.18,0.18
1605626100,0.18,0.18
1605627000,0.18,0.18
1605627900,0.18,0.18
1605628800,0.18,0.18
1605629700,0.18,0.18
1605630600,0.18,0.18
1605631500,0.18,0.18
1605632400,0.18,0.18
1605633300,0.18,0.18
1605634200,0.18,0.18
1605635100,0.18,0.18
1605636000,0.18,0.18
1605636900,0.18,0.18
1605637800,0.18,0.18
1605638700,0.18,0.18
1605639600,0.18,0.18
1605640500,0.18,0.18
1605641400,0.18,0.18
1605642300,0.18,0.18
1605643200,0.18,0.18
1605644100,0.18,0.18
1605645000,0.18,0.18
1605645900,0.18,0.18
1605646800,0.18,0.18
1605647700,0.18,0.18
1605648600,0.18,0.18
1605649500,0.18,0.18
1605650400,0.18,0.18
1605651300,0.18,0.18
1605652200,0.18,0.18
1605653100,0.18,0.18
1605654000,0.18,0.18
1605654900,0.18,0.18
1605655800,0.18,0.18
1605656700,0.18,0.18
1605657600,0.18,0.18
1605658500,0.18,0.18
1605659400,0.18,0.18
1605660300,0.18,0.18
1605661200,0.18,0.18
1605662100,0.18,0.18
1605663000,0.18,0.18
1605663900,0.18,0.18
1605664800,0.18,0.18
1605665700,0.18,0.18
1605666600,0.18,0.18
1605667500,0.18,0.18
1605668400,0.18,0.18
1605669300,0.18,0.18
1605670200,0.18,0.18
1605671100,0.18,0.18
1605672000,0.18,0.18
1605672900,0.18,0.18
1605673800,0.18,0.18
1605674700,0.18,0.18
1605675600,0.18,0.18
1605676500,0.18,0.18
1605677400,0.18,0.18
1605678300,0.18,0.18
1605679200,0.18,0.18
1605680100,0.18,0.18
1605681000,0.18,0.18
1605681900,0.18,0.18
1605682800,0.18,0.18
1605683700,0.18,0.18
1605684600,0.18,0.18
1605685500,0.18,0.18
1605686400,0.18,0.18
1605687300,0.18,0.18
1605688200,0.18,0.18
1605689100,0.18,0.18
1605690000,0.18,0.18
1605690900,0.18,0.18
1605691800,0.18,0.18
1605692700,0.18,0.18
1605693600,0.18,0.18
1605694500,0.18,0.18
1605695400,0.18,0.18
1605696300,0.18,0.18
1605697200,0.18,0.18
1605698100,0.18,0.18
1605699000,0.18,0.18
1605699900,0.18,0.18
1605700800,0.18,0.18
1605701700,0.18,0.18
1605702600,0.18,0.18
1605703500,0.18,0.18
1605704400,0.18,0.18
1605705300,0.18,0.18
1605706200,0.18,0.18
1605707100,0.18,0.18
1605708000,0.18,0.18
1605708900,0.18,0.18
1605709800,0.18,0.18
1605710700,0.18,0.18
1605711600,0.18,0.18
1605712500,0.18,0.18
1605713400,0.18,0.18
1605714300,0.18,0.18
1605715200,0.18,0.18
1605716100,0.18,0.18
1605717000,0.18,0.18
1605717900,0.18,0.18
1605718800,0.18,0.18
1605719700,0.18,0.18
1605720600,0.18,0.18
1605721500,0.18,0.18
1605722400,0.18,0.18
1605723300,0.18,0.18
1605724200,0.18,0.18
1605725100,0.18,0.18
1605726000,0.18,0.18
1605726900,0.18,0.18
1605727800,0.18,0.18
1605728700,0.18,0.18
1605729600,0.18,0.18
1605730500,0.18,0.18
1605731400,0.18,0.18
1605732300,0.18,0.18
1605733200,0.18,0.18
1605734100,0.18,0.18
1605735000,0.18,0.18
1605735900,0.18,0.18
1605736800,0.18,0.18
1605737700,0.18,0.18
1605738600,0.18,0.18
1605739500,0.18,0.18
1605740400,0.18,0.18
1605741300,0.18,0.18
1605742200,0.18,0.18
1605743100,0.18,0.18
1605744000,0.18,0.18
1605744900,0.18,0.18
1605745800,0.18,0.18
1605746700,0.18,0.18
1605747600,0.18,0.18
1605748500,0.18,0.18
1605749400,0.18,0.18
1605750300,0.18,0.18
1605751200,0.18,0.18
1605752100,0.18,0.18
1605753000,0.18,0.18
1605753900,0.18,0.18
1605754800,0.18,0.18
1605755700,0.18,0.18
1605756600,0.18,0.18
1605757500,0.18,0.18
1605758400,0.18,0.18
1605759300,0.18,0.18
1605760200,0.18,0.18
1605761100,0.18,0.18
1605762000,0.18,0.18
1605762900,0.18,0.18
1605763800,0.18,0.18
1605764700,0.18,0.18
1605765600,0.18,0.18
1605766500,0.18,0.18
1605767400,0.18,0.18
1605768300,0.18,0.18
1605769200,0.18,0.18
1605770100,0.18,0.18
1605771000,0.18,0.18
1605771900,0.18,0.18
1605772800,0.18,0.18
1605773700,0.18,0.18
1605774600,0.18,0.18
1605775500,0.18,0.18
1605776400,0.18,0.18
1605777300,0.18,0.18
1605778200,0.18,0.18
1605779100,0.18,0.18
1605780000,0.18,0.18
1605780900,0.18,0.18
1605781800,0.18,0.18
1605782700,0.18,0.18
1605783600,0.18,0.18
1605784500,0.18,0.18
1605785400,0.18,0.18
1605786300,0.18,0.18
1605787200,0.18,0.18
1605788100,0.18,0.18
1605789000,0.18,0.18
1605789900,0.18,0.18
1605790800,0.18,0.18
1605791700,0.18,0.18
1605792600,0.18,0.18
1605793500,0.18,0.18
1605794400,0.18,0.18
1605795300,0.18,0.18
1605796200,0.18,0.18
1605797100,0.18,0.18
1605798000,0.18,0.18
1605798900,0.18,0.18
1605799800,0.18,0.18
1605800700,0.18,0.18
1605801600,0.18,0.18
1605802500,0.18,0.18
1605803400,0.18,0.18
1605804300,0.18,0.18
1605805200,0.18,0.18
1605806100,0.18,0.18
1605807000,0.18,0.18
1605807900,0.18,0.18
1605808800,0.18,0.18
1605809700,0.18,0.18
1605810600,0.18,0.18
1605811500,0.18,0.18
1605812400,0.18,0.18
1605813300,0.18,0.18
1605814200,0.18,0.18
1605815100,0.18,0.18
1605816000,0.18,0.18
1605816900,0.18,0.18
1605817800,0.18,0.18
1605818700,0.18,0.18
1605819600,0.18,0.18
1605820500,0.18,0.18
1605821400,0.18,0.18
1605822300,0.18,0.18
1605823200,0.18,0.18
1605824100,0.18,0.18
1605825000,0.18,0.18
1605825900,0.18,0.18
1605826800,0.18,0.18
1605827700,0.18,0.18
1605828600,0.18,0.18
1605829500,0.18,0.18
1605830400,0.18,0.18
1605831300,0.18,0.18
1605832200,0.18,0.18
1605833100,0.18,0.18
1605834000,0.18,0.18
1605834900,0.18,0.18
1605835800,0.18,0.18
1605836700,0.18,0.18
1605837600,0.18,0.18
1605838500,0.18,0.18
1605839400,0.18,0.18
1605840300,0.18,0.18
1605841200,0.18,0.18
1605842100,0.18,0.18
1605843000,0.18,0.18
1605843900,0.18,0.18
1605844800,0.18,0.18
1605845700,0.18,0.18
1605846600,0.18,0.18
1605847500,0.18,0.18
1605848400,0.18,0.18
1605849300,0.18,0.18
1605850200,0.18,0.18
1605851100,0.18,0.18
1605852000,0.18,0.18
1605852900,0.18,0.18
1605853800,0.18,0.18
1605854700,0.18,0.18
1605855600,0.18,0.18
1605856500,0.18,0.18
1605857400,0.18,0.18
1605858300,0.18,0.18
1605859200,0.18,0.18
1605860100,0.18,0.18
1605861000,0.18,0.18
1605861900,0.18,0.18
1605862800,0.18,0.18
1605863700,0.18,0.18
1605864600,0.18,0.18
1605865500,0.18,0.18
1605866400,0.18,0.18
1605867300,0.18,0.18
1605868200,0.18,0.18
1605869100,0.18,0.18
1605870000,0.18,0.18
1605870900,0.18,0.18
1605871800,0.18,0.18
1605872700,0.18,0.18
1605873600,0.18,0.18
1605874500,0.18,0.18
1605875400,0.18,0.18
1605876300,0.18,0.18
1605877200,0.18,0.18
1605878100,0.18,0.18
1605879000,0.18,0.18
1605879900,0.18,0.18
1605880800,0.18,0.18
1605881700,0.18,0.18
1605882600,0.18,0.18
1605883500,0.18,0.18
1605884400,0.18,0.18
1605885300,0.18,0.18
1605886200,0.18,0.18
1605887100,0.18,0.18
1605888000,0.18,0.18
1605888900,0.18,0.18
1605889800,0.18,0.18
1605890700,0.18,0.18
1605891600,0.18,0.18
1605892500,0.18,0.18
1605893400,0.18,0.18
1605894300,0.18,0.18
1605895200,0.18,0.18
1605896100,0.18,0.18
1605897000,0.18,0.18
1605897900,0.18,0.18
1605898800,0.18,0.18
1605899700,0.18,0.18
1605900600,0.18,0.18
1605901500,0.18,0.18
1605902400,0.18,0.18
1605903300,0.18,0.18
1605904200,0.18,0.18
1605905100,0.18,0.18
1605906000,0.18,0.18
1605906900,0.18,0.18
1605907800,0.18,0.18
1605908700,0.18,0.18
1605909600,0.18,0.18
1605910500,0.18,0.18
1605911400,0.18,0.18
1605912300,0.18,0.18
1605913200,0.18,0.18
1605914100,0.18,0.18
1605915000,0.18,0.18
1605915900,0.18,0.18
1605916800,0.18,0.18
1605917700,0.18,0.18
1605918600,0.18,0.18
1605919500,0.18,0.18
1605920400,0.18,0.18
1605921300,0.18,0.18
1605922200,0.18,0.18
1605923100,0.18,0.18
1605924000,0.18,0.18
1605924900,0.18,0.18
1605925800,0.18,0.18
1605926700,0.18,0.18
1605927600,0.18,0.18
1605928500,0.18,0.18
1605929400,0.18,0.18
1605930300,0.18,0.18
1605931200,0.18,0.18
1605932100,0.18,0.18
1605933000,0.18,0.18
1605933900,0.18,0.18
1605934800,0.18,0.18
1605935700,0.18,0.18
1605936600,0.18,0.18
1605937500,0.18,0.18
1605938400,0.18,0.18
1605939300,0.18,0.18
1605940200,0.18,0.18
1605941100,0.18,0.18
1605942000,0.18,0.18
1605942900,0.18,0.18
1605943800,0.18,0.18
1605944700,0.18,0.18
1605945600,0.18,0.18
1605946500,0.18,0.18
1605947400,0.18,0.18
1605948300,0.18,0.18
1605949200,0.18,0.18
1605950100,0.18,0.18
1605951000,0.18,0.18
1605951900,0.18,0.18
1605952800,0.18,0.18
1605953700,0.18,0.18
1605954600,0.18,0.18
1605955500,0.18,0.18
1605956400,0.18,0.18
1605957300,0.18,0.18
1605958200,0.18,0.18
1605959100,0.18,0.18
1605960000,0.18,0.18
1605960900,0.18,0.18
1605961800,0.18,0.18
1605962700,0.18,0.18
1605963600,0.18,0.18
1605964500,0.18,0.18
1605965400,0.18,0.18
1605966300,0.18,0.18
1605967200,0.18,0.18
1605968100,0.18,0.18
1605969000,0.18,0.18
1605969900,0.18,0.18
1605970800,0.18,0.18
1605971700,0.18,0.18
1605972600,0.18,0.18
1605973500,0.18,0.18
1605974400,0.18,0.18
1605975300,0.18,0.18
1605976200,0.18,0.18
1605977100,0.18,0.18
1605978000,0.18,0.18
1605978900,0.18,0.18
1605979800,0.18,0.18
1605980700,0.18,0.18
1605981600,0.18,0.18
1605982500,0.18,0.18
1605983400,0.18,0.18
1605984300,0.18,0.18
1605985200,0.18,0.18
1605986100,0.18,0.18
1605987000,0.18,0.18
1605987900,0.18,0.18
1605988800,0.18,0.18
1605989700,0.18,0.18
1605990600,0.18,0.18
1605991500,0.18,0.18
1605992400,0.18,0.18
1605993300,0.18,0.18
1605994200,0.18,0.18
1605995100,0.18,0.18
1605996000,0.18,0.18
1605996900,0.18,0.18
1605997800,0.18,0.18
1605998700,0.18,0.18
1605999600,0.18,0.18
1606000500,0.18,0.18
1606001400,0.18,0.18
1606002300,0.18,0.18
1606003200,0.18,0.18
1606004100,0.18,0.18
1606005000,0.18,0.18
1606005900,0.18,0.18
1606006800,0.18,0.18
1606007700,0.18,0.18
1606008600,0.18,0.18
1606009500,0.18,0.18
1606010400,0.18,0.18
1606011300,0.18,0.18
1606012200,0.18,0.18
1606013100,0.18,0.18
1606014000,0.18,0.18
1606014900,0.18,0.18
1606015800,0.18,0.18
1606016700,0.18,0.18
1606017600,0.18,0.18
1606018500,0.18,0.18
1606019400,0.18,0.18
1606020300,0.18,0.18
1606021200,0.18,0.18
1606022100,0.18,0.18
1606023000,0.18,0.18
1606023900,0.18,0.18
1606024800,0.18,0.18
1606025700,0.18,0.18
1606026600,0.18,0.18
1606027500,0.18,0.18
1606028400,0.18,0.18
1606029300,0.18,0.18
1606030200,0.18,0.18
1606031100,0.18,0.18
1606032000,0.18,0.18
1606032900,0.18,0.18
1606033800,0.18,0.18
1606034700,0.18,0.18
1606035600,0.18,0.18
1606036500,0.18,0.18
1606037400,0.18,0.18
1606038300,0.18,0.18
1606039200,0.18,0.18
1606040100,0.18,0.18
1606041000,0.18,0.18
1606041900,0.18,0.18
1606042800,0.18,0.18
1606043700,0.18,0.18
1606044600,0.18,0.18
1606045500,0.18,0.18
1606046400,0.18,0.18
1606047300,0.18,0.18
1606048200,0.18,0.18
1606049100,0.18,0.18
1606050000,0.18,0.18
1606050900,0.18,0.18
1606051800,0.18,0.18
1606052700,0.18,0.18
1606053600,0.18,0.18
1606054500,0.18,0.18
1606055400,0.18,0.18
1606056300,0.18,0.18
1606057200,0.18,0.18
1606058100,0.18,0.18
1606059000,0.18,0.18
1606059900,0.18,0.18
1606060800,0.18,0.18
1606061700,0.18,0.18
1606062600,0.18,0.18
1606063500,0.18,0.18
1606064400,0.18,0.18
1606065300,0.18,0.18
1606066200,0.18,0.18
1606067100,0.18,0.18
1606068000,0.18,0.18
1606068900,0.18,0.18
1606069800,0.18,0.18
1606070700,0.18,0.18
1606071600,0.18,0.18
1606072500,0.18,0.18
1606073400,0.18,0.18
1606074300,0.18,0.18
1606075200,0.18,0.18
1606076100,0.18,0.18
1606077000,0.18,0.18
1606077900,0.18,0.18
1606078800,0.18,0.18
1606079700,0.18,0.18
1606080600,0.18,0.18
1606081500,0.18,0.18
1606082400,0.18,0.18
1606083300,0.18,0.18
1606084200,0.18,0.18
1606085100,0.18,0.18
1606086000,0.18,0.18
1606086900,0.18,0.18
1606087800,0.18,0.18
1606088700,0.18,0.18
1606089600,0.18,0.18
1606090500,0.18,0.18
1606091400,0.18,0.18
1606092300,0.18,0.18
1606093200,0.18,0.18
1606094100,0.18,0.18
1606095000,0.18,0.18
1606095900,0.18,0.18
1606096800,0.18,0.18
1606097700,0.18,0.18
1606098600,0.18,0.18
1606099500,0.18,0.18
1606100400,0.18,0.18
1606101300,0.18,0.18
1606102200,0.18,0.18
1606103100,0.18,0.18
1606104000,0.18,0.18
1606104900,0.18,0.18
1606105800,0.18,0.18
1606106700,0.18,0.18
1606107600,0.18,0.18
1606108500,0.18,0.18
1606109400,0.18,0.18
1606110300,0.18,0.18
1606111200,0.18,0.18
1606112100,0.18,0.18
1606113000,0.18,0.18
1606113900,0.18,0.18
1606114800,0.18,0.18
1606115700,0.18,0.18
1606116600,0.18,0.18
1606117500,0.18,0.18
1606118400,0.18,0.18
1606119300,0.18,0.18
1606120200,0.18,0.18
1606121100,0.18,0.18
1606122000,0.18,0.18
1606122900,0.18,0.18
1606123800,0.18,0.18
1606124700,0.18,0.18
1606125600,0.18,0.18
1606126500,0.18,0.18
1606127400,0.18,0.18
1606128300,0.18,0.18
1606129200,0.18,0.18
1606130100,0.18,0.18
1606131000,0.18,0.18
1606131900,0.18,0.18
1606132800,0.18,0.18
1606133700,0.18,0.18
1606134600,0.18,0.18
1606135500,0.18,0.18
1606136400,0.18,0.18
1606137300,0.18,0.18
1606138200,0.18,0.18
1606139100,0.18,0.18
1606140000,0.18,0.18
1606140900,0.18,0.18
1606141800,0.18,0.18
1606142700,0.18,0.18
1606143600,0.18,0.18
1606144500,0.18,0.18
1606145400,0.18,0.18
1606146300,0.18,0.18
1606147200,0.18,0.18
1606148100,0.18,0.18
1606149000,0.18,0.18
1606149900,0.18,0.18
1606150800,0.18,0.18
1606151700,0.18,0.18
1606152600,0.18,0.18
1606153500,0.18,0.18
1606154400,0.18,0.18
1606155300,0.18,0.18
1606156200,0.18,0.18
1606157100,0.18,0.18
1606158000,0.18,0.18
1606158900,0.18,0.18
1606159800,0.18,0.18
1606160700,0.18,0.18
1606161600,0.18,0.18
1606162500,0.18,0.18
1606163400,0.18,0.18
1606164300,0.18,0.18
1606165200,0.18,0.18
1606166100,0.18,0.18
1606167000,0.18,0.18
1606167900,0.18,0.18
1606168800,0.18,0.18
1606169700,0.18,0.18
1606170600,0.18,0.18
1606171500,0.18,0.18
1606172400,0.18,0.18
1606173300,0.18,0.18
1606174200,0.18,0.18
1606175100,0.18,0.18
1606176000,0.18,0.18
1606176900,0.18,0.18
1606177800,0.18,0.18
1606178700,0.18,0.18
1606179600,0.18,0.18
1606180500,0.18,0.18
1606181400,0.18,0.18
1606182300,0.18,0.18
1606183200,0.18,0.18
1606184100,0.18,0.18
1606185000,0.18,0.18
1606185900,0.18,0.18
1606186800,0.18,0.18
1606187700,0.18,0.18
1606188600,0.18,0.18
1606189500,0.18,0.18
1606190400,0.18,0.18
1606191300,0.18,0.18
1606192200,0.18,0.18
1606193100,0.18,0.18
1606194000,0.18,0.18
1606194900,0.18,0.18
1606195800,0.18,0.18
1606196700,0.18,0.18
1606197600,0.18,0.18
1606198500,0.18,0.18
1606199400,0.18,0.18
1606200300,0.18,0.18
1606201200,0.18,0.18
1606202100,0.18,0.18
1606203000,0.18,0.18
1606203900,0.18,0.18
1606204800,0.18,0.18
1606205700,0.18,0.18
1606206600,0.18,0.18
1606207500,0.18,0.18
1606208400,0.18,0.18
1606209300,0.18,0.18
1606210200,0.18,0.18
1606211100,0.18,0.18
1606212000,0.18,0.18
1606212900,0.18,0.18
1606213800,0.18,0.18
1606214700,0.18,0.18
1606215600,0.18,0.18
1606216500,0.18,0.18
1606217400,0.18,0.18
1606218300,0.18,0.18
1606219200,0.18,0.18
1606220100,0.18,0.18
1606221000,0.18,0.18
1606221900,0.18,0.18
1606222800,0.18,0.18
1606223700,0.18,0.18
1606224600,0.18,0.18
1606225500,0.18,0.18
1606226400,0.18,0.18
1606227300,0.18,0.18
1606228200,0.18,0.18
1606229100,0.18,0.18
1606230000,0.18,0.18
1606230900,0.18,0.18
1606231800,0.18,0.18
1606232700,0.18,0.18
1606233600,0.18,0.18
1606234500,0.18,0.18
1606235400,0.18,0.18
1606236300,0.18,0.18
1606237200,0.18,0.18
1606238100,0.18,0.18
1606239000,0.18,0.18
1606239900,0.18,0.18
1606240800,0.18,0.18
1606241700,0.18,0.18
1606242600,0.18,0.18
1606243500,0.18,0.18
1606244400,0.18,0.18
1606245300,0.18,0.18
1606246200,0.18,0.18
1606247100,0.18,0.18
1606248000,0.18,0.18
1606248900,0.18,0.18
1606249800,0.18,0.18
1606250700,0.18,0.18
1606251600,0.18,0.18
1606252500,0.18,0.18
1606253400,0.18,0.18
1606254300,0.18,0.18
1606255200,0.18,0.18
1606256100,0.18,0.18
1606257000,0.18,0.18
1606257900,0.18,0.18
1606258800,0.18,0.18
1606259700,0.18,0.18
1606260600,0.18,0.18
1606261500,0.18,0.18
1606262400,0.18,0.18
1606263300,0.18,0.18
1606264200,0.18,0.18
1606265100,0.18,0.18
1606266000,0.18,0.18
1606266900,0.18,0.18
1606267800,0.18,0.18
1606268700,0.18,0.18
1606269600,0.18,0.18
1606270500,0.18,0.18
1606271400,0.18,0.18
1606272300,0.18,0.18
1606273200,0.18,0.18
1606274100,0.18,0.18
1606275000,0.18,0.18
1606275900,0.18,0.18
1606276800,0.18,0.18
1606277700,0.18,0.18
1606278600,0.18,0.18
1606279500,0.18,0.18
1606280400,0.18,0.18
1606281300,0.18,0.18
1606282200,0.18,0.18
1606283100,0.18,0.18
1606284000,0.18,0.18
1606284900,0.18,0.18
1606285800,0.18,0.18
1606286700,0.18,0.18
1606287600,0.18,0.18
1606288500,0.18,0.18
1606289400,0.18,0.18
1606290300,0.18,0.18
1606291200,0.18,0.18
1606292100,0.18,0.18
1606293000,0.18,0.18
1606293900,0.18,0.18
1606294800,0.18,0.18
1606295700,0.18,0.18
1606296600,0.18,0.18
1606297500,0.18,0.18
1606298400,0.18,0.18
1606299300,0.18,0.18
1606300200,0.18,0.18
1606301100,0.18,0.18
1606302000,0.18,0.18
1606302900,0.18,0.18
1606303800,0.18,0.18
1606304700,0.18,0.18
1606305600,0.18,0.18
1606306500,0.18,0.18
1606307400,0.18,0.18
1606308300,0.18,0.18
1606309200,0.18,0.18
1606310100,0.18,0.18
1606311000,0.18,0.18
1606311900,0.18,0.18
1606312800,0.18,0.18
1606313700,0.18,0.18
1606314600,0.18,0.18
1606315500,0.18,0.18
1606316400,0.18,0.18
1606317300,0.18,0.18
1606318200,0.18,0.18
1606319100,0.18,0.18
1606320000,0.18,0.18
1606320900,0.18,0.18
1606321800,0.18,0.18
1606322700,0.18,0.18
1606323600,0.18,0.18
1606324500,0.18,0.18
1606325400,0.18,0.18
1606326300,0.18,0.18
1606327200,0.18,0.18
1606328100,0.18,0.18
1606329000,0.18,0.18
1606329900,0.18,0.18
1606330800,0.18,0.18
1606331700,0.18,0.18
1606332600,0.18,0.18
1606333500,0.18,0.18
1606334400,0.18,0.18
1606335300,0.18,0.18
1606336200,0.18,0.18
1606337100,0.18,0.18
1606338000,0.18,0.18
1606338900,0.18,0.18
1606339800,0.18,0.18
1606340700,0.18,0.18
1606341600,0.18,0.18
1606342500,0.18,0.18
1606343400,0.18,0.18
1606344300,0.18,0.18
1606345200,0.18,0.18
1606346100,0.18,0.18
1606347000,0.18,0.18
1606347900,0.18,0.18
1606348800,0.18,0.18
1606349700,0.18,0.18
1606350600,0.18,0.18
1606351500,0.18,0.18
1606352400,0.18,0.18
1606353300,0.18,0.18
1606354200,0.18,0.18
1606355100,0.18,0.18
1606356000,0.18,0.18
1606356900,0.18,0.18
1606357800,0.18,0.18
1606358700,0.18,0.18
1606359600,0.18,0.18
1606360500,0.18,0.18
1606361400,0.18,0.18
1606362300,0.18,0.18
1606363200,0.18,0.18
1606364100,0.18,0.18
1606365000,0.18,0.18
1606365900,0.18,0.18
1606366800,0.18,0.18
1606367700,0.18,0.18
1606368600,0.18,0.18
1606369500,0.18,0.18
1606370400,0.18,0.18
1606371300,0.18,0.18
1606372200,0.18,0.18
1606373100,0.18,0.18
1606374000,0.18,0.18
1606374900,0.18,0.18
1606375800,0.18,0.18
1606376700,0.18,0.18
1606377600,0.18,0.18
1606378500,0.18,0.18
1606379400,0.18,0.18
1606380300,0.18,0.18
1606381200,0.18,0.18
1606382100,0.18,0.18
1606383000,0.18,0.18
1606383900,0.18,0.18
1606384800,0.18,0.18
1606385700,0.18,0.18
1606386600,0.18,0.18
1606387500,0.18,0.18
1606388400,0.18,0.18
1606389300,0.18,0.18
1606390200,0.18,0.18
1606391100,0.18,0.18
1606392000,0.18,0.18
1606392900,0.18,0.18
1606393800,0.18,0.18
1606394700,0.18,0.18
1606395600,0.18,0.18
1606396500,0.18,0.18
1606397400,0.18,0.18
1606398300,0.18,0.18
1606399200,0.18,0.18
1606400100,0.18,0.18
1606401000,0.18,0.18
1606401900,0.18,0.18
1606402800,0.18,0.18
1606403700,0.18,0.18
1606404600,0.18,0.18
1606405500,0.18,0.18
1606406400,0.18,0.18
1606407300,0.18,0.18
1606408200,0.18,0.18
1606409100,0.18,0.18
1606410000,0.18,0.18
1606410900,0.18,0.18
1606411800,0.18,0.18
1606412700,0.18,0.18
1606413600,0.18,0.18
1606414500,0.18,0.18
1606415400,0.18,0.18
1606416300,0.18,0.18
1606417200,0.18,0.18
1606418100,0.18,0.18
1606419000,0.18,0.18
1606419900,0.18,0.18
1606420800,0.18,0.18
1606421700,0.18,0.18
1606422600,0.18,0.18
1606423500,0.18,0.18
1606424400,0.18,0.18
1606425300,0.18,0.18
1606426200,0.18,0.18
1606427100,0.18,0.18
1606428000,0.18,0.18
1606428900,0.18,0.18
1606429800,0.18,0.18
1606430700,0.18,0.18
1606431600,0.18,0.18
1606432500,0.18,0.18
1606433400,0.18,0.18
1606434300,0.18,0.18
1606435200,0.18,0.18
1606436100,0.18,0.18
1606437000,0.18,0.18
1606437900,0.18,0.18
1606438800,0.18,0.18
1606439700,0.18,0.18
1606440600,0.18,0.18
1606441500,0.18,0.18
1606442400,0.18,0.18
1606443300,0.18,0.18
1606444200,0.18,0.18
1606445100,0.18,0.18
1606446000,0.18,0.18
1606446900,0.18,0.18
1606447800,0.18,0.18
1606448700,0.18,0.18
1606449600,0.18,0.18
1606450500,0.18,0.18
1606451400,0.18,0.18
1606452300,0.18,0.18
1606453200,0.18,0.18
1606454100,0.18,0.18
1606455000,0.18,0.18
1606455900,0.18,0.18
1606456800,0.18,0.18
1606457700,0.18,0.18
1606458600,0.18,0.18
1606459500,0.18,0.18
1606460400,0.18,0.18
1606461300,0.18,0.18
1606462200,0.18,0.18
1606463100,0.18,0.18
1606464000,0.18,0.18
1606464900,0.18,0.18
1606465800,0.18,0.18
1606466700,0.18,0.18
1606467600,0.18,0.18
1606468500,0.18,0.18
1606469400,0.18,0.18
1606470300,0.18,0.18
1606471200,0.18,0.18
1606472100,0.18,0.18
1606473000,0.18,0.18
1606473900,0.18,0.18
1606474800,0.18,0.18
1606475700,0.18,0.18
1606476600,0.18,0.18
1606477500,0.18,0.18
1606478400,0.18,0.18
1606479300,0.18,0.18
1606480200,0.18,0.18
1606481100,0.18,0.18
1606482000,0.18,0.18
1606482900,0.18,0.18
1606483800,0.18,0.18
1606484700,0.18,0.18
1606485600,0.18,0.18
1606486500,0.18,0.18
1606487400,0.18,0.18
1606488300,0.18,0.18
1606489200,0.18,0.18
1606490100,0.18,0.18
1606491000,0.18,0.18
1606491900,0.18,0.18
1606492800,0.18,0.18
1606493700,0.18,0.18
1606494600,0.18,0.18
1606495500,0.18,0.18
1606496400,0.18,0.18
1606497300,0.18,0.18
1606498200,0.18,0.18
1606499100,0.18,0.18
1606500000,0.18,0.18
1606500900,0.18,0.18
1606501800,0.18,0.18
1606502700,0.18,0.18
1606503600,0.18,0.18
1606504500,0.18,0.18
1606505400,0.18,0.18
1606506300,0.18,0.18
1606507200,0.18,0.18
1606508100,0.18,0.18
1606509000,0.18,0.18
1606509900,0.18,0.18
1606510800,0.18,0.18
1606511700,0.18,0.18
1606512600,0.18,0.18
1606513500,0.18,0.18
1606514400,0.18,0.18
1606515300,0.18,0.18
1606516200,0.18,0.18
1606517100,0.18,0.18
1606518000,0.18,0.18
1606518900,0.18,0.18
1606519800,0.18,0.18
1606520700,0.18,0.18
1606521600,0.18,0.18
1606522500,0.18,0.18
1606523400,0.18,0.18
1606524300,0.18,0.18
1606525200,0.18,0.18
1606526100,0.18,0.18
1606527000,0.18,0.18
1606527900,0.18,0.18
1606528800,0.18,0.18
1606529700,0.18,0.18
1606530600,0.18,0.18
1606531500,0.18,0.18
1606532400,0.18,0.18
1606533300,0.18,0.18
1606534200,0.18,0.18
1606535100,0.18,0.18
1606536000,0.18,0.18
1606536900,0.18,0.18
1606537800,0.18,0.18
1606538700,0.18,0.18
1606539600,0.18,0.18
1606540500,0.18,0.18
1606541400,0.18,0.18
1606542300,0.18,0.18
1606543200,0.18,0.18
1606544100,0.18,0.18
1606545000,0.18,0.18
1606545900,0.18,0.18
1606546800,0.18,0.18
1606547700,0.18,0.18
1606548600,0.18,0.18
1606549500,0.18,0.18
1606550400,0.18,0.18
1606551300,0.18,0.18
1606552200,0.18,0.18
1606553100,0.18,0.18
1606554000,0.18,0.18
1606554900,0.18,0.18
1606555800,0.18,0.18
1606556700,0.18,0.18
1606557600,0.18,0.18
1606558500,0.18,0.18
1606559400,0.18,0.18
1606560300,0.18,0.18
1606561200,0.18,0.18
1606562100,0.18,0.18
1606563000,0.18,0.18
1606563900,0.18,0.18
1606564800,0.18,0.18
1606565700,0.18,0.18
1606566600,0.18,0.18
1606567500,0.18,0.18
1606568400,0.18,0.18
1606569300,0.18,0.18
1606570200,0.18,0.18
1606571100,0.18,0.18
1606572000,0.18,0.18
1606572900,0.18,0.18
1606573800,0.18,0.18
1606574700,0.18,0.18
1606575600,0.18,0.18
1606576500,0.18,0.18
1606577400,0.18,0.18
1606578300,0.18,0.18
1606579200,0.18,0.18
1606580100,0.18,0.18
1606581000,0.18,0.18
1606581900,0.18,0.18
1606582800,0.18,0.18
1606583700,0.18,0.18
1606584600,0.18,0.18
1606585500,0.18,0.18
1606586400,0.18,0.18
1606587300,0.18,0.18
1606588200,0.18,0.18
1606589100,0.18,0.18
1606590000,0.18,0.18
1606590900,0.18,0.18
1606591800,0.18,0.18
1606592700,0.18,0.18
1606593600,0.18,0.18
1606594500,0.18,0.18
1606595400,0.18,0.18
1606596300,0.18,0.18
1606597200,0.18,0.18
1606598100,0.18,0.18
1606599000,0.18,0.18
1606599900,0.18,0.18
1606600800,0.18,0.18
1606601700,0.18,0.18
1606602600,0.18,0.18
1606603500,0.18,0.18
1606604400,0.18,0.18
1606605300,0.18,0.18
1606606200,0.18,0.18
1606607100,0.18,0.18
1606608000,0.18,0.18
1606608900,0.18,0.18
1606609800,0.18,0.18
1606610700,0.18,0.18
1606611600,0.18,0.18
1606612500,0.18,0.18
1606613400,0.18,0.18
1606614300,0.18,0.18
1606615200,0.18,0.18
1606616100,0.18,0.18
1606617000,0.18,0.18
1606617900,0.18,0.18
1606618800,0.18,0.18
1606619700,0.18,0.18
1606620600,0.18,0.18
1606621500,0.18,0.18
1606622400,0.18,0.18
1606623300,0.18,0.18
1606624200,0.18,0.18
1606625100,0.18,0.18
1606626000,0.18,0.18
1606626900,0.18,0.18
1606627800,0.18,0.18
1606628700,0.18,0.18
1606629600,0.18,0.18
1606630500,0.18,0.18
1606631400,0.18,0.18
1606632300,0.18,0.18
1606633200,0.18,0.18
1606634100,0.18,0.18
1606635000,0.18,0.18
1606635900,0.18,0.18
1606636800,0.18,0.18
1606637700,0.18,0.18
1606638600,0.18,0.18
1606639500,0.18,0.18
1606640400,0.18,0.18
1606641300,0.18,0.18
1606642200,0.18,0.18
1606643100,0.18,0.18
1606644000,0.18,0.18
1606644900,0.18,0.18
1606645800,0.18,0.18
1606646700,0.18,0.18
1606647600,0.18,0.18
1606648500,0.18,0.18
1606649400,0.18,0.18
1606650300,0.18,0.18
1606651200,0.18,0.18
1606652100,0.18,0.18
1606653000,0.18,0.18
1606653900,0.18,0.18
1606654800,0.18,0.18
1606655700,0.18,0.18
1606656600,0.18,0.18
1606657500,0.18,0.18
1606658400,0.18,0.18
1606659300,0.18,0.18
1606660200,0.18,0.18
1606661100,0.18,0.18
1606662000,0.18,0.18
1606662900,0.18,0.18
1606663800,0.18,0.18
1606664700,0.18,0.18
1606665600,0.18,0.18
1606666500,0.18,0.18
1606667400,0.18,0.18
1606668300,0.18,0.18
1606669200,0.18,0.18
1606670100,0.18,0.18
1606671000,0.18,0.18
1606671900,0.18,0.18
1606672800,0.18,0.18
1606673700,0.18,0.18
1606674600,0.18,0.18
1606675500,0.18,0.18
1606676400,0.18,0.18
1606677300,0.18,0.18
1606678200,0.18,0.18
1606679100,0.18,0.18
1606680000,0.18,0.18
1606680900,0.18,0.18
1606681800,0.18,0.18
1606682700,0.18,0.18
1606683600,0.18,0.18
1606684500,0.18,0.18
1606685400,0.18,0.18
1606686300,0.18,0.18
1606687200,0.18,0.18
1606688100,0.18,0.18
1606689000,0.18,0.18
1606689900,0.18,0.18
1606690800,0.18,0.18
1606691700,0.18,0.18
1606692600,0.18,0.18
1606693500,0.18,0.18
1606694400,0.18,0.18
1606695300,0.18,0.18
1606696200,0.18,0.18
1606697100,0.18,0.18
1606698000,0.18,0.18
1606698900,0.18,0.18
1606699800,0.18,0.18
1606700700,0.18,0.18
1606701600,0.18,0.18
1606702500,0.18,0.18
1606703400,0.18,0.18
1606704300,0.18,0.18
1606705200,0.18,0.18
1606706100,0.18,0.18
1606707000,0.18,0.18
1606707900,0.18,0.18
1606708800,0.18,0.18
1606709700,0.18,0.18
1606710600,0.18,0.18
1606711500,0.18,0.18
1606712400,0.18,0.18
1606713300,0.18,0.18
1606714200,0.18,0.18
1606715100,0.18,0.18
1606716000,0.18,0.18
1606716900,0.18,0.18
1606717800,0.18,0.18
1606718700,0.18,0.18
1606719600,0.18,0.18
1606720500,0.18,0.18
1606721400,0.18,0.18
1606722300,0.18,0.18
1606723200,0.18,0.18
1606724100,0.18,0.18
1606725000,0.18,0.18
1606725900,0.18,0.18
1606726800,0.18,0.18
1606727700,0.18,0.18
1606728600,0.18,0.18
1606729500,0.18,0.18
1606730400,0.18,0.18
1606731300,0.18,0.18
1606732200,0.18,0.18
1606733100,0.18,0.18
1606734000,0.18,0.18
1606734900,0.18,0.18
1606735800,0.18,0.18
1606736700,0.18,0.18
1606737600,0.18,0.18
1606738500,0.18,0.18
1606739400,0.18,0.18
1606740300,0.18,0.18
1606741200,0.18,0.18
1606742100,0.18,0.18
1606743000,0.18,0.18
1606743900,0.18,0.18
1606744800,0.18,0.18
1606745700,0.18,0.18
1606746600,0.18,0.18
1606747500,0.18,0.18
1606748400,0.18,0.18
1606749300,0.18,0.18
1606750200,0.18,0.18
1606751100,0.18,0.18
1606752000,0.18,0.18
1606752900,0.18,0.18
1606753800,0.18,0.18
1606754700,0.18,0.18
1606755600,0.18,0.18
1606756500,0.18,0.18
1606757400,0.18,0.18
1606758300,0.18,0.18
1606759200,0.18,0.18
1606760100,0.18,0.18
1606761000,0.18,0.18
1606761900,0.18,0.18
1606762800,0.18,0.18
1606763700,0.18,0.18
1606764600,0.18,0.18
1606765500,0.18,0.18
1606766400,0.18,0.18
1606767300,0.18,0.18
1606768200,0.18,0.18
1606769100,0.18,0.18
1606770000,0.18,0.18
1606770900,0.18,0.18
1606771800,0.18,0.18
1606772700,0.18,0.18
1606773600,0.18,0.18
1606774500,0.18,0.18
1606775400,0.18,0.18
1606776300,0.18,0.18
1606777200,0.18,0.18
1606778100,0.18,0.18
1606779000,0.18,0.18
1606779900,0.18,0.18
1606780800,0.18,0.18
1606781700,0.18,0.18
1606782600,0.18,0.18
1606783500,0.18,0.18
1606784400,0.18,0.18
1606785300,0.18,0.18
1606786200,0.18,0.18
1606787100,0.18,0.18
1606788000,0.18,0.18
1606788900,0.18,0.18
1606789800,0.18,0.18
1606790700,0.18,0.18
1606791600,0.18,0.18
1606792500,0.18,0.18
1606793400,0.18,0.18
1606794300,0.18,0.18
1606795200,0.18,0.18
1606796100,0.18,0.18
1606797000,0.18,0.18
1606797900,0.18,0.18
1606798800,0.18,0.18
1606799700,0.18,0.18
1606800600,0.18,0.18
1606801500,0.18,0.18
1606802400,0.18,0.18
1606803300,0.18,0.18
1606804200,0.18,0.18
1606805100,0.18,0.18
1606806000,0.18,0.18
1606806900,0.18,0.18
1606807800,0.18,0.18
1606808700,0.18,0.18
1606809600,0.18,0.18
1606810500,0.18,0.18
1606811400,0.18,0.18
1606812300,0.18,0.18
1606813200,0.18,0.18
1606814100,0.18,0.18
1606815000,0.18,0.18
1606815900,0.18,0.18
1606816800,0.18,0.18
1606817700,0.18,0.18
1606818600,0.18,0.18
1606819500,0.18,0.18
1606820400,0.18,0.18
1606821300,0.18,0.18
1606822200,0.18,0.18
1606823100,0.18,0.18
1606824000,0.18,0.18
1606824900,0.18,0.18
1606825800,0.18,0.18
1606826700,0.18,0.18
1606827600,0.18,0.18
1606828500,0.18,0.18
1606829400,0.18,0.18
1606830300,0.18,0.18
1606831200,0.18,0.18
1606832100,0.18,0.18
1606833000,0.18,0.18
1606833900,0.18,0.18
1606834800,0.18,0.18
1606835700,0.18,0.18
1606836600,0.18,0.18
1606837500,0.18,0.18
1606838400,0.18,0.18
1606839300,0.18,0.18
1606840200,0.18,0.18
1606841100,0.18,0.18
1606842000,0.18,0.18
1606842900,0.18,0.18
1606843800,0.18,0.18
1606844700,0.18,0.18
1606845600,0.18,0.18
1606846500,0.18,0.18
1606847400,0.18,0.18
1606848300,0.18,0.18
1606849200,0.18,0.18
1606850100,0.18,0.18
1606851000,0.18,0.18
1606851900,0.18,0.18
1606852800,0.18,0.18
1606853700,0.18,0.18
1606854600,0.18,0.18
1606855500,0.18,0.18
1606856400,0.18,0.18
1606857300,0.18,0.18
1606858200,0.18,0.18
1606859100,0.18,0.18
1606860000,0.18,0.18
1606860900,0.18,0.18
1606861800,0.18,0.18
1606862700,0.18,0.18
1606863600,0.18,0.18
1606864500,0.18,0.18
1606865400,0.18,0.18
1606866300,0.18,0.18
1606867200,0.18,0.18
1606868100,0.18,0.18
1606869000,0.18,0.18
1606869900,0.18,0.18
1606870800,0.18,0.18
1606871700,0.18,0.18
1606872600,0.18,0.18
1606873500,0.18,0.18
1606874400,0.18,0.18
1606875300,0.18,0.18
1606876200,0.18,0.18
1606877100,0.18,0.18
1606878000,0.18,0.18
1606878900,0.18,0.18
1606879800,0.18,0.18
1606880700,0.18,0.18
1606881600,0.18,0.18
1606882500,0.18,0.18
1606883400,0.18,0.18
1606884300,0.18,0.18
1606885200,0.18,0.18
1606886100,0.18,0.18
1606887000,0.18,0.18
1606887900,0.18,0.18
1606888800,0.18,0.18
1606889700,0.18,0.18
1606890600,0.18,0.18
1606891500,0.18,0.18
1606892400,0.18,0.18
1606893300,0.18,0.18
1606894200,0.18,0.18
1606895100,0.18,0.18
1606896000,0.18,0.18
1606896900,0.18,0.18
1606897800,0.18,0.18
1606898700,0.18,0.18
1606899600,0.18,0.18
1606900500,0.18,0.18
1606901400,0.18,0.18
1606902300,0.18,0.18
1606903200,0.18,0.18
1606904100,0.18,0.18
1606905000,0.18,0.18
1606905900,0.18,0.18
1606906800,0.18,0.18
1606907700,0.18,0.18
1606908600,0.18,0.18
1606909500,0.18,0.18
1606910400,0.18,0.18
1606911300,0.18,0.18
1606912200,0.18,0.18
1606913100,0.18,0.18
1606914000,0.18,0.18
1606914900,0.18,0.18
1606915800,0.18,0.18
1606916700,0.18,0.18
1606917600,0.18,0.18
1606918500,0.18,0.18
1606919400,0.18,0.18
1606920300,0.18,0.18
1606921200,0.18,0.18
1606922100,0.18,0.18
1606923000,0.18,0.18
1606923900,0.18,0.18
1606924800,0.18,0.18
1606925700,0.18,0.18
1606926600,0.18,0.18
1606927500,0.18,0.18
1606928400,0.18,0.18
1606929300,0.18,0.18
1606930200,0.18,0.18
1606931100,0.18,0.18
1606932000,0.18,0.18
1606932900,0.18,0.18
1606933800,0.18,0.18
1606934700,0.18,0.18
1606935600,0.18,0.18
1606936500,0.18,0.18
1606937400,0.18,0.18
1606938300,0.18,0.18
1606939200,0.18,0.18
1606940100,0.18,0.18
1606941000,0.18,0.18
1606941900,0.18,0.18
1606942800,0.18,0.18
1606943700,0.18,0.18
1606944600,0.18,0.18
1606945500,0.18,0.18
1606946400,0.18,0.18
1606947300,0.18,0.18
1606948200,0.18,0.18
1606949100,0.18,0.18
1606950000,0.18,0.18
1606950900,0.18,0.18
1606951800,0.18,0.18
1606952700,0.18,0.18
1606953600,0.18,0.18
1606954500,0.18,0.18
1606955400,0.18,0.18
1606956300,0.18,0.18
1606957200,0.18,0.18
1606958100,0.18,0.18
1606959000,0.18,0.18
1606959900,0.18,0.18
1606960800,0.18,0.18
1606961700,0.18,0.18
1606962600,0.18,0.18
1606963500,0.18,0.18
1606964400,0.18,0.18
1606965300,0.18,0.18
1606966200,0.18,0.18
1606967100,0.18,0.18
1606968000,0.18,0.18
1606968900,0.18,0.18
1606969800,0.18,0.18
1606970700,0.18,0.18
1606971600,0.18,0.18
1606972500,0.18,0.18
1606973400,0.18,0.18
1606974300,0.18,0.18
1606975200,0.18,0.18
1606976100,0.18,0.18
1606977000,0.18,0.18
1606977900,0.18,0.18
1606978800,0.18,0.18
1606979700,0.18,0.18
1606980600,0.18,0.18
1606981500,0.18,0.18
1606982400,0.18,0.18
1606983300,0.18,0.18
1606984200,0.18,0.18
1606985100,0.18,0.18
1606986000,0.18,0.18
1606986900,0.18,0.18
1606987800,0.18,0.18
1606988700,0.18,0.18
1606989600,0.18,0.18
1606990500,0.18,0.18
1606991400,0.18,0.18
1606992300,0.18,0.18
1606993200,0.18,0.18
1606994100,0.18,0.18
1606995000,0.18,0.18
1606995900,0.18,0.18
1606996800,0.18,0.18
1606997700,0.18,0.18
1606998600,0.18,0.18
1606999500,0.18,0.18
1607000400,0.18,0.18
1607001300,0.18,0.18
1607002200,0.18,0.18
1607003100,0.18,0.18
1607004000,0.18,0.18
1607004900,0.18,0.18
1607005800,0.18,0.18
1607006700,0.18,0.18
1607007600,0.18,0.18
1607008500,0.18,0.18
1607009400,0.18,0.18
1607010300,0.18,0.18
1607011200,0.18,0.18
1607012100,0.18,0.18
1607013000,0.18,0.18
1607013900,0.18,0.18
1607014800,0.18,0.18
1607015700,0.18,0.18
1607016600,0.18,0.18
1607017500,0.18,0.18
1607018400,0.18,0.18
1607019300,0.18,0.18
1607020200,0.18,0.18
1607021100,0.18,0.18
1607022000,0.18,0.18
1607022900,0.18,0.18
1607023800,0.18,0.18
1607024700,0.18,0.18
1607025600,0.18,0.18
1607026500,0.18,0.18
1607027400,0.18,0.18
1607028300,0.18,0.18
1607029200,0.18,0.18
1607030100,0.18,0.18
1607031000,0.18,0.18
1607031900,0.18,0.18
1607032800,0.18,0.18
1607033700,0.18,0.18
1607034600,0.18,0.18
1607035500,0.18,0.18
1607036400,0.18,0.18
1607037300,0.18,0.18
1607038200,0.18,0.18
1607039100,0.18,0.18
1607040000,0.18,0.18
1607040900,0.18,0.18
1607041800,0.18,0.18
1607042700,0.18,0.18
1607043600,0.18,0.18
1607044500,0.18,0.18
1607045400,0.18,0.18
1607046300,0.18,0.18
1607047200,0.18,0.18
1607048100,0.18,0.18
1607049000,0.18,0.18
1607049900,0.18,0.18
1607050800,0.18,0.18
1607051700,0.18,0.18
1607052600,0.18,0.18
1607053500,0.18,0.18
1607054400,0.18,0.18
1607055300,0.18,0.18
1607056200,0.18,0.18
1607057100,0.18,0.18
1607058000,0.18,0.18
1607058900,0.18,0.18
1607059800,0.18,0.18
1607060700,0.18,0.18
1607061600,0.18,0.18
1607062500,0.18,0.18
1607063400,0.18,0.18
1607064300,0.18,0.18
1607065200,0.18,0.18
1607066100,0.18,0.18
1607067000,0.18,0.18
1607067900,0.18,0.18
1607068800,0.18,0.18
1607069700,0.18,0.18
1607070600,0.18,0.18
1607071500,0.18,0.18
1607072400,0.18,0.18
1607073300,0.18,0.18
1607074200,0.18,0.18
1607075100,0.18,0.18
1607076000,0.18,0.18
1607076900,0.18,0.18
1607077800,0.18,0.18
1607078700,0.18,0.18
1607079600,0.18,0.18
1607080500,0.18,0.18
1607081400,0.18,0.18
1607082300,0.18,0.18
1607083200,0.18,0.18
1607084100,0.18,0.18
1607085000,0.18,0.18
1607085900,0.18,0.18
1607086800,0.18,0.18
1607087700,0.18,0.18
1607088600,0.18,0.18
1607089500,0.18,0.18
1607090400,0.18,0.18
1607091300,0.18,0.18
1607092200,0.18,0.18
1607093100,0.18,0.18
1607094000,0.18,0.18
1607094900,0.18,0.18
1607095800,0.18,0.18
1607096700,0.18,0.18
1607097600,0.18,0.18
1607098500,0.18,0.18
1607099400,0.18,0.18
1607100300,0.18,0.18
1607101200,0.18,0.18
1607102100,0.18,0.18
1607103000,0.18,0.18
1607103900,0.18,0.18
1607104800,0.18,0.18
1607105700,0.18,0.18
1607106600,0.18,0.18
1607107500,0.18,0.18
1607108400,0.18,0.18
1607109300,0.18,0.18
1607110200,0.18,0.18
1607111100,0.18,0.18
1607112000,0.18,0.18
1607112900,0.18,0.18
1607113800,0.18,0.18
1607114700,0.18,0.18
1607115600,0.18,0.18
1607116500,0.18,0.18
1607117400,0.18,0.18
1607118300,0.18,0.18
1607119200,0.18,0.18
1607120100,0.18,0.18
1607121000,0.18,0.18
1607121900,0.18,0.18
1607122800,0.18,0.18
1607123700,0.18,0.18
1607124600,0.18,0.18
1607125500,0.18,0.18
1607126400,0.18,0.18
1607127300,0.18,0.18
1607128200,0.18,0.18
1607129100,0.18,0.18
1607130000,0.18,0.18
1607130900,0.18,0.18
1607131800,0.18,0.18
1607132700,0.18,0.18
1607133600,0.18,0.18
1607134500,0.18,0.18
1607135400,0.18,0.18
1607136300,0.18,0.18
1607137200,0.18,0.18
1607138100,0.18,0.18
1607139000,0.18,0.18
1607139900,0.18,0.18
1607140800,0.18,0.18
1607141700,0.18,0.18
1607142600,0.18,0.18
1607143500,0.18,0.18
1607144400,0.18,0.18
1607145300,0.18,0.18
1607146200,0.18,0.18
1607147100,0.18,0.18
1607148000,0.18,0.18
1607148900,0.18,0.18
1607149800,0.18,0.18
1607150700,0.18,0.18
1607151600,0.18,0.18
1607152500,0.18,0.18
1607153400,0.18,0.18
1607154300,0.18,0.18
1607155200,0.18,0.18
1607156100,0.18,0.18
1607157000,0.18,0.18
1607157900,0.18,0.18
1607158800,0.18,0.18
1607159700,0.18,0.18
1607160600,0.18,0.18
1607161500,0.18,0.18
1607162400,0.18,0.18
1607163300,0.18,0.18
1607164200,0.18,0.18
1607165100,0.18,0.18
1607166000,0.18,0.18
1607166900,0.18,0.18
1607167800,0.18,0.18
1607168700,0.18,0.18
1607169600,0.18,0.18
1607170500,0.18,0.18
1607171400,0.18,0.18
1607172300,0.18,0.18
1607173200,0.18,0.18
1607174100,0.18,0.18
1607175000,0.18,0.18
1607175900,0.18,0.18
1607176800,0.18,0.18
1607177700,0.18,0.18
1607178600,0.18,0.18
1607179500,0.18,0.18
1607180400,0.18,0.18
1607181300,0.18,0.18
1607182200,0.18,0.18
1607183100,0.18,0.18
1607184000,0.18,0.18
1607184900,0.18,0.18
1607185800,0.18,0.18
1607186700,0.18,0.18
1607187600,0.18,0.18
1607188500,0.18,0.18
1607189400,0.18,0.18
1607190300,0.18,0.18
1607191200,0.18,0.18
1607192100,0.18,0.18
1607193000,0.18,0.18
1607193900,0.18,0.18
1607194800,0.18,0.18
1607195700,0.18,0.18
1607196600,0.18,0.18
1607197500,0.18,0.18
1607198400,0.18,0.18
1607199300,0.18,0.18
1607200200,0.18,0.18
1607201100,0.18,0.18
1607202000,0.18,0.18
1607202900,0.18,0.18
1607203800,0.18,0.18
1607204700,0.18,0.18
1607205600,0.18,0.18
1607206500,0.18,0.18
1607207400,0.18,0.18
1607208300,0.18,0.18
1607209200,0.18,0.18
1607210100,0.18,0.18
1607211000,0.18,0.18
1607211900,0.18,0.18
1607212800,0.18,0.18
1607213700,0.18,0.18
1607214600,0.18,0.18
1607215500,0.18,0.18
1607216400,0.18,0.18
1607217300,0.18,0.18
1607218200,0.18,0.18
1607219100,0.18,0.18
1607220000,0.18,0.18
1607220900,0.18,0.18
1607221800,0.18,0.18
1607222700,0.18,0.18
1607223600,0.18,0.18
1607224500,0.18,0.18
1607225400,0.18,0.18
1607226300,0.18,0.18
1607227200,0.18,0.18
1607228100,0.18,0.18
1607229000,0.18,0.18
1607229900,0.18,0.18
1607230800,0.18,0.18
1607231700,0.18,0.18
1607232600,0.18,0.18
1607233500,0.18,0.18
1607234400,0.18,0.18
1607235300,0.18,0.18
1607236200,0.18,0.18
1607237100,0.18,0.18
1607238000,0.18,0.18
1607238900,0.18,0.18
1607239800,0.18,0.18
1607240700,0.18,0.18
1607241600,0.18,0.18
1607242500,0.18,0.18
1607243400,0.18,0.18
1607244300,0.18,0.18
1607245200,0.18,0.18
1607246100,0.18,0.18
1607247000,0.18,0.18
1607247900,0.18,0.18
1607248800,0.18,0.18
1607249700,0.18,0.18
1607250600,0.18,0.18
1607251500,0.18,0.18
1607252400,0.18,0.18
1607253300,0.18,0.18
1607254200,0.18,0.18
1607255100,0.18,0.18
1607256000,0.18,0.18
1607256900,0.18,0.18
1607257800,0.18,0.18
1607258700,0.18,0.18
1607259600,0.18,0.18
1607260500,0.18,0.18
1607261400,0.18,0.18
1607262300,0.18,0.18
1607263200,0.18,0.18
1607264100,0.18,0.18
1607265000,0.18,0.18
1607265900,0.18,0.18
1607266800,0.18,0.18
1607267700,0.18,0.18
1607268600,0.18,0.18
1607269500,0.18,0.18
1607270400,0.18,0.18
1607271300,0.18,0.18
1607272200,0.18,0.18
1607273100,0.18,0.18
1607274000,0.18,0.18
1607274900,0.18,0.18
1607275800,0.18,0.18
1607276700,0.18,0.18
1607277600,0.18,0.18
1607278500,0.18,0.18
1607279400,0.18,0.18
1607280300,0.18,0.18
1607281200,0.18,0.18
1607282100,0.18,0.18
1607283000,0.18,0.18
1607283900,0.18,0.18
1607284800,0.18,0.18
1607285700,0.18,0.18
1607286600,0.18,0.18
1607287500,0.18,0.18
1607288400,0.18,0.18
1607289300,0.18,0.18
1607290200,0.18,0.18
1607291100,0.18,0.18
1607292000,0.18,0.18
1607292900,0.18,0.18
1607293800,0.18,0.18
1607294700,0.18,0.18
1607295600,0.18,0.18
1607296500,0.18,0.18
1607297400,0.18,0.18
1607298300,0.18,0.18
1607299200,0.18,0.18
1607300100,0.18,0.18
1607301000,0.18,0.18
1607301900,0.18,0.18
1607302800,0.18,0.18
1607303700,0.18,0.18
1607304600,0.18,0.18
1607305500,0.18,0.18
1607306400,0.18,0.18
1607307300,0.18,0.18
1607308200,0.18,0.18
1607309100,0.18,0.18
1607310000,0.18,0.18
1607310900,0.18,0.18
1607311800,0.18,0.18
1607312700,0.18,0.18
1607313600,0.18,0.18
1607314500,0.18,0.18
1607315400,0.18,0.18
1607316300,0.18,0.18
1607317200,0.18,0.18
1607318100,0.18,0.18
1607319000,0.18,0.18
1607319900,0.18,0.18
1607320800,0.18,0.18
1607321700,0.18,0.18
1607322600,0.18,0.18
1607323500,0.18,0.18
1607324400,0.18,0.18
1607325300,0.18,0.18
1607326200,0.18,0.18
1607327100,0.18,0.18
1607328000,0.18,0.18
1607328900,0.18,0.18
1607329800,0.18,0.18
1607330700,0.18,0.18
1607331600,0.18,0.18
1607332500,0.18,0.18
1607333400,0.18,0.18
1607334300,0.18,0.18
1607335200,0.18,0.18
1607336100,0.18,0.18
1607337000,0.18,0.18
1607337900,0.18,0.18
1607338800,0.18,0.18
1607339700,0.18,0.18
1607340600,0.18,0.18
1607341500,0.18,0.18
1607342400,0.18,0.18
1607343300,0.18,0.18
1607344200,0.18,0.18
1607345100,0.18,0.18
1607346000,0.18,0.18
1607346900,0.18,0.18
1607347800,0.18,0.18
1607348700,0.18,0.18
1607349600,0.18,0.18
1607350500,0.18,0.18
1607351400,0.18,0.18
1607352300,0.18,0.18
1607353200,0.18,0.18
1607354100,0.18,0.18
1607355000,0.18,0.18
1607355900,0.18,0.18
1607356800,0.18,0.18
1607357700,0.18,0.18
1607358600,0.18,0.18
1607359500,0.18,0.18
1607360400,0.18,0.18
1607361300,0.18,0.18
1607362200,0.18,0.18
1607363100,0.18,0.18
1607364000,0.18,0.18
1607364900,0.18,0.18
1607365800,0.18,0.18
1607366700,0.18,0.18
1607367600,0.18,0.18
1607368500,0.18,0.18
1607369400,0.18,0.18
1607370300,0.18,0.18
1607371200,0.18,0.18
1607372100,0.18,0.18
1607373000,0.18,0.18
1607373900,0.18,0.18
1607374800,0.18,0.18
1607375700,0.18,0.18
1607376600,0.18,0.18
1607377500,0.18,0.18
1607378400,0.18,0.18
1607379300,0.18,0.18
1607380200,0.18,0.18
1607381100,0.18,0.18
1607382000,0.18,0.18
1607382900,0.18,0.18
1607383800,0.18,0.18
1607384700,0.18,0.18
1607385600,0.18,0.18
1607386500,0.18,0.18
1607387400,0.18,0.18
1607388300,0.18,0.18
1607389200,0.18,0.18
1607390100,0.18,0.18
1607391000,0.18,0.18
1607391900,0.18,0.18
1607392800,0.18,0.18
1607393700,0.18,0.18
1607394600,0.18,0.18
1607395500,0.18,0.18
1607396400,0.18,0.18
1607397300,0.18,0.18
1607398200,0.18,0.18
1607399100,0.18,0.18
1607400000,0.18,0.18
1607400900,0.18,0.18
1607401800,0.18,0.18
1607402700,0.18,0.18
1607403600,0.18,0.18
1607404500,0.18,0.18
1607405400,0.18,0.18
1607406300,0.18,0.18
1607407200,0.18,0.18
1607408100,0.18,0.18
1607409000,0.18,0.18
1607409900,0.18,0.18
1607410800,0.18,0.18
1607411700,0.18,0.18
1607412600,0.18,0.18
1607413500,0.18,0.18
1607414400,0.18,0.18
1607415300,0.18,0.18
1607416200,0.18,0.18
1607417100,0.18,0.18
1607418000,0.18,0.18
1607418900,0.18,0.18
1607419800,0.18,0.18
1607420700,0.18,0.18
1607421600,0.18,0.18
1607422500,0.18,0.18
1607423400,0.18,0.18
1607424300,0.18,0.18
1607425200,0.18,0.18
1607426100,0.18,0.18
1607427000,0.18,0.18
1607427900,0.18,0.18
1607428800,0.18,0.18
1607429700,0.18,0.18
1607430600,0.18,0.18
1607431500,0.18,0.18
1607432400,0.18,0.18
1607433300,0.18,0.18
1607434200,0.18,0.18
1607435100,0.18,0.18
1607436000,0.18,0.18
1607436900,0.18,0.18
1607437800,0.18,0.18
1607438700,0.18,0.18
1607439600,0.18,0.18
1607440500,0.18,0.18
1607441400,0.18,0.18
1607442300,0.18,0.18
1607443200,0.18,0.18
1607444100,0.18,0.18
1607445000,0.18,0.18
1607445900,0.18,0.18
1607446800,0.18,0.18
1607447700,0.18,0.18
1607448600,0.18,0.18
1607449500,0.18,0.18
1607450400,0.18,0.18
1607451300,0.18,0.18
1607452200,0.18,0.18
1607453100,0.18,0.18
1607454000,0.18,0.18
1607454900,0.18,0.18
1607455800,0.18,0.18
1607456700,0.18,0.18
1607457600,0.18,0.18
1607458500,0.18,0.18
1607459400,0.18,0.18
1607460300,0.18,0.18
1607461200,0.18,0.18
1607462100,0.18,0.18
1607463000,0.18,0.18
1607463900,0.18,0.18
1607464800,0.18,0.18
1607465700,0.18,0.18
1607466600,0.18,0.18
1607467500,0.18,0.18
1607468400,0.18,0.18
1607469300,0.18,0.18
1607470200,0.18,0.18
1607471100,0.18,0.18
1607472000,0.18,0.18
1607472900,0.18,0.18
1607473800,0.18,0.18
1607474700,0.18,0.18
1607475600,0.18,0.18
1607476500,0.18,0.18
1607477400,0.18,0.18
1607478300,0.18,0.18
1607479200,0.18,0.18
1607480100,0.18,0.18
1607481000,0.18,0.18
1607481900,0.18,0.18
1607482800,0.18,0.18
1607483700,0.18,0.18
1607484600,0.18,0.18
1607485500,0.18,0.18
1607486400,0.18,0.18
1607487300,0.18,0.18
1607488200,0.18,0.18
1607489100,0.18,0.18
1607490000,0.18,0.18
1607490900,0.18,0.18
1607491800,0.18,0.18
1607492700,0.18,0.18
1607493600,0.18,0.18
1607494500,0.18,0.18
1607495400,0.18,0.18
1607496300,0.18,0.18
1607497200,0.18,0.18
1607498100,0.18,0.18
1607499000,0.18,0.18
1607499900,0.18,0.18
1607500800,0.18,0.18
1607501700,0.18,0.18
1607502600,0.18,0.18
1607503500,0.18,0.18
1607504400,0.18,0.18
1607505300,0.18,0.18
1607506200,0.18,0.18
1607507100,0.18,0.18
1607508000,0.18,0.18
1607508900,0.18,0.18
1607509800,0.18,0.18
1607510700,0.18,0.18
1607511600,0.18,0.18
1607512500,0.18,0.18
1607513400,0.18,0.18
1607514300,0.18,0.18
1607515200,0.18,0.18
1607516100,0.18,0.18
1607517000,0.18,0.18
1607517900,0.18,0.18
1607518800,0.18,0.18
1607519700,0.18,0.18
1607520600,0.18,0.18
1607521500,0.18,0.18
1607522400,0.18,0.18
1607523300,0.18,0.18
1607524200,0.18,0.18
1607525100,0.18,0.18
1607526000,0.18,0.18
1607526900,0.18,0.18
1607527800,0.18,0.18
1607528700,0.18,0.18
1607529600,0.18,0.18
1607530500,0.18,0.18
1607531400,0.18,0.18
1607532300,0.18,0.18
1607533200,0.18,0.18
1607534100,0.18,0.18
1607535000,0.18,0.18
1607535900,0.18,0.18
1607536800,0.18,0.18
1607537700,0.18,0.18
1607538600,0.18,0.18
1607539500,0.18,0.18
1607540400,0.18,0.18
1607541300,0.18,0.18
1607542200,0.18,0.18
1607543100,0.18,0.18
1607544000,0.18,0.18
1607544900,0.18,0.18
1607545800,0.18,0.18
1607546700,0.18,0.18
1607547600,0.18,0.18
1607548500,0.18,0.18
1607549400,0.18,0.18
1607550300,0.18,0.18
1607551200,0.18,0.18
1607552100,0.18,0.18
1607553000,0.18,0.18
1607553900,0.18,0.18
1607554800,0.18,0.18
1607555700,0.18,0.18
1607556600,0.18,0.18
1607557500,0.18,0.18
1607558400,0.18,0.18
1607559300,0.18,0.18
1607560200,0.18,0.18
1607561100,0.18,0.18
1607562000,0.18,0.18
1607562900,0.18,0.18
1607563800,0.18,0.18
1607564700,0.18,0.18
1607565600,0.18,0.18
1607566500,0.18,0.18
1607567400,0.18,0.18
1607568300,0.18,0.18
1607569200,0.18,0.18
1607570100,0.18,0.18
1607571000,0.18,0.18
1607571900,0.18,0.18
1607572800,0.18,0.18
1607573700,0.18,0.18
1607574600,0.18,0.18
1607575500,0.18,0.18
1607576400,0.18,0.18
1607577300,0.18,0.18
1607578200,0.18,0.18
1607579100,0.18,0.18
1607580000,0.18,0.18
1607580900,0.18,0.18
1607581800,0.18,0.18
1607582700,0.18,0.18
1607583600,0.18,0.18
1607584500,0.18,0.18
1607585400,0.18,0.18
1607586300,0.18,0.18
1607587200,0.18,0.18
1607588100,0.18,0.18
1607589000,0.18,0.18
1607589900,0.18,0.18
1607590800,0.18,0.18
1607591700,0.18,0.18
1607592600,0.18,0.18
1607593500,0.18,0.18
1607594400,0.18,0.18
1607595300,0.18,0.18
1607596200,0.18,0.18
1607597100,0.18,0.18
1607598000,0.18,0.18
1607598900,0.18,0.18
1607599800,0.18,0.18
1607600700,0.18,0.18
1607601600,0.18,0.18
1607602500,0.18,0.18
1607603400,0.18,0.18
1607604300,0.18,0.18
1607605200,0.18,0.18
1607606100,0.18,0.18
1607607000,0.18,0.18
1607607900,0.18,0.18
1607608800,0.18,0.18
1607609700,0.18,0.18
1607610600,0.18,0.18
1607611500,0.18,0.18
1607612400,0.18,0.18
1607613300,0.18,0.18
1607614200,0.18,0.18
1607615100,0.18,0.18
1607616000,0.18,0.18
1607616900,0.18,0.18
1607617800,0.18,0.18
1607618700,0.18,0.18
1607619600,0.18,0.18
1607620500,0.18,0.18
1607621400,0.18,0.18
1607622300,0.18,0.18
1607623200,0.18,0.18
1607624100,0.18,0.18
1607625000,0.18,0.18
1607625900,0.18,0.18
1607626800,0.18,0.18
1607627700,0.18,0.18
1607628600,0.18,0.18
1607629500,0.18,0.18
1607630400,0.18,0.18
1607631300,0.18,0.18
1607632200,0.18,0.18
1607633100,0.18,0.18
1607634000,0.18,0.18
1607634900,0.18,0.18
1607635800,0.18,0.18
1607636700,0.18,0.18
1607637600,0.18,0.18
1607638500,0.18,0.18
1607639400,0.18,0.18
1607640300,0.18,0.18
1607641200,0.18,0.18
1607642100,0.18,0.18
1607643000,0.18,0.18
1607643900,0.18,0.18
1607644800,0.18,0.18
1607645700,0.18,0.18
1607646600,0.18,0.18
1607647500,0.18,0.18
1607648400,0.18,0.18
1607649300,0.18,0.18
1607650200,0.18,0.18
1607651100,0.18,0.18
1607652000,0.18,0.18
1607652900,0.18,0.18
1607653800,0.18,0.18
1607654700,0.18,0.18
1607655600,0.18,0.18
1607656500,0.18,0.18
1607657400,0.18,0.18
1607658300,0.18,0.18
1607659200,0.18,0.18
1607660100,0.18,0.18
1607661000,0.18,0.18
1607661900,0.18,0.18
1607662800,0.18,0.18
1607663700,0.18,0.18
1607664600,0.18,0.18
1607665500,0.18,0.18
1607666400,0.18,0.18
1607667300,0.18,0.18
1607668200,0.18,0.18
1607669100,0.18,0.18
1607670000,0.18,0.18
1607670900,0.18,0.18
1607671800,0.18,0.18
1607672700,0.18,0.18
1607673600,0.18,0.18
1607674500,0.18,0.18
1607675400,0.18,0.18
1607676300,0.18,0.18
1607677200,0.18,0.18
1607678100,0.18,0.18
1607679000,0.18,0.18
1607679900,0.18,0.18
1607680800,0.18,0.18
1607681700,0.18,0.18
1607682600,0.18,0.18
1607683500,0.18,0.18
1607684400,0.18,0.18
1607685300,0.18,0.18
1607686200,0.18,0.18
1607687100,0.18,0.18
1607688000,0.18,0.18
1607688900,0.18,0.18
1607689800,0.18,0.18
1607690700,0.18,0.18
1607691600,0.18,0.18
1607692500,0.18,0.18
1607693400,0.18,0.18
1607694300,0.18,0.18
1607695200,0.18,0.18
1607696100,0.18,0.18
1607697000,0.18,0.18
1607697900,0.18,0.18
1607698800,0.18,0.18
1607699700,0.18,0.18
1607700600,0.18,0.18
1607701500,0.18,0.18
1607702400,0.18,0.18
1607703300,0.18,0.18
1607704200,0.18,0.18
1607705100,0.18,0.18
1607706000,0.18,0.18
1607706900,0.18,0.18
1607707800,0.18,0.18
1607708700,0.18,0.18
1607709600,0.18,0.18
1607710500,0.18,0.18
1607711400,0.18,0.18
1607712300,0.18,0.18
1607713200,0.18,0.18
1607714100,0.18,0.18
1607715000,0.18,0.18
1607715900,0.18,0.18
1607716800,0.18,0.18
1607717700,0.18,0.18
1607718600,0.18,0.18
1607719500,0.18,0.18
1607720400,0.18,0.18
1607721300,0.18,0.18
1607722200,0.18,0.18
1607723100,0.18,0.18
1607724000,0.18,0.18
1607724900,0.18,0.18
1607725800,0.18,0.18
1607726700,0.18,0.18
1607727600,0.18,0.18
1607728500,0.18,0.18
1607729400,0.18,0.18
1607730300,0.18,0.18
1607731200,0.18,0.18
1607732100,0.18,0.18
1607733000,0.18,0.18
1607733900,0.18,0.18
1607734800,0.18,0.18
1607735700,0.18,0.18
1607736600,0.18,0.18
1607737500,0.18,0.18
1607738400,0.18,0.18
1607739300,0.18,0.18
1607740200,0.18,0.18
1607741100,0.18,0.18
1607742000,0.18,0.18
1607742900,0.18,0.18
1607743800,0.18,0.18
1607744700,0.18,0.18
1607745600,0.18,0.18
1607746500,0.18,0.18
1607747400,0.18,0.18
1607748300,0.18,0.18
1607749200,0.18,0.18
1607750100,0.18,0.18
1607751000,0.18,0.18
1607751900,0.18,0.18
1607752800,0.18,0.18
1607753700,0.18,0.18
1607754600,0.18,0.18
1607755500,0.18,0.18
1607756400,0.18,0.18
1607757300,0.18,0.18
1607758200,0.18,0.18
1607759100,0.18,0.18
1607760000,0.18,0.18
1607760900,0.18,0.18
1607761800,0.18,0.18
1607762700,0.18,0.18
1607763600,0.18,0.18
1607764500,0.18,0.18
1607765400,0.18,0.18
1607766300,0.18,0.18
1607767200,0.18,0.18
1607768100,0.18,0.18
1607769000,0.18,0.18
1607769900,0.18,0.18
1607770800,0.18,0.18
1607771700,0.18,0.18
1607772600,0.18,0.18
1607773500,0.18,0.18
1607774400,0.18,0.18
1607775300,0.18,0.18
1607776200,0.18,0.18
1607777100,0.18,0.18
1607778000,0.18,0.18
1607778900,0.18,0.18
1607779800,0.18,0.18
1607780700,0.18,0.18
1607781600,0.18,0.18
1607782500,0.18,0.18
1607783400,0.18,0.18
1607784300,0.18,0.18
1607785200,0.18,0.18
1607786100,0.18,0.18
1607787000,0.18,0.18
1607787900,0.18,0.18
1607788800,0.18,0.18
1607789700,0.18,0.18
1607790600,0.18,0.18
1607791500,0.18,0.18
1607792400,0.18,0.18
1607793300,0.18,0.18
1607794200,0.18,0.18
1607795100,0.18,0.18
1607796000,0.18,0.18
1607796900,0.18,0.18
1607797800,0.18,0.18
1607798700,0.18,0.18
1607799600,0.18,0.18
1607800500,0.18,0.18
1607801400,0.18,0.18
1607802300,0.18,0.18
1607803200,0.18,0.18
1607804100,0.18,0.18
1607805000,0.18,0.18
1607805900,0.18,0.18
1607806800,0.18,0.18
1607807700,0.18,0.18
1607808600,0.18,0.18
1607809500,0.18,0.18
1607810400,0.18,0.18
1607811300,0.18,0.18
1607812200,0.18,0.18
1607813100,0.18,0.18
1607814000,0.18,0.18
1607814900,0.18,0.18
1607815800,0.18,0.18
1607816700,0.18,0.18
1607817600,0.18,0.18
1607818500,0.18,0.18
1607819400,0.18,0.18
1607820300,0.18,0.18
1607821200,0.18,0.18
1607822100,0.18,0.18
1607823000,0.18,0.18
1607823900,0.18,0.18
1607824800,0.18,0.18
1607825700,0.18,0.18
1607826600,0.18,0.18
1607827500,0.18,0.18
1607828400,0.18,0.18
1607829300,0.18,0.18
1607830200,0.18,0.18
1607831100,0.18,0.18
1607832000,0.18,0.18
1607832900,0.18,0.18
1607833800,0.18,0.18
1607834700,0.18,0.18
1607835600,0.18,0.18
1607836500,0.18,0.18
1607837400,0.18,0.18
1607838300,0.18,0.18
1607839200,0.18,0.18
1607840100,0.18,0.18
1607841000,0.18,0.18
1607841900,0.18,0.18
1607842800,0.18,0.18
1607843700,0.18,0.18
1607844600,0.18,0.18
1607845500,0.18,0.18
1607846400,0.18,0.18
1607847300,0.18,0.18
1607848200,0.18,0.18
1607849100,0.18,0.18
1607850000,0.18,0.18
1607850900,0.18,0.18
1607851800,0.18,0.18
1607852700,0.18,0.18
1607853600,0.18,0.18
1607854500,0.18,0.18
1607855400,0.18,0.18
1607856300,0.18,0.18
1607857200,0.18,0.18
1607858100,0.18,0.18
1607859000,0.18,0.18
1607859900,0.18,0.18
1607860800,0.18,0.18
1607861700,0.18,0.18
1607862600,0.18,0.18
1607863500,0.18,0.18
1607864400,0.18,0.18
1607865300,0.18,0.18
1607866200,0.18,0.18
1607867100,0.18,0.18
1607868000,0.18,0.18
1607868900,0.18,0.18
1607869800,0.18,0.18
1607870700,0.18,0.18
1607871600,0.18,0.18
1607872500,0.18,0.18
1607873400,0.18,0.18
1607874300,0.18,0.18
1607875200,0.18,0.18
1607876100,0.18,0.18
1607877000,0.18,0.18
1607877900,0.18,0.18
1607878800,0.18,0.18
1607879700,0.18,0.18
1607880600,0.18,0.18
1607881500,0.18,0.18
1607882400,0.18,0.18
1607883300,0.18,0.18
1607884200,0.18,0.18
1607885100,0.18,0.18
1607886000,0.18,0.18
1607886900,0.18,0.18
1607887800,0.18,0.18
1607888700,0.18,0.18
1607889600,0.18,0.18
1607890500,0.18,0.18
1607891400,0.18,0.18
1607892300,0.18,0.18
1607893200,0.18,0.18
1607894100,0.18,0.18
1607895000,0.18,0.18
1607895900,0.18,0.18
1607896800,0.18,0.18
1607897700,0.18,0.18
1607898600,0.18,0.18
1607899500,0.18,0.18
1607900400,0.18,0.18
1607901300,0.18,0.18
1607902200,0.18,0.18
1607903100,0.18,0.18
1607904000,0.18,0.18
1607904900,0.18,0.18
1607905800,0.18,0.18
1607906700,0.18,0.18
1607907600,0.18,0.18
1607908500,0.18,0.18
1607909400,0.18,0.18
1607910300,0.18,0.18
1607911200,0.18,0.18
1607912100,0.18,0.18
1607913000,0.18,0.18
1607913900,0.18,0.18
1607914800,0.18,0.18
1607915700,0.18,0.18
1607916600,0.18,0.18
1607917500,0.18,0.18
1607918400,0.18,0.18
1607919300,0.18,0.18
1607920200,0.18,0.18
1607921100,0.18,0.18
1607922000,0.18,0.18
1607922900,0.18,0.18
1607923800,0.18,0.18
1607924700,0.18,0.18
1607925600,0.18,0.18
1607926500,0.18,0.18
1607927400,0.18,0.18
1607928300,0.18,0.18
1607929200,0.18,0.18
1607930100,0.18,0.18
1607931000,0.18,0.18
1607931900,0.18,0.18
1607932800,0.18,0.18
1607933700,0.18,0.18
1607934600,0.18,0.18
1607935500,0.18,0.18
1607936400,0.18,0.18
1607937300,0.18,0.18
1607938200,0.18,0.18
1607939100,0.18,0.18
1607940000,0.18,0.18
1607940900,0.18,0.18
1607941800,0.18,0.18
1607942700,0.18,0.18
1607943600,0.18,0.18
1607944500,0.18,0.18
1607945400,0.18,0.18
1607946300,0.18,0.18
1607947200,0.18,0.18
1607948100,0.18,0.18
1607949000,0.18,0.18
1607949900,0.18,0.18
1607950800,0.18,0.18
1607951700,0.18,0.18
1607952600,0.18,0.18
1607953500,0.18,0.18
1607954400,0.18,0.18
1607955300,0.18,0.18
1607956200,0.18,0.18
1607957100,0.18,0.18
1607958000,0.18,0.18
1607958900,0.18,0.18
1607959800,0.18,0.18
1607960700,0.18,0.18
1607961600,0.18,0.18
1607962500,0.18,0.18
1607963400,0.18,0.18
1607964300,0.18,0.18
1607965200,0.18,0.18
1607966100,0.18,0.18
1607967000,0.18,0.18
1607967900,0.18,0.18
1607968800,0.18,0.18
1607969700,0.18,0.18
1607970600,0.18,0.18
1607971500,0.18,0.18
1607972400,0.18,0.18
1607973300,0.18,0.18
1607974200,0.18,0.18
1607975100,0.18,0.18
1607976000,0.18,0.18
1607976900,0.18,0.18
1607977800,0.18,0.18
1607978700,0.18,0.18
1607979600,0.18,0.18
1607980500,0.18,0.18
1607981400,0.18,0.18
1607982300,0.18,0.18
1607983200,0.18,0.18
1607984100,0.18,0.18
1607985000,0.18,0.18
1607985900,0.18,0.18
1607986800,0.18,0.18
1607987700,0.18,0.18
1607988600,0.18,0.18
1607989500,0.18,0.18
1607990400,0.18,0.18
1607991300,0.18,0.18
1607992200,0.18,0.18
1607993100,0.18,0.18
1607994000,0.18,0.18
1607994900,0.18,0.18
1607995800,0.18,0.18
1607996700,0.18,0.18
1607997600,0.18,0.18
1607998500,0.18,0.18
1607999400,0.18,0.18
1608000300,0.18,0.18
1608001200,0.18,0.18
1608002100,0.18,0.18
1608003000,0.18,0.18
1608003900,0.18,0.18
1608004800,0.18,0.18
1608005700,0.18,0.18
1608006600,0.18,0.18
1608007500,0.18,0.18
1608008400,0.18,0.18
1608009300,0.18,0.18
1608010200,0.18,0.18
1608011100,0.18,0.18
1608012000,0.18,0.18
1608012900,0.18,0.18
1608013800,0.18,0.18
1608014700,0.18,0.18
1608015600,0.18,0.18
1608016500,0.18,0.18
1608017400,0.18,0.18
1608018300,0.18,0.18
1608019200,0.18,0.18
1608020100,0.18,0.18
1608021000,0.18,0.18
1608021900,0.18,0.18
1608022800,0.18,0.18
1608023700,0.18,0.18
1608024600,0.18,0.18
1608025500,0.18,0.18
1608026400,0.18,0.18
1608027300,0.18,0.18
1608028200,0.18,0.18
1608029100,0.18,0.18
1608030000,0.18,0.18
1608030900,0.18,0.18
1608031800,0.18,0.18
1608032700,0.18,0.18
1608033600,0.18,0.18
1608034500,0.18,0.18
1608035400,0.18,0.18
1608036300,0.18,0.18
1608037200,0.18,0.18
1608038100,0.18,0.18
1608039000,0.18,0.18
1608039900,0.18,0.18
1608040800,0.18,0.18
1608041700,0.18,0.18
1608042600,0.18,0.18
1608043500,0.18,0.18
1608044400,0.18,0.18
1608045300,0.18,0.18
1608046200,0.18,0.18
1608047100,0.18,0.18
1608048000,0.18,0.18
1608048900,0.18,0.18
1608049800,0.18,0.18
1608050700,0.18,0.18
1608051600,0.18,0.18
1608052500,0.18,0.18
1608053400,0.18,0.18
1608054300,0.18,0.18
1608055200,0.18,0.18
1608056100,0.18,0.18
1608057000,0.18,0.18
1608057900,0.18,0.18
1608058800,0.18,0.18
1608059700,0.18,0.18
1608060600,0.18,0.18
1608061500,0.18,0.18
1608062400,0.18,0.18
1608063300,0.18,0.18
1608064200,0.18,0.18
1608065100,0.18,0.18
1608066000,0.18,0.18
1608066900,0.18,0.18
1608067800,0.18,0.18
1608068700,0.18,0.18
1608069600,0.18,0.18
1608070500,0.18,0.18
1608071400,0.18,0.18
1608072300,0.18,0.18
1608073200,0.18,0.18
1608074100,0.18,0.18
1608075000,0.18,0.18
1608075900,0.18,0.18
1608076800,0.18,0.18
1608077700,0.18,0.18
1608078600,0.18,0.18
1608079500,0.18,0.18
1608080400,0.18,0.18
1608081300,0.18,0.18
1608082200,0.18,0.18
1608083100,0.18,0.18
1608084000,0.18,0.18
1608084900,0.18,0.18
1608085800,0.18,0.18
1608086700,0.18,0.18
1608087600,0.18,0.18
1608088500,0.18,0.18
1608089400,0.18,0.18
1608090300,0.18,0.18
1608091200,0.18,0.18
1608092100,0.18,0.18
1608093000,0.18,0.18
1608093900,0.18,0.18
1608094800,0.18,0.18
1608095700,0.18,0.18
1608096600,0.18,0.18
1608097500,0.18,0.18
1608098400,0.18,0.18
1608099300,0.18,0.18
1608100200,0.18,0.18
1608101100,0.18,0.18
1608102000,0.18,0.18
1608102900,0.18,0.18
1608103800,0.18,0.18
1608104700,0.18,0.18
1608105600,0.18,0.18
1608106500,0.18,0.18
1608107400,0.18,0.18
1608108300,0.18,0.18
1608109200,0.18,0.18
1608110100,0.18,0.18
1608111000,0.18,0.18
1608111900,0.18,0.18
1608112800,0.18,0.18
1608113700,0.18,0.18
1608114600,0.18,0.18
1608115500,0.18,0.18
1608116400,0.18,0.18
1608117300,0.18,0.18
1608118200,0.18,0.18
1608119100,0.18,0.18
1608120000,0.18,0.18
1608120900,0.18,0.18
1608121800,0.18,0.18
1608122700,0.18,0.18
1608123600,0.18,0.18
1608124500,0.18,0.18
1608125400,0.18,0.18
1608126300,0.18,0.18
1608127200,0.18,0.18
1608128100,0.18,0.18
1608129000,0.18,0.18
1608129900,0.18,0.18
1608130800,0.18,0.18
1608131700,0.18,0.18
1608132600,0.18,0.18
1608133500,0.18,0.18
1608134400,0.18,0.18
1608135300,0.18,0.18
1608136200,0.18,0.18
1608137100,0.18,0.18
1608138000,0.18,0.18
1608138900,0.18,0.18
1608139800,0.18,0.18
1608140700,0.18,0.18
1608141600,0.18,0.18
1608142500,0.18,0.18
1608143400,0.18,0.18
1608144300,0.18,0.18
1608145200,0.18,0.18
1608146100,0.18,0.18
1608147000,0.18,0.18
1608147900,0.18,0.18
1608148800,0.18,0.18
1608149700,0.18,0.18
1608150600,0.18,0.18
1608151500,0.18,0.18
1608152400,0.18,0.18
1608153300,0.18,0.18
1608154200,0.18,0.18
1608155100,0.18,0.18
1608156000,0.18,0.18
1608156900,0.18,0.18
1608157800,0.18,0.18
1608158700,0.18,0.18
1608159600,0.18,0.18
1608160500,0.18,0.18
1608161400,0.18,0.18
1608162300,0.18,0.18
1608163200,0.18,0.18
1608164100,0.18,0.18
1608165000,0.18,0.18
1608165900,0.18,0.18
1608166800,0.18,0.18
1608167700,0.18,0.18
1608168600,0.18,0.18
1608169500,0.18,0.18
1608170400,0.18,0.18
1608171300,0.18,0.18
1608172200,0.18,0.18
1608173100,0.18,0.18
1608174000,0.18,0.18
1608174900,0.18,0.18
1608175800,0.18,0.18
1608176700,0.18,0.18
1608177600,0.18,0.18
1608178500,0.18,0.18
1608179400,0.18,0.18
1608180300,0.18,0.18
1608181200,0.18,0.18
1608182100,0.18,0.18
1608183000,0.18,0.18
1608183900,0.18,0.18
1608184800,0.18,0.18
1608185700,0.18,0.18
1608186600,0.18,0.18
1608187500,0.18,0.18
1608188400,0.18,0.18
1608189300,0.18,0.18
1608190200,0.18,0.18
1608191100,0.18,0.18
1608192000,0.18,0.18
1608192900,0.18,0.18
1608193800,0.18,0.18
1608194700,0.18,0.18
1608195600,0.18,0.18
1608196500,0.18,0.18
1608197400,0.18,0.18
1608198300,0.18,0.18
1608199200,0.18,0.18
1608200100,0.18,0.18
1608201000,0.18,0.18
1608201900,0.18,0.18
1608202800,0.18,0.18
1608203700,0.18,0.18
1608204600,0.18,0.18
1608205500,0.18,0.18
1608206400,0.18,0.18
1608207300,0.18,0.18
1608208200,0.18,0.18
1608209100,0.18,0.18
1608210000,0.18,0.18
1608210900,0.18,0.18
1608211800,0.18,0.18
1608212700,0.18,0.18
1608213600,0.18,0.18
1608214500,0.18,0.18
1608215400,0.18,0.18
1608216300,0.18,0.18
1608217200,0.18,0.18
1608218100,0.18,0.18
1608219000,0.18,0.18
1608219900,0.18,0.18
1608220800,0.18,0.18
1608221700,0.18,0.18
1608222600,0.18,0.18
1608223500,0.18,0.18
1608224400,0.18,0.18
1608225300,0.18,0.18
1608226200,0.18,0.18
1608227100,0.18,0.18
1608228000,0.18,0.18
1608228900,0.18,0.18
1608229800,0.18,0.18
1608230700,0.18,0.18
1608231600,0.18,0.18
1608232500,0.18,0.18
1608233400,0.18,0.18
1608234300,0.18,0.18
1608235200,0.18,0.18
1608236100,0.18,0.18
1608237000,0.18,0.18
1608237900,0.18,0.18
1608238800,0.18,0.18
1608239700,0.18,0.18
1608240600,0.18,0.18
1608241500,0.18,0.18
1608242400,0.18,0.18
1608243300,0.18,0.18
1608244200,0.18,0.18
1608245100,0.18,0.18
1608246000,0.18,0.18
1608246900,0.18,0.18
1608247800,0.18,0.18
1608248700,0.18,0.18
1608249600,0.18,0.18
1608250500,0.18,0.18
1608251400,0.18,0.18
1608252300,0.18,0.18
1608253200,0.18,0.18
1608254100,0.18,0.18
1608255000,0.18,0.18
1608255900,0.18,0.18
1608256800,0.18,0.18
1608257700,0.18,0.18
1608258600,0.18,0.18
1608259500,0.18,0.18
1608260400,0.18,0.18
1608261300,0.18,0.18
1608262200,0.18,0.18
1608263100,0.18,0.18
1608264000,0.18,0.18
1608264900,0.18,0.18
1608265800,0.18,0.18
1608266700,0.18,0.18
1608267600,0.18,0.18
1608268500,0.18,0.18
1608269400,0.18,0.18
1608270300,0.18,0.18
1608271200,0.18,0.18
1608272100,0.18,0.18
1608273000,0.18,0.18
1608273900,0.18,0.18
1608274800,0.18,0.18
1608275700,0.18,0.18
1608276600,0.18,0.18
1608277500,0.18,0.18
1608278400,0.18,0.18
1608279300,0.18,0.18
1608280200,0.18,0.18
1608281100,0.18,0.18
1608282000,0.18,0.18
1608282900,0.18,0.18
1608283800,0.18,0.18
1608284700,0.18,0.18
1608285600,0.18,0.18
1608286500,0.18,0.18
1608287400,0.18,0.18
1608288300,0.18,0.18
1608289200,0.18,0.18
1608290100,0.18,0.18
1608291000,0.18,0.18
1608291900,0.18,0.18
1608292800,0.18,0.18
1608293700,0.18,0.18
1608294600,0.18,0.18
1608295500,0.18,0.18
1608296400,0.18,0.18
1608297300,0.18,0.18
1608298200,0.18,0.18
1608299100,0.18,0.18
1608300000,0.18,0.18
1608300900,0.18,0.18
1608301800,0.18,0.18
1608302700,0.18,0.18
1608303600,0.18,0.18
1608304500,0.18,0.18
1608305400,0.18,0.18
1608306300,0.18,0.18
1608307200,0.18,0.18
1608308100,0.18,0.18
1608309000,0.18,0.18
1608309900,0.18,0.18
1608310800,0.18,0.18
1608311700,0.18,0.18
1608312600,0.18,0.18
1608313500,0.18,0.18
1608314400,0.18,0.18
1608315300,0.18,0.18
1608316200,0.18,0.18
1608317100,0.18,0.18
1608318000,0.18,0.18
1608318900,0.18,0.18
1608319800,0.18,0.18
1608320700,0.18,0.18
1608321600,0.18,0.18
1608322500,0.18,0.18
1608323400,0.18,0.18
1608324300,0.18,0.18
1608325200,0.18,0.18
1608326100,0.18,0.18
1608327000,0.18,0.18
1608327900,0.18,0.18
1608328800,0.18,0.18
1608329700,0.18,0.18
1608330600,0.18,0.18
1608331500,0.18,0.18
1608332400,0.18,0.18
1608333300,0.18,0.18
1608334200,0.18,0.18
1608335100,0.18,0.18
1608336000,0.18,0.18
1608336900,0.18,0.18
1608337800,0.18,0.18
1608338700,0.18,0.18
1608339600,0.18,0.18
1608340500,0.18,0.18
1608341400,0.18,0.18
1608342300,0.18,0.18
1608343200,0.18,0.18
1608344100,0.18,0.18
1608345000,0.18,0.18
1608345900,0.18,0.18
1608346800,0.18,0.18
1608347700,0.18,0.18
1608348600,0.18,0.18
1608349500,0.18,0.18
1608350400,0.18,0.18
1608351300,0.18,0.18
1608352200,0.18,0.18
1608353100,0.18,0.18
1608354000,0.18,0.18
1608354900,0.18,0.18
1608355800,0.18,0.18
1608356700,0.18,0.18
1608357600,0.18,0.18
1608358500,0.18,0.18
1608359400,0.18,0.18
1608360300,0.18,0.18
1608361200,0.18,0.18
1608362100,0.18,0.18
1608363000,0.18,0.18
1608363900,0.18,0.18
1608364800,0.18,0.18
1608365700,0.18,0.18
1608366600,0.18,0.18
1608367500,0.18,0.18
1608368400,0.18,0.18
1608369300,0.18,0.18
1608370200,0.18,0.18
1608371100,0.18,0.18
1608372000,0.18,0.18
1608372900,0.18,0.18
1608373800,0.18,0.18
1608374700,0.18,0.18
1608375600,0.18,0.18
1608376500,0.18,0.18
1608377400,0.18,0.18
1608378300,0.18,0.18
1608379200,0.18,0.18
1608380100,0.18,0.18
1608381000,0.18,0.18
1608381900,0.18,0.18
1608382800,0.18,0.18
1608383700,0.18,0.18
1608384600,0.18,0.18
1608385500,0.18,0.18
1608386400,0.18,0.18
1608387300,0.18,0.18
1608388200,0.18,0.18
1608389100,0.18,0.18
1608390000,0.18,0.18
1608390900,0.18,0.18
1608391800,0.18,0.18
1608392700,0.18,0.18
1608393600,0.18,0.18
1608394500,0.18,0.18
1608395400,0.18,0.18
1608396300,0.18,0.18
1608397200,0.18,0.18
1608398100,0.18,0.18
1608399000,0.18,0.18
1608399900,0.18,0.18
1608400800,0.18,0.18
1608401700,0.18,0.18
1608402600,0.18,0.18
1608403500,0.18,0.18
1608404400,0.18,0.18
1608405300,0.18,0.18
1608406200,0.18,0.18
1608407100,0.18,0.18
1608408000,0.18,0.18
1608408900,0.18,0.18
1608409800,0.18,0.18
1608410700,0.18,0.18
1608411600,0.18,0.18
1608412500,0.18,0.18
1608413400,0.18,0.18
1608414300,0.18,0.18
1608415200,0.18,0.18
1608416100,0.18,0.18
1608417000,0.18,0.18
1608417900,0.18,0.18
1608418800,0.18,0.18
1608419700,0.18,0.18
1608420600,0.18,0.18
1608421500,0.18,0.18
1608422400,0.18,0.18
1608423300,0.18,0.18
1608424200,0.18,0.18
1608425100,0.18,0.18
1608426000,0.18,0.18
1608426900,0.18,0.18
1608427800,0.18,0.18
1608428700,0.18,0.18
1608429600,0.18,0.18
1608430500,0.18,0.18
1608431400,0.18,0.18
1608432300,0.18,0.18
1608433200,0.18,0.18
1608434100,0.18,0.18
1608435000,0.18,0.18
1608435900,0.18,0.18
1608436800,0.18,0.18
1608437700,0.18,0.18
1608438600,0.18,0.18
1608439500,0.18,0.18
1608440400,0.18,0.18
1608441300,0.18,0.18
1608442200,0.18,0.18
1608443100,0.18,0.18
1608444000,0.18,0.18
1608444900,0.18,0.18
1608445800,0.18,0.18
1608446700,0.18,0.18
1608447600,0.18,0.18
1608448500,0.18,0.18
1608449400,0.18,0.18
1608450300,0.18,0.18
1608451200,0.18,0.18
1608452100,0.18,0.18
1608453000,0.18,0.18
1608453900,0.18,0.18
1608454800,0.18,0.18
1608455700,0.18,0.18
1608456600,0.18,0.18
1608457500,0.18,0.18
1608458400,0.18,0.18
1608459300,0.18,0.18
1608460200,0.18,0.18
1608461100,0.18,0.18
1608462000,0.18,0.18
1608462900,0.18,0.18
1608463800,0.18,0.18
1608464700,0.18,0.18
1608465600,0.18,0.18
1608466500,0.18,0.18
1608467400,0.18,0.18
1608468300,0.18,0.18
1608469200,0.18,0.18
1608470100,0.18,0.18
1608471000,0.18,0.18
1608471900,0.18,0.18
1608472800,0.18,0.18
1608473700,0.18,0.18
1608474600,0.18,0.18
1608475500,0.18,0.18
1608476400,0.18,0.18
1608477300,0.18,0.18
1608478200,0.18,0.18
1608479100,0.18,0.18
1608480000,0.18,0.18
1608480900,0.18,0.18
1608481800,0.18,0.18
1608482700,0.18,0.18
1608483600,0.18,0.18
1608484500,0.18,0.18
1608485400,0.18,0.18
1608486300,0.18,0.18
1608487200,0.18,0.18
1608488100,0.18,0.18
1608489000,0.18,0.18
1608489900,0.18,0.18
1608490800,0.18,0.18
1608491700,0.18,0.18
1608492600,0.18,0.18
1608493500,0.18,0.18
1608494400,0.18,0.18
1608495300,0.18,0.18
1608496200,0.18,0.18
1608497100,0.18,0.18
1608498000,0.18,0.18
1608498900,0.18,0.18
1608499800,0.18,0.18
1608500700,0.18,0.18
1608501600,0.18,0.18
1608502500,0.18,0.18
1608503400,0.18,0.18
1608504300,0.18,0.18
1608505200,0.18,0.18
1608506100,0.18,0.18
1608507000,0.18,0.18
1608507900,0.18,0.18
1608508800,0.18,0.18
1608509700,0.18,0.18
1608510600,0.18,0.18
1608511500,0.18,0.18
1608512400,0.18,0.18
1608513300,0.18,0.18
1608514200,0.18,0.18
1608515100,0.18,0.18
1608516000,0.18,0.18
1608516900,0.18,0.18
1608517800,0.18,0.18
1608518700,0.18,0.18
1608519600,0.18,0.18
1608520500,0.18,0.18
1608521400,0.18,0.18
1608522300,0.18,0.18
1608523200,0.18,0.18
1608524100,0.18,0.18
1608525000,0.18,0.18
1608525900,0.18,0.18
1608526800,0.18,0.18
1608527700,0.18,0.18
1608528600,0.18,0.18
1608529500,0.18,0.18
1608530400,0.18,0.18
1608531300,0.18,0.18
1608532200,0.18,0.18
1608533100,0.18,0.18
1608534000,0.18,0.18
1608534900,0.18,0.18
1608535800,0.18,0.18
1608536700,0.18,0.18
1608537600,0.18,0.18
1608538500,0.18,0.18
1608539400,0.18,0.18
1608540300,0.18,0.18
1608541200,0.18,0.18
1608542100,0.18,0.18
1608543000,0.18,0.18
1608543900,0.18,0.18
1608544800,0.18,0.18
1608545700,0.18,0.18
1608546600,0.18,0.18
1608547500,0.18,0.18
1608548400,0.18,0.18
1608549300,0.18,0.18
1608550200,0.18,0.18
1608551100,0.18,0.18
1608552000,0.18,0.18
1608552900,0.18,0.18
1608553800,0.18,0.18
1608554700,0.18,0.18
1608555600,0.18,0.18
1608556500,0.18,0.18
1608557400,0.18,0.18
1608558300,0.18,0.18
1608559200,0.18,0.18
1608560100,0.18,0.18
1608561000,0.18,0.18
1608561900,0.18,0.18
1608562800,0.18,0.18
1608563700,0.18,0.18
1608564600,0.18,0.18
1608565500,0.18,0.18
1608566400,0.18,0.18
1608567300,0.18,0.18
1608568200,0.18,0.18
1608569100,0.18,0.18
1608570000,0.18,0.18
1608570900,0.18,0.18
1608571800,0.18,0.18
1608572700,0.18,0.18
1608573600,0.18,0.18
1608574500,0.18,0.18
1608575400,0.18,0.18
1608576300,0.18,0.18
1608577200,0.18,0.18
1608578100,0.18,0.18
1608579000,0.18,0.18
1608579900,0.18,0.18
1608580800,0.18,0.18
1608581700,0.18,0.18
1608582600,0.18,0.18
1608583500,0.18,0.18
1608584400,0.18,0.18
1608585300,0.18,0.18
1608586200,0.18,0.18
1608587100,0.18,0.18
1608588000,0.18,0.18
1608588900,0.18,0.18
1608589800,0.18,0.18
1608590700,0.18,0.18
1608591600,0.18,0.18
1608592500,0.18,0.18
1608593400,0.18,0.18
1608594300,0.18,0.18
1608595200,0.18,0.18
1608596100,0.18,0.18
1608597000,0.18,0.18
1608597900,0.18,0.18
1608598800,0.18,0.18
1608599700,0.18,0.18
1608600600,0.18,0.18
1608601500,0.18,0.18
1608602400,0.18,0.18
1608603300,0.18,0.18
1608604200,0.18,0.18
1608605100,0.18,0.18
1608606000,0.18,0.18
1608606900,0.18,0.18
1608607800,0.18,0.18
1608608700,0.18,0.18
1608609600,0.18,0.18
1608610500,0.18,0.18
1608611400,0.18,0.18
1608612300,0.18,0.18
1608613200,0.18,0.18
1608614100,0.18,0.18
1608615000,0.18,0.18
1608615900,0.18,0.18
1608616800,0.18,0.18
1608617700,0.18,0.18
1608618600,0.18,0.18
1608619500,0.18,0.18
1608620400,0.18,0.18
1608621300,0.18,0.18
1608622200,0.18,0.18
1608623100,0.18,0.18
1608624000,0.18,0.18
1608624900,0.18,0.18
1608625800,0.18,0.18
1608626700,0.18,0.18
1608627600,0.18,0.18
1608628500,0.18,0.18
1608629400,0.18,0.18
1608630300,0.18,0.18
1608631200,0.18,0.18
1608632100,0.18,0.18
1608633000,0.18,0.18
1608633900,0.18,0.18
1608634800,0.18,0.18
1608635700,0.18,0.18
1608636600,0.18,0.18
1608637500,0.18,0.18
1608638400,0.18,0.18
1608639300,0.18,0.18
1608640200,0.18,0.18
1608641100,0.18,0.18
1608642000,0.18,0.18
1608642900,0.18,0.18
1608643800,0.18,0.18
1608644700,0.18,0.18
1608645600,0.18,0.18
1608646500,0.18,0.18
1608647400,0.18,0.18
1608648300,0.18,0.18
1608649200,0.18,0.18
1608650100,0.18,0.18
1608651000,0.18,0.18
1608651900,0.18,0.18
1608652800,0.18,0.18
1608653700,0.18,0.18
1608654600,0.18,0.18
1608655500,0.18,0.18
1608656400,0.18,0.18
1608657300,0.18,0.18
1608658200,0.18,0.18
1608659100,0.18,0.18
1608660000,0.18,0.18
1608660900,0.18,0.18
1608661800,0.18,0.18
1608662700,0.18,0.18
1608663600,0.18,0.18
1608664500,0.18,0.18
1608665400,0.18,0.18
1608666300,0.18,0.18
1608667200,0.18,0.18
1608668100,0.18,0.18
1608669000,0.18,0.18
1608669900,0.18,0.18
1608670800,0.18,0.18
1608671700,0.18,0.18
1608672600,0.18,0.18
1608673500,0.18,0.18
1608674400,0.18,0.18
1608675300,0.18,0.18
1608676200,0.18,0.18
1608677100,0.18,0.18
1608678000,0.18,0.18
1608678900,0.18,0.18
1608679800,0.18,0.18
1608680700,0.18,0.18
1608681600,0.18,0.18
1608682500,0.18,0.18
1608683400,0.18,0.18
1608684300,0.18,0.18
1608685200,0.18,0.18
1608686100,0.18,0.18
1608687000,0.18,0.18
1608687900,0.18,0.18
1608688800,0.18,0.18
1608689700,0.18,0.18
1608690600,0.18,0.18
1608691500,0.18,0.18
1608692400,0.18,0.18
1608693300,0.18,0.18
1608694200,0.18,0.18
1608695100,0.18,0.18
1608696000,0.18,0.18
1608696900,0.18,0.18
1608697800,0.18,0.18
1608698700,0.18,0.18
1608699600,0.18,0.18
1608700500,0.18,0.18
1608701400,0.18,0.18
1608702300,0.18,0.18
1608703200,0.18,0.18
1608704100,0.18,0.18
1608705000,0.18,0.18
1608705900,0.18,0.18
1608706800,0.18,0.18
1608707700,0.18,0.18
1608708600,0.18,0.18
1608709500,0.18,0.18
1608710400,0.18,0.18
1608711300,0.18,0.18
1608712200,0.18,0.18
1608713100,0.18,0.18
1608714000,0.18,0.18
1608714900,0.18,0.18
1608715800,0.18,0.18
1608716700,0.18,0.18
1608717600,0.18,0.18
1608718500,0.18,0.18
1608719400,0.18,0.18
1608720300,0.18,0.18
1608721200,0.18,0.18
1608722100,0.18,0.18
1608723000,0.18,0.18
1608723900,0.18,0.18
1608724800,0.18,0.18
1608725700,0.18,0.18
1608726600,0.18,0.18
1608727500,0.18,0.18
1608728400,0.18,0.18
1608729300,0.18,0.18
1608730200,0.18,0.18
1608731100,0.18,0.18
1608732000,0.18,0.18
1608732900,0.18,0.18
1608733800,0.18,0.18
1608734700,0.18,0.18
1608735600,0.18,0.18
1608736500,0.18,0.18
1608737400,0.18,0.18
1608738300,0.18,0.18
1608739200,0.18,0.18
1608740100,0.18,0.18
1608741000,0.18,0.18
1608741900,0.18,0.18
1608742800,0.18,0.18
1608743700,0.18,0.18
1608744600,0.18,0.18
1608745500,0.18,0.18
1608746400,0.18,0.18
1608747300,0.18,0.18
1608748200,0.18,0.18
1608749100,0.18,0.18
1608750000,0.18,0.18
1608750900,0.18,0.18
1608751800,0.18,0.18
1608752700,0.18,0.18
1608753600,0.18,0.18
1608754500,0.18,0.18
1608755400,0.18,0.18
1608756300,0.18,0.18
1608757200,0.18,0.18
1608758100,0.18,0.18
1608759000,0.18,0.18
1608759900,0.18,0.18
1608760800,0.18,0.18
1608761700,0.18,0.18
1608762600,0.18,0.18
1608763500,0.18,0.18
1608764400,0.18,0.18
1608765300,0.18,0.18
1608766200,0.18,0.18
1608767100,0.18,0.18
1608768000,0.18,0.18
1608768900,0.18,0.18
1608769800,0.18,0.18
1608770700,0.18,0.18
1608771600,0.18,0.18
1608772500,0.18,0.18
1608773400,0.18,0.18
1608774300,0.18,0.18
1608775200,0.18,0.18
1608776100,0.18,0.18
1608777000,0.18,0.18
1608777900,0.18,0.18
1608778800,0.18,0.18
1608779700,0.18,0.18
1608780600,0.18,0.18
1608781500,0.18,0.18
1608782400,0.18,0.18
1608783300,0.18,0.18
1608784200,0.18,0.18
1608785100,0.18,0.18
1608786000,0.18,0.18
1608786900,0.18,0.18
1608787800,0.18,0.18
1608788700,0.18,0.18
1608789600,0.18,0.18
1608790500,0.18,0.18
1608791400,0.18,0.18
1608792300,0.18,0.18
1608793200,0.18,0.18
1608794100,0.18,0.18
1608795000,0.18,0.18
1608795900,0.18,0.18
1608796800,0.18,0.18
1608797700,0.18,0.18
1608798600,0.18,0.18
1608799500,0.18,0.18
1608800400,0.18,0.18
1608801300,0.18,0.18
1608802200,0.18,0.18
1608803100,0.18,0.18
1608804000,0.18,0.18
1608804900,0.18,0.18
1608805800,0.18,0.18
1608806700,0.18,0.18
1608807600,0.18,0.18
1608808500,0.18,0.18
1608809400,0.18,0.18
1608810300,0.18,0.18
1608811200,0.18,0.18
1608812100,0.18,0.18
1608813000,0.18,0.18
1608813900,0.18,0.18
1608814800,0.18,0.18
1608815700,0.18,0.18
1608816600,0.18,0.18
1608817500,0.18,0.18
1608818400,0.18,0.18
1608819300,0.18,0.18
1608820200,0.18,0.18
1608821100,0.18,0.18
1608822000,0.18,0.18
1608822900,0.18,0.18
1608823800,0.18,0.18
1608824700,0.18,0.18
1608825600,0.18,0.18
1608826500,0.18,0.18
1608827400,0.18,0.18
1608828300,0.18,0.18
1608829200,0.18,0.18
1608830100,0.18,0.18
1608831000,0.18,0.18
1608831900,0.18,0.18
1608832800,0.18,0.18
1608833700,0.18,0.18
1608834600,0.18,0.18
1608835500,0.18,0.18
1608836400,0.18,0.18
1608837300,0.18,0.18
1608838200,0.18,0.18
1608839100,0.18,0.18
1608840000,0.18,0.18
1608840900,0.18,0.18
1608841800,0.18,0.18
1608842700,0.18,0.18
1608843600,0.18,0.18
1608844500,0.18,0.18
1608845400,0.18,0.18
1608846300,0.18,0.18
1608847200,0.18,0.18
1608848100,0.18,0.18
1608849000,0.18,0.18
1608849900,0.18,0.18
1608850800,0.18,0.18
1608851700,0.18,0.18
1608852600,0.18,0.18
1608853500,0.18,0.18
1608854400,0.18,0.18
1608855300,0.18,0.18
1608856200,0.18,0.18
1608857100,0.18,0.18
1608858000,0.18,0.18
1608858900,0.18,0.18
1608859800,0.18,0.18
1608860700,0.18,0.18
1608861600,0.18,0.18
1608862500,0.18,0.18
1608863400,0.18,0.18
1608864300,0.18,0.18
1608865200,0.18,0.18
1608866100,0.18,0.18
1608867000,0.18,0.18
1608867900,0.18,0.18
1608868800,0.18,0.18
1608869700,0.18,0.18
1608870600,0.18,0.18
1608871500,0.18,0.18
1608872400,0.18,0.18
1608873300,0.18,0.18
1608874200,0.18,0.18
1608875100,0.18,0.18
1608876000,0.18,0.18
1608876900,0.18,0.18
1608877800,0.18,0.18
1608878700,0.18,0.18
1608879600,0.18,0.18
1608880500,0.18,0.18
1608881400,0.18,0.18
1608882300,0.18,0.18
1608883200,0.18,0.18
1608884100,0.18,0.18
1608885000,0.18,0.18
1608885900,0.18,0.18
1608886800,0.18,0.18
1608887700,0.18,0.18
1608888600,0.18,0.18
1608889500,0.18,0.18
1608890400,0.18,0.18
1608891300,0.18,0.18
1608892200,0.18,0.18
1608893100,0.18,0.18
1608894000,0.18,0.18
1608894900,0.18,0.18
1608895800,0.18,0.18
1608896700,0.18,0.18
1608897600,0.18,0.18
1608898500,0.18,0.18
1608899400,0.18,0.18
1608900300,0.18,0.18
1608901200,0.18,0.18
1608902100,0.18,0.18
1608903000,0.18,0.18
1608903900,0.18,0.18
1608904800,0.18,0.18
1608905700,0.18,0.18
1608906600,0.18,0.18
1608907500,0.18,0.18
1608908400,0.18,0.18
1608909300,0.18,0.18
1608910200,0.18,0.18
1608911100,0.18,0.18
1608912000,0.18,0.18
1608912900,0.18,0.18
1608913800,0.18,0.18
1608914700,0.18,0.18
1608915600,0.18,0.18
1608916500,0.18,0.18
1608917400,0.18,0.18
1608918300,0.18,0.18
1608919200,0.18,0.18
1608920100,0.18,0.18
1608921000,0.18,0.18
1608921900,0.18,0.18
1608922800,0.18,0.18
1608923700,0.18,0.18
1608924600,0.18,0.18
1608925500,0.18,0.18
1608926400,0.18,0.18
1608927300,0.18,0.18
1608928200,0.18,0.18
1608929100,0.18,0.18
1608930000,0.18,0.18
1608930900,0.18,0.18
1608931800,0.18,0.18
1608932700,0.18,0.18
1608933600,0.18,0.18
1608934500,0.18,0.18
1608935400,0.18,0.18
1608936300,0.18,0.18
1608937200,0.18,0.18
1608938100,0.18,0.18
1608939000,0.18,0.18
1608939900,0.18,0.18
1608940800,0.18,0.18
1608941700,0.18,0.18
1608942600,0.18,0.18
1608943500,0.18,0.18
1608944400,0.18,0.18
1608945300,0.18,0.18
1608946200,0.18,0.18
1608947100,0.18,0.18
1608948000,0.18,0.18
1608948900,0.18,0.18
1608949800,0.18,0.18
1608950700,0.18,0.18
1608951600,0.18,0.18
1608952500,0.18,0.18
1608953400,0.18,0.18
1608954300,0.18,0.18
1608955200,0.18,0.18
1608956100,0.18,0.18
1608957000,0.18,0.18
1608957900,0.18,0.18
1608958800,0.18,0.18
1608959700,0.18,0.18
1608960600,0.18,0.18
1608961500,0.18,0.18
1608962400,0.18,0.18
1608963300,0.18,0.18
1608964200,0.18,0.18
1608965100,0.18,0.18
1608966000,0.18,0.18
1608966900,0.18,0.18
1608967800,0.18,0.18
1608968700,0.18,0.18
1608969600,0.18,0.18
1608970500,0.18,0.18
1608971400,0.18,0.18
1608972300,0.18,0.18
1608973200,0.18,0.18
1608974100,0.18,0.18
1608975000,0.18,0.18
1608975900,0.18,0.18
1608976800,0.18,0.18
1608977700,0.18,0.18
1608978600,0.18,0.18
1608979500,0.18,0.18
1608980400,0.18,0.18
1608981300,0.18,0.18
1608982200,0.18,0.18
1608983100,0.18,0.18
1608984000,0.18,0.18
1608984900,0.18,0.18
1608985800,0.18,0.18
1608986700,0.18,0.18
1608987600,0.18,0.18
1608988500,0.18,0.18
1608989400,0.18,0.18
1608990300,0.18,0.18
1608991200,0.18,0.18
1608992100,0.18,0.18
1608993000,0.18,0.18
1608993900,0.18,0.18
1608994800,0.18,0.18
1608995700,0.18,0.18
1608996600,0.18,0.18
1608997500,0.18,0.18
1608998400,0.18,0.18
1608999300,0.18,0.18
1609000200,0.18,0.18
1609001100,0.18,0.18
1609002000,0.18,0.18
1609002900,0.18,0.18
1609003800,0.18,0.18
1609004700,0.18,0.18
1609005600,0.18,0.18
1609006500,0.18,0.18
1609007400,0.18,0.18
1609008300,0.18,0.18
1609009200,0.18,0.18
1609010100,0.18,0.18
1609011000,0.18,0.18
1609011900,0.18,0.18
1609012800,0.18,0.18
1609013700,0.18,0.18
1609014600,0.18,0.18
1609015500,0.18,0.18
1609016400,0.18,0.18
1609017300,0.18,0.18
1609018200,0.18,0.18
1609019100,0.18,0.18
1609020000,0.18,0.18
1609020900,0.18,0.18
1609021800,0.18,0.18
1609022700,0.18,0.18
1609023600,0.18,0.18
1609024500,0.18,0.18
1609025400,0.18,0.18
1609026300,0.18,0.18
1609027200,0.18,0.18
1609028100,0.18,0.18
1609029000,0.18,0.18
1609029900,0.18,0.18
1609030800,0.18,0.18
1609031700,0.18,0.18
1609032600,0.18,0.18
1609033500,0.18,0.18
1609034400,0.18,0.18
1609035300,0.18,0.18
1609036200,0.18,0.18
1609037100,0.18,0.18
1609038000,0.18,0.18
1609038900,0.18,0.18
1609039800,0.18,0.18
1609040700,0.18,0.18
1609041600,0.18,0.18
1609042500,0.18,0.18
1609043400,0.18,0.18
1609044300,0.18,0.18
1609045200,0.18,0.18
1609046100,0.18,0.18
1609047000,0.18,0.18
1609047900,0.18,0.18
1609048800,0.18,0.18
1609049700,0.18,0.18
1609050600,0.18,0.18
1609051500,0.18,0.18
1609052400,0.18,0.18
1609053300,0.18,0.18
1609054200,0.18,0.18
1609055100,0.18,0.18
1609056000,0.18,0.18
1609056900,0.18,0.18
1609057800,0.18,0.18
1609058700,0.18,0.18
1609059600,0.18,0.18
1609060500,0.18,0.18
1609061400,0.18,0.18
1609062300,0.18,0.18
1609063200,0.18,0.18
1609064100,0.18,0.18
1609065000,0.18,0.18
1609065900,0.18,0.18
1609066800,0.18,0.18
1609067700,0.18,0.18
1609068600,0.18,0.18
1609069500,0.18,0.18
1609070400,0.18,0.18
1609071300,0.18,0.18
1609072200,0.18,0.18
1609073100,0.18,0.18
1609074000,0.18,0.18
1609074900,0.18,0.18
1609075800,0.18,0.18
1609076700,0.18,0.18
1609077600,0.18,0.18
1609078500,0.18,0.18
1609079400,0.18,0.18
1609080300,0.18,0.18
1609081200,0.18,0.18
1609082100,0.18,0.18
1609083000,0.18,0.18
1609083900,0.18,0.18
1609084800,0.18,0.18
1609085700,0.18,0.18
1609086600,0.18,0.18
1609087500,0.18,0.18
1609088400,0.18,0.18
1609089300,0.18,0.18
1609090200,0.18,0.18
1609091100,0.18,0.18
1609092000,0.18,0.18
1609092900,0.18,0.18
1609093800,0.18,0.18
1609094700,0.18,0.18
1609095600,0.18,0.18
1609096500,0.18,0.18
1609097400,0.18,0.18
1609098300,0.18,0.18
1609099200,0.18,0.18
1609100100,0.18,0.18
1609101000,0.18,0.18
1609101900,0.18,0.18
1609102800,0.18,0.18
1609103700,0.18,0.18
1609104600,0.18,0.18
1609105500,0.18,0.18
1609106400,0.18,0.18
1609107300,0.18,0.18
1609108200,0.18,0.18
1609109100,0.18,0.18
1609110000,0.18,0.18
1609110900,0.18,0.18
1609111800,0.18,0.18
1609112700,0.18,0.18
1609113600,0.18,0.18
1609114500,0.18,0.18
1609115400,0.18,0.18
1609116300,0.18,0.18
1609117200,0.18,0.18
1609118100,0.18,0.18
1609119000,0.18,0.18
1609119900,0.18,0.18
1609120800,0.18,0.18
1609121700,0.18,0.18
1609122600,0.18,0.18
1609123500,0.18,0.18
1609124400,0.18,0.18
1609125300,0.18,0.18
1609126200,0.18,0.18
1609127100,0.18,0.18
1609128000,0.18,0.18
1609128900,0.18,0.18
1609129800,0.18,0.18
1609130700,0.18,0.18
1609131600,0.18,0.18
1609132500,0.18,0.18
1609133400,0.18,0.18
1609134300,0.18,0.18
1609135200,0.18,0.18
1609136100,0.18,0.18
1609137000,0.18,0.18
1609137900,0.18,0.18
1609138800,0.18,0.18
1609139700,0.18,0.18
1609140600,0.18,0.18
1609141500,0.18,0.18
1609142400,0.18,0.18
1609143300,0.18,0.18
1609144200,0.18,0.18
1609145100,0.18,0.18
1609146000,0.18,0.18
1609146900,0.18,0.18
1609147800,0.18,0.18
1609148700,0.18,0.18
1609149600,0.18,0.18
1609150500,0.18,0.18
1609151400,0.18,0.18
1609152300,0.18,0.18
1609153200,0.18,0.18
1609154100,0.18,0.18
1609155000,0.18,0.18
1609155900,0.18,0.18
1609156800,0.18,0.18
1609157700,0.18,0.18
1609158600,0.18,0.18
1609159500,0.18,0.18
1609160400,0.18,0.18
1609161300,0.18,0.18
1609162200,0.18,0.18
1609163100,0.18,0.18
1609164000,0.18,0.18
1609164900,0.18,0.18
1609165800,0.18,0.18
1609166700,0.18,0.18
1609167600,0.18,0.18
1609168500,0.18,0.18
1609169400,0.18,0.18
1609170300,0.18,0.18
1609171200,0.18,0.18
1609172100,0.18,0.18
1609173000,0.18,0.18
1609173900,0.18,0.18
1609174800,0.18,0.18
1609175700,0.18,0.18
1609176600,0.18,0.18
1609177500,0.18,0.18
1609178400,0.18,0.18
1609179300,0.18,0.18
1609180200,0.18,0.18
1609181100,0.18,0.18
1609182000,0.18,0.18
1609182900,0.18,0.18
1609183800,0.18,0.18
1609184700,0.18,0.18
1609185600,0.18,0.18
1609186500,0.18,0.18
1609187400,0.18,0.18
1609188300,0.18,0.18
1609189200,0.18,0.18
1609190100,0.18,0.18
1609191000,0.18,0.18
1609191900,0.18,0.18
1609192800,0.18,0.18
1609193700,0.18,0.18
1609194600,0.18,0.18
1609195500,0.18,0.18
1609196400,0.18,0.18
1609197300,0.18,0.18
1609198200,0.18,0.18
1609199100,0.18,0.18
1609200000,0.18,0.18
1609200900,0.18,0.18
1609201800,0.18,0.18
1609202700,0.18,0.18
1609203600,0.18,0.18
1609204500,0.18,0.18
1609205400,0.18,0.18
1609206300,0.18,0.18
1609207200,0.18,0.18
1609208100,0.18,0.18
1609209000,0.18,0.18
1609209900,0.18,0.18
1609210800,0.18,0.18
1609211700,0.18,0.18
1609212600,0.18,0.18
1609213500,0.18,0.18
1609214400,0.18,0.18
1609215300,0.18,0.18
1609216200,0.18,0.18
1609217100,0.18,0.18
1609218000,0.18,0.18
1609218900,0.18,0.18
1609219800,0.18,0.18
1609220700,0.18,0.18
1609221600,0.18,0.18
1609222500,0.18,0.18
1609223400,0.18,0.18
1609224300,0.18,0.18
1609225200,0.18,0.18
1609226100,0.18,0.18
1609227000,0.18,0.18
1609227900,0.18,0.18
1609228800,0.18,0.18
1609229700,0.18,0.18
1609230600,0.18,0.18
1609231500,0.18,0.18
1609232400,0.18,0.18
1609233300,0.18,0.18
1609234200,0.18,0.18
1609235100,0.18,0.18
1609236000,0.18,0.18
1609236900,0.18,0.18
1609237800,0.18,0.18
1609238700,0.18,0.18
1609239600,0.18,0.18
1609240500,0.18,0.18
1609241400,0.18,0.18
1609242300,0.18,0.18
1609243200,0.18,0.18
1609244100,0.18,0.18
1609245000,0.18,0.18
1609245900,0.18,0.18
1609246800,0.18,0.18
1609247700,0.18,0.18
1609248600,0.18,0.18
1609249500,0.18,0.18
1609250400,0.18,0.18
1609251300,0.18,0.18
1609252200,0.18,0.18
1609253100,0.18,0.18
1609254000,0.18,0.18
1609254900,0.18,0.18
1609255800,0.18,0.18
1609256700,0.18,0.18
1609257600,0.18,0.18
1609258500,0.18,0.18
1609259400,0.18,0.18
1609260300,0.18,0.18
1609261200,0.18,0.18
1609262100,0.18,0.18
1609263000,0.18,0.18
1609263900,0.18,0.18
1609264800,0.18,0.18
1609265700,0.18,0.18
1609266600,0.18,0.18
1609267500,0.18,0.18
1609268400,0.18,0.18
1609269300,0.18,0.18
1609270200,0.18,0.18
1609271100,0.18,0.18
1609272000,0.18,0.18
1609272900,0.18,0.18
1609273800,0.18,0.18
1609274700,0.18,0.18
1609275600,0.18,0.18
1609276500,0.18,0.18
1609277400,0.18,0.18
1609278300,0.18,0.18
1609279200,0.18,0.18
1609280100,0.18,0.18
1609281000,0.18,0.18
1609281900,0.18,0.18
1609282800,0.18,0.18
1609283700,0.18,0.18
1609284600,0.18,0.18
1609285500,0.18,0.18
1609286400,0.18,0.18
1609287300,0.18,0.18
1609288200,0.18,0.18
1609289100,0.18,0.18
1609290000,0.18,0.18
1609290900,0.18,0.18
1609291800,0.18,0.18
1609292700,0.18,0.18
1609293600,0.18,0.18
1609294500,0.18,0.18
1609295400,0.18,0.18
1609296300,0.18,0.18
1609297200,0.18,0.18
1609298100,0.18,0.18
1609299000,0.18,0.18
1609299900,0.18,0.18
1609300800,0.18,0.18
1609301700,0.18,0.18
1609302600,0.18,0.18
1609303500,0.18,0.18
1609304400,0.18,0.18
1609305300,0.18,0.18
1609306200,0.18,0.18
1609307100,0.18,0.18
1609308000,0.18,0.18
1609308900,0.18,0.18
1609309800,0.18,0.18
1609310700,0.18,0.18
1609311600,0.18,0.18
1609312500,0.18,0.18
1609313400,0.18,0.18
1609314300,0.18,0.18
1609315200,0.18,0.18
1609316100,0.18,0.18
1609317000,0.18,0.18
1609317900,0.18,0.18
1609318800,0.18,0.18
1609319700,0.18,0.18
1609320600,0.18,0.18
1609321500,0.18,0.18
1609322400,0.18,0.18
1609323300,0.18,0.18
1609324200,0.18,0.18
1609325100,0.18,0.18
1609326000,0.18,0.18
1609326900,0.18,0.18
1609327800,0.18,0.18
1609328700,0.18,0.18
1609329600,0.18,0.18
1609330500,0.18,0.18
1609331400,0.18,0.18
1609332300,0.18,0.18
1609333200,0.18,0.18
1609334100,0.18,0.18
1609335000,0.18,0.18
1609335900,0.18,0.18
1609336800,0.18,0.18
1609337700,0.18,0.18
1609338600,0.18,0.18
1609339500,0.18,0.18
1609340400,0.18,0.18
1609341300,0.18,0.18
1609342200,0.18,0.18
1609343100,0.18,0.18
1609344000,0.18,0.18
1609344900,0.18,0.18
1609345800,0.18,0.18
1609346700,0.18,0.18
1609347600,0.18,0.18
1609348500,0.18,0.18
1609349400,0.18,0.18
1609350300,0.18,0.18
1609351200,0.18,0.18
1609352100,0.18,0.18
1609353000,0.18,0.18
1609353900,0.18,0.18
1609354800,0.18,0.18
1609355700,0.18,0.18
1609356600,0.18,0.18
1609357500,0.18,0.18
1609358400,0.18,0.18
1609359300,0.18,0.18
1609360200,0.18,0.18
1609361100,0.18,0.18
1609362000,0.18,0.18
1609362900,0.18,0.18
1609363800,0.18,0.18
1609364700,0.18,0.18
1609365600,0.18,0.18
1609366500,0.18,0.18
1609367400,0.18,0.18
1609368300,0.18,0.18
1609369200,0.18,0.18
1609370100,0.18,0.18
1609371000,0.18,0.18
1609371900,0.18,0.18
1609372800,0.18,0.18
1609373700,0.18,0.18
1609374600,0.18,0.18
1609375500,0.18,0.18
1609376400,0.18,0.18
1609377300,0.18,0.18
1609378200,0.18,0.18
1609379100,0.18,0.18
1609380000,0.18,0.18
1609380900,0.18,0.18
1609381800,0.18,0.18
1609382700,0.18,0.18
1609383600,0.18,0.18
1609384500,0.18,0.18
1609385400,0.18,0.18
1609386300,0.18,0.18
1609387200,0.18,0.18
1609388100,0.18,0.18
1609389000,0.18,0.18
1609389900,0.18,0.18
1609390800,0.18,0.18
1609391700,0.18,0.18
1609392600,0.18,0.18
1609393500,0.18,0.18
1609394400,0.18,0.18
1609395300,0.18,0.18
1609396200,0.18,0.18
1609397100,0.18,0.18
1609398000,0.18,0.18
1609398900,0.18,0.18
1609399800,0.18,0.18
1609400700,0.18,0.18
1609401600,0.18,0.18
1609402500,0.18,0.18
1609403400,0.18,0.18
1609404300,0.18,0.18
1609405200,0.18,0.18
1609406100,0.18,0.18
1609407000,0.18,0.18
1609407900,0.18,0.18
1609408800,0.18,0.18
1609409700,0.18,0.18
1609410600,0.18,0.18
1609411500,0.18,0.18
1609412400,0.18,0.18
1609413300,0.18,0.18
1609414200,0.18,0.18
1609415100,0.18,0.18
1609416000,0.18,0.18
1609416900,0.18,0.18
1609417800,0.18,0.18
1609418700,0.18,0.18
1609419600,0.18,0.18
1609420500,0.18,0.18
1609421400,0.18,0.18
1609422300,0.18,0.18
1609423200,0.18,0.18
1609424100,0.18,0.18
1609425000,0.18,0.18
1609425900,0.18,0.18
1609426800,0.18,0.18
1609427700,0.18,0.18
1609428600,0.18,0.18
1609429500,0.18,0.18
1609430400,0.18,0.18
1609431300,0.18,0.18
1609432200,0.18,0.18
1609433100,0.18,0.18
1609434000,0.18,0.18
1609434900,0.18,0.18
1609435800,0.18,0.18
1609436700,0.18,0.18
1609437600,0.18,0.18
1609438500,0.18,0.18
1609439400,0.18,0.18
1609440300,0.18,0.18
1609441200,0.18,0.18
1609442100,0.18,0.18
1609443000,0.18,0.18
1609443900,0.18,0.18
1609444800,0.18,0.18
1609445700,0.18,0.18
1609446600,0.18,0.18
1609447500,0.18,0.18
1609448400,0.18,0.18
1609449300,0.18,0.18
1609450200,0.18,0.18
1609451100,0.18,0.18
1609452000,0.18,0.18
1609452900,0.18,0.18
1609453800,0.18,0.18
1609454700,0.18,0.18
1609455600,0.18,0.18
1609456500,0.18,0.18
1609457400,0.18,0.18
1609458300,0.18,0.18
1609459200,0.18,0.18
1609460100,0.18,0.18
1609461000,0.18,0.18
1609461900,0.18,0.18
1609462800,0.18,0.18
1609463700,0.18,0.18
1609464600,0.18,0.18
1609465500,0.18,0.18
1609466400,0.18,0.18
1609467300,0.18,0.18
1609468200,0.18,0.18
1609469100,0.18,0.18
1609470000,0.18,0.18
1609470900,0.18,0.18
1609471800,0.18,0.18
1609472700,0.18,0.18
1609473600,0.18,0.18
1609474500,0.18,0.18
1609475400,0.18,0.18
1609476300,0.18,0.18
1609477200,0.18,0.18
1609478100,0.18,0.18
1609479000,0.18,0.18
1609479900,0.18,0.18
1609480800,0.18,0.18
1609481700,0.18,0.18
1609482600,0.18,0.18
1609483500,0.18,0.18
1609484400,0.18,0.18
1609485300,0.18,0.18
1609486200,0.18,0.18
1609487100,0.18,0.18
1609488000,0.18,0.18
1609488900,0.18,0.18
1609489800,0.18,0.18
1609490700,0.18,0.18
1609491600,0.18,0.18
1609492500,0.18,0.18
1609493400,0.18,0.18
1609494300,0.18,0.18
1609495200,0.18,0.18
1609496100,0.18,0.18
1609497000,0.18,0.18
1609497900,0.18,0.18
1609498800,0.18,0.18
1609499700,0.18,0.18
1609500600,0.18,0.18
1609501500,0.18,0.18
1609502400,0.18,0.18
1609503300,0.18,0.18
1609504200,0.18,0.18
1609505100,0.18,0.18
1609506000,0.18,0.18
1609506900,0.18,0.18
1609507800,0.18,0.18
1609508700,0.18,0.18
1609509600,0.18,0.18
1609510500,0.18,0.18
1609511400,0.18,0.18
1609512300,0.18,0.18
1609513200,0.18,0.18
1609514100,0.18,0.18
1609515000,0.18,0.18
1609515900,0.18,0.18
1609516800,0.18,0.18
1609517700,0.18,0.18
1609518600,0.18,0.18
1609519500,0.18,0.18
1609520400,0.18,0.18
1609521300,0.18,0.18
1609522200,0.18,0.18
1609523100,0.18,0.18
1609524000,0.18,0.18
1609524900,0.18,0.18
1609525800,0.18,0.18
1609526700,0.18,0.18
1609527600,0.18,0.18
1609528500,0.18,0.18
1609529400,0.18,0.18
1609530300,0.18,0.18
1609531200,0.18,0.18
1609532100,0.18,0.18
1609533000,0.18,0.18
1609533900,0.18,0.18
1609534800,0.18,0.18
1609535700,0.18,0.18
1609536600,0.18,0.18
1609537500,0.18,0.18
1609538400,0.18,0.18
1609539300,0.18,0.18
1609540200,0.18,0.18
1609541100,0.18,0.18
1609542000,0.18,0.18
1609542900,0.18,0.18
1609543800,0.18,0.18
1609544700,0.18,0.18
1609545600,0.18,0.18
1609546500,0.18,0.18
1609547400,0.18,0.18
1609548300,0.18,0.18
1609549200,0.18,0.18
1609550100,0.18,0.18
1609551000,0.18,0.18
1609551900,0.18,0.18
1609552800,0.18,0.18
1609553700,0.18,0.18
1609554600,0.18,0.18
1609555500,0.18,0.18
1609556400,0.18,0.18
1609557300,0.18,0.18
1609558200,0.18,0.18
1609559100,0.18,0.18
1609560000,0.18,0.18
1609560900,0.18,0.18
1609561800,0.18,0.18
1609562700,0.18,0.18
1609563600,0.18,0.18
1609564500,0.18,0.18
1609565400,0.18,0.18
1609566300,0.18,0.18
1609567200,0.18,0.18
1609568100,0.18,0.18
1609569000,0.18,0.18
1609569900,0.18,0.18
1609570800,0.18,0.18
1609571700,0.18,0.18
1609572600,0.18,0.18
1609573500,0.18,0.18
1609574400,0.18,0.18
1609575300,0.18,0.18
1609576200,0.18,0.18
1609577100,0.18,0.18
1609578000,0.18,0.18
1609578900,0.18,0.18
1609579800,0.18,0.18
1609580700,0.18,0.18
1609581600,0.18,0.18
1609582500,0.18,0.18
1609583400,0.18,0.18
1609584300,0.18,0.18
1609585200,0.18,0.18
1609586100,0.18,0.18
1609587000,0.18,0.18
1609587900,0.18,0.18
1609588800,0.18,0.18
1609589700,0.18,0.18
1609590600,0.18,0.18
1609591500,0.18,0.18
1609592400,0.18,0.18
1609593300,0.18,0.18
1609594200,0.18,0.18
1609595100,0.18,0.18
1609596000,0.18,0.18
1609596900,0.18,0.18
1609597800,0.18,0.18
1609598700,0.18,0.18
1609599600,0.18,0.18
1609600500,0.18,0.18
1609601400,0.18,0.18
1609602300,0.18,0.18
1609603200,0.18,0.18
1609604100,0.18,0.18
1609605000,0.18,0.18
1609605900,0.18,0.18
1609606800,0.18,0.18
1609607700,0.18,0.18
1609608600,0.18,0.18
1609609500,0.18,0.18
1609610400,0.18,0.18
1609611300,0.18,0.18
1609612200,0.18,0.18
1609613100,0.18,0.18
1609614000,0.18,0.18
1609614900,0.18,0.18
1609615800,0.18,0.18
1609616700,0.18,0.18
1609617600,0.18,0.18
1609618500,0.18,0.18
1609619400,0.18,0.18
1609620300,0.18,0.18
1609621200,0.18,0.18
1609622100,0.18,0.18
1609623000,0.18,0.18
1609623900,0.18,0.18
1609624800,0.18,0.18
1609625700,0.18,0.18
1609626600,0.18,0.18
1609627500,0.18,0.18
1609628400,0.18,0.18
1609629300,0.18,0.18
1609630200,0.18,0.18
1609631100,0.18,0.18
1609632000,0.18,0.18
1609632900,0.18,0.18
1609633800,0.18,0.18
1609634700,0.18,0.18
1609635600,0.18,0.18
1609636500,0.18,0.18
1609637400,0.18,0.18
1609638300,0.18,0.18
1609639200,0.18,0.18
1609640100,0.18,0.18
1609641000,0.18,0.18
1609641900,0.18,0.18
1609642800,0.18,0.18
1609643700,0.18,0.18
1609644600,0.18,0.18
1609645500,0.18,0.18
1609646400,0.18,0.18
1609647300,0.18,0.18
1609648200,0.18,0.18
1609649100,0.18,0.18
1609650000,0.18,0.18
1609650900,0.18,0.18
1609651800,0.18,0.18
1609652700,0.18,0.18
1609653600,0.18,0.18
1609654500,0.18,0.18
1609655400,0.18,0.18
1609656300,0.18,0.18
1609657200,0.18,0.18
1609658100,0.18,0.18
1609659000,0.18,0.18
1609659900,0.18,0.18
1609660800,0.18,0.18
1609661700,0.18,0.18
1609662600,0.18,0.18
1609663500,0.18,0.18
1609664400,0.18,0.18
1609665300,0.18,0.18
1609666200,0.18,0.18
1609667100,0.18,0.18
1609668000,0.18,0.18
1609668900,0.18,0.18
1609669800,0.18,0.18
1609670700,0.18,0.18
1609671600,0.18,0.18
1609672500,0.18,0.18
1609673400,0.18,0.18
1609674300,0.18,0.18
1609675200,0.18,0.18
1609676100,0.18,0.18
1609677000,0.18,0.18
1609677900,0.18,0.18
1609678800,0.18,0.18
1609679700,0.18,0.18
1609680600,0.18,0.18
1609681500,0.18,0.18
1609682400,0.18,0.18
1609683300,0.18,0.18
1609684200,0.18,0.18
1609685100,0.18,0.18
1609686000,0.18,0.18
1609686900,0.18,0.18
1609687800,0.18,0.18
1609688700,0.18,0.18
1609689600,0.18,0.18
1609690500,0.18,0.18
1609691400,0.18,0.18
1609692300,0.18,0.18
1609693200,0.18,0.18
1609694100,0.18,0.18
1609695000,0.18,0.18
1609695900,0.18,0.18
1609696800,0.18,0.18
1609697700,0.18,0.18
1609698600,0.18,0.18
1609699500,0.18,0.18
1609700400,0.18,0.18
1609701300,0.18,0.18
1609702200,0.18,0.18
1609703100,0.18,0.18
1609704000,0.18,0.18
1609704900,0.18,0.18
1609705800,0.18,0.18
1609706700,0.18,0.18
1609707600,0.18,0.18
1609708500,0.18,0.18
1609709400,0.18,0.18
1609710300,0.18,0.18
1609711200,0.18,0.18
1609712100,0.18,0.18
1609713000,0.18,0.18
1609713900,0.18,0.18
1609714800,0.18,0.18
1609715700,0.18,0.18
1609716600,0.18,0.18
1609717500,0.18,0.18
1609718400,0.18,0.18
1609719300,0.18,0.18
1609720200,0.18,0.18
1609721100,0.18,0.18
1609722000,0.18,0.18
1609722900,0.18,0.18
1609723800,0.18,0.18
1609724700,0.18,0.18
1609725600,0.18,0.18
1609726500,0.18,0.18
1609727400,0.18,0.18
1609728300,0.18,0.18
1609729200,0.18,0.18
1609730100,0.18,0.18
1609731000,0.18,0.18
1609731900,0.18,0.18
1609732800,0.18,0.18
1609733700,0.18,0.18
1609734600,0.18,0.18
1609735500,0.18,0.18
1609736400,0.18,0.18
1609737300,0.18,0.18
1609738200,0.18,0.18
1609739100,0.18,0.18
1609740000,0.18,0.18
1609740900,0.18,0.18
1609741800,0.18,0.18
1609742700,0.18,0.18
1609743600,0.18,0.18
1609744500,0.18,0.18
1609745400,0.18,0.18
1609746300,0.18,0.18
1609747200,0.18,0.18
1609748100,0.18,0.18
1609749000,0.18,0.18
1609749900,0.18,0.18
1609750800,0.18,0.18
1609751700,0.18,0.18
1609752600,0.18,0.18
1609753500,0.18,0.18
1609754400,0.18,0.18
1609755300,0.18,0.18
1609756200,0.18,0.18
1609757100,0.18,0.18
1609758000,0.18,0.18
1609758900,0.18,0.18
1609759800,0.18,0.18
1609760700,0.18,0.18
1609761600,0.18,0.18
1609762500,0.18,0.18
1609763400,0.18,0.18
1609764300,0.18,0.18
1609765200,0.18,0.18
1609766100,0.18,0.18
1609767000,0.18,0.18
1609767900,0.18,0.18
1609768800,0.18,0.18
1609769700,0.18,0.18
1609770600,0.18,0.18
1609771500,0.18,0.18
1609772400,0.18,0.18
1609773300,0.18,0.18
1609774200,0.18,0.18
1609775100,0.18,0.18
1609776000,0.18,0.18
1609776900,0.18,0.18
1609777800,0.18,0.18
1609778700,0.18,0.18
1609779600,0.18,0.18
1609780500,0.18,0.18
1609781400,0.18,0.18
1609782300,0.18,0.18
1609783200,0.18,0.18
1609784100,0.18,0.18
1609785000,0.18,0.18
1609785900,0.18,0.18
1609786800,0.18,0.18
1609787700,0.18,0.18
1609788600,0.18,0.18
1609789500,0.18,0.18
1609790400,0.18,0.18
1609791300,0.18,0.18
1609792200,0.18,0.18
1609793100,0.18,0.18
1609794000,0.18,0.18
1609794900,0.18,0.18
1609795800,0.18,0.18
1609796700,0.18,0.18
1609797600,0.18,0.18
1609798500,0.18,0.18
1609799400,0.18,0.18
1609800300,0.18,0.18
1609801200,0.18,0.18
1609802100,0.18,0.18
1609803000,0.18,0.18
1609803900,0.18,0.18
1609804800,0.18,0.18
1609805700,0.18,0.18
1609806600,0.18,0.18
1609807500,0.18,0.18
1609808400,0.18,0.18
1609809300,0.18,0.18
1609810200,0.18,0.18
1609811100,0.18,0.18
1609812000,0.18,0.18
1609812900,0.18,0.18
1609813800,0.18,0.18
1609814700,0.18,0.18
1609815600,0.18,0.18
1609816500,0.18,0.18
1609817400,0.18,0.18
1609818300,0.18,0.18
1609819200,0.18,0.18
1609820100,0.18,0.18
1609821000,0.18,0.18
1609821900,0.18,0.18
1609822800,0.18,0.18
1609823700,0.18,0.18
1609824600,0.18,0.18
1609825500,0.18,0.18
1609826400,0.18,0.18
1609827300,0.18,0.18
1609828200,0.18,0.18
1609829100,0.18,0.18
1609830000,0.18,0.18
1609830900,0.18,0.18
1609831800,0.18,0.18
1609832700,0.18,0.18
1609833600,0.18,0.18
1609834500,0.18,0.18
1609835400,0.18,0.18
1609836300,0.18,0.18
1609837200,0.18,0.18
1609838100,0.18,0.18
1609839000,0.18,0.18
1609839900,0.18,0.18
1609840800,0.18,0.18
1609841700,0.18,0.18
1609842600,0.18,0.18
1609843500,0.18,0.18
1609844400,0.18,0.18
1609845300,0.18,0.18
1609846200,0.18,0.18
1609847100,0.18,0.18
1609848000,0.18,0.18
1609848900,0.18,0.18
1609849800,0.18,0.18
1609850700,0.18,0.18
1609851600,0.18,0.18
1609852500,0.18,0.18
1609853400,0.18,0.18
1609854300,0.18,0.18
1609855200,0.18,0.18
1609856100,0.18,0.18
1609857000,0.18,0.18
1609857900,0.18,0.18
1609858800,0.18,0.18
1609859700,0.18,0.18
1609860600,0.18,0.18
1609861500,0.18,0.18
1609862400,0.18,0.18
1609863300,0.18,0.18
1609864200,0.18,0.18
1609865100,0.18,0.18
1609866000,0.18,0.18
1609866900,0.18,0.18
1609867800,0.18,0.18
1609868700,0.18,0.18
1609869600,0.18,0.18
1609870500,0.18,0.18
1609871400,0.18,0.18
1609872300,0.18,0.18
1609873200,0.18,0.18
1609874100,0.18,0.18
1609875000,0.18,0.18
1609875900,0.18,0.18
1609876800,0.18,0.18
1609877700,0.18,0.18
1609878600,0.18,0.18
1609879500,0.18,0.18
1609880400,0.18,0.18
1609881300,0.18,0.18
1609882200,0.18,0.18
1609883100,0.18,0.18
1609884000,0.18,0.18
1609884900,0.18,0.18
1609885800,0.18,0.18
1609886700,0.18,0.18
1609887600,0.18,0.18
1609888500,0.18,0.18
1609889400,0.18,0.18
1609890300,0.18,0.18
1609891200,0.18,0.18
1609892100,0.18,0.18
1609893000,0.18,0.18
1609893900,0.18,0.18
1609894800,0.18,0.18
1609895700,0.18,0.18
1609896600,0.18,0.18
1609897500,0.18,0.18
1609898400,0.18,0.18
1609899300,0.18,0.18
1609900200,0.18,0.18
1609901100,0.18,0.18
1609902000,0.18,0.18
1609902900,0.18,0.18
1609903800,0.18,0.18
1609904700,0.18,0.18
1609905600,0.18,0.18
1609906500,0.18,0.18
1609907400,0.18,0.18
1609908300,0.18,0.18
1609909200,0.18,0.18
1609910100,0.18,0.18
1609911000,0.18,0.18
1609911900,0.18,0.18
1609912800,0.18,0.18
1609913700,0.18,0.18
1609914600,0.18,0.18
1609915500,0.18,0.18
1609916400,0.18,0.18
1609917300,0.18,0.18
1609918200,0.18,0.18
1609919100,0.18,0.18
1609920000,0.18,0.18
1609920900,0.18,0.18
1609921800,0.18,0.18
1609922700,0.18,0.18
1609923600,0.18,0.18
1609924500,0.18,0.18
1609925400,0.18,0.18
1609926300,0.18,0.18
1609927200,0.18,0.18
1609928100,0.18,0.18
1609929000,0.18,0.18
1609929900,0.18,0.18
1609930800,0.18,0.18
1609931700,0.18,0.18
1609932600,0.18,0.18
1609933500,0.18,0.18
1609934400,0.18,0.18
1609935300,0.18,0.18
1609936200,0.18,0.18
1609937100,0.18,0.18
1609938000,0.18,0.18
1609938900,0.18,0.18
1609939800,0.18,0.18
1609940700,0.18,0.18
1609941600,0.18,0.18
1609942500,0.18,0.18
1609943400,0.18,0.18
1609944300,0.18,0.18
1609945200,0.18,0.18
1609946100,0.18,0.18
1609947000,0.18,0.18
1609947900,0.18,0.18
1609948800,0.18,0.18
1609949700,0.18,0.18
1609950600,0.18,0.18
1609951500,0.18,0.18
1609952400,0.18,0.18
1609953300,0.18,0.18
1609954200,0.18,0.18
1609955100,0.18,0.18
1609956000,0.18,0.18
1609956900,0.18,0.18
1609957800,0.18,0.18
1609958700,0.18,0.18
1609959600,0.18,0.18
1609960500,0.18,0.18
1609961400,0.18,0.18
1609962300,0.18,0.18
1609963200,0.18,0.18
1609964100,0.18,0.18
1609965000,0.18,0.18
1609965900,0.18,0.18
1609966800,0.18,0.18
1609967700,0.18,0.18
1609968600,0.18,0.18
1609969500,0.18,0.18
1609970400,0.18,0.18
1609971300,0.18,0.18
1609972200,0.18,0.18
1609973100,0.18,0.18
1609974000,0.18,0.18
1609974900,0.18,0.18
1609975800,0.18,0.18
1609976700,0.18,0.18
1609977600,0.18,0.18
1609978500,0.18,0.18
1609979400,0.18,0.18
1609980300,0.18,0.18
1609981200,0.18,0.18
1609982100,0.18,0.18
1609983000,0.18,0.18
1609983900,0.18,0.18
1609984800,0.18,0.18
1609985700,0.18,0.18
1609986600,0.18,0.18
1609987500,0.18,0.18
1609988400,0.18,0.18
1609989300,0.18,0.18
1609990200,0.18,0.18
1609991100,0.18,0.18
1609992000,0.18,0.18
1609992900,0.18,0.18
1609993800,0.18,0.18
1609994700,0.18,0.18
1609995600,0.18,0.18
1609996500,0.18,0.18
1609997400,0.18,0.18
1609998300,0.18,0.18
1609999200,0.18,0.18
1610000100,0.18,0.18
1610001000,0.18,0.18
1610001900,0.18,0.18
1610002800,0.18,0.18
1610003700,0.18,0.18
1610004600,0.18,0.18
1610005500,0.18,0.18
1610006400,0.18,0.18
1610007300,0.18,0.18
1610008200,0.18,0.18
1610009100,0.18,0.18
1610010000,0.18,0.18
1610010900,0.18,0.18
1610011800,0.18,0.18
1610012700,0.18,0.18
1610013600,0.18,0.18
1610014500,0.18,0.18
1610015400,0.18,0.18
1610016300,0.18,0.18
1610017200,0.18,0.18
1610018100,0.18,0.18
1610019000,0.18,0.18
1610019900,0.18,0.18
1610020800,0.18,0.18
1610021700,0.18,0.18
1610022600,0.18,0.18
1610023500,0.18,0.18
1610024400,0.18,0.18
1610025300,0.18,0.18
1610026200,0.18,0.18
1610027100,0.18,0.18
1610028000,0.18,0.18
1610028900,0.18,0.18
1610029800,0.18,0.18
1610030700,0.18,0.18
1610031600,0.18,0.18
1610032500,0.18,0.18
1610033400,0.18,0.18
1610034300,0.18,0.18
1610035200,0.18,0.18
1610036100,0.18,0.18
1610037000,0.18,0.18
1610037900,0.18,0.18
1610038800,0.18,0.18
1610039700,0.18,0.18
1610040600,0.18,0.18
1610041500,0.18,0.18
1610042400,0.18,0.18
1610043300,0.18,0.18
1610044200,0.18,0.18
1610045100,0.18,0.18
1610046000,0.18,0.18
1610046900,0.18,0.18
1610047800,0.18,0.18
1610048700,0.18,0.18
1610049600,0.18,0.18
1610050500,0.18,0.18
1610051400,0.18,0.18
1610052300,0.18,0.18
1610053200,0.18,0.18
1610054100,0.18,0.18
1610055000,0.18,0.18
1610055900,0.18,0.18
1610056800,0.18,0.18
1610057700,0.18,0.18
1610058600,0.18,0.18
1610059500,0.18,0.18
1610060400,0.18,0.18
1610061300,0.18,0.18
1610062200,0.18,0.18
1610063100,0.18,0.18
1610064000,0.18,0.18
1610064900,0.18,0.18
1610065800,0.18,0.18
1610066700,0.18,0.18
1610067600,0.18,0.18
1610068500,0.18,0.18
1610069400,0.18,0.18
1610070300,0.18,0.18
1610071200,0.18,0.18
1610072100,0.18,0.18
1610073000,0.18,0.18
1610073900,0.18,0.18
1610074800,0.18,0.18
1610075700,0.18,0.18
1610076600,0.18,0.18
1610077500,0.18,0.18
1610078400,0.18,0.18
1610079300,0.18,0.18
1610080200,0.18,0.18
1610081100,0.18,0.18
1610082000,0.18,0.18
1610082900,0.18,0.18
1610083800,0.18,0.18
1610084700,0.18,0.18
1610085600,0.18,0.18
1610086500,0.18,0.18
1610087400,0.18,0.18
1610088300,0.18,0.18
1610089200,0.18,0.18
1610090100,0.18,0.18
1610091000,0.18,0.18
1610091900,0.18,0.18
1610092800,0.18,0.18
1610093700,0.18,0.18
1610094600,0.18,0.18
1610095500,0.18,0.18
1610096400,0.18,0.18
1610097300,0.18,0.18
1610098200,0.18,0.18
1610099100,0.18,0.18
1610100000,0.18,0.18
1610100900,0.18,0.18
1610101800,0.18,0.18
1610102700,0.18,0.18
1610103600,0.18,0.18
1610104500,0.18,0.18
1610105400,0.18,0.18
1610106300,0.18,0.18
1610107200,0.18,0.18
1610108100,0.18,0.18
1610109000,0.18,0.18
1610109900,0.18,0.18
1610110800,0.18,0.18
1610111700,0.18,0.18
1610112600,0.18,0.18
1610113500,0.18,0.18
1610114400,0.18,0.18
1610115300,0.18,0.18
1610116200,0.18,0.18
1610117100,0.18,0.18
1610118000,0.18,0.18
1610118900,0.18,0.18
1610119800,0.18,0.18
1610120700,0.18,0.18
1610121600,0.18,0.18
1610122500,0.18,0.18
1610123400,0.18,0.18
1610124300,0.18,0.18
1610125200,0.18,0.18
1610126100,0.18,0.18
1610127000,0.18,0.18
1610127900,0.18,0.18
1610128800,0.18,0.18
1610129700,0.18,0.18
1610130600,0.18,0.18
1610131500,0.18,0.18
1610132400,0.18,0.18
1610133300,0.18,0.18
1610134200,0.18,0.18
1610135100,0.18,0.18
1610136000,0.18,0.18
1610136900,0.18,0.18
1610137800,0.18,0.18
1610138700,0.18,0.18
1610139600,0.18,0.18
1610140500,0.18,0.18
1610141400,0.18,0.18
1610142300,0.18,0.18
1610143200,0.18,0.18
1610144100,0.18,0.18
1610145000,0.18,0.18
1610145900,0.18,0.18
1610146800,0.18,0.18
1610147700,0.18,0.18
1610148600,0.18,0.18
1610149500,0.18,0.18
1610150400,0.18,0.18
1610151300,0.18,0.18
1610152200,0.18,0.18
1610153100,0.18,0.18
1610154000,0.18,0.18
1610154900,0.18,0.18
1610155800,0.18,0.18
1610156700,0.18,0.18
1610157600,0.18,0.18
1610158500,0.18,0.18
1610159400,0.18,0.18
1610160300,0.18,0.18
1610161200,0.18,0.18
1610162100,0.18,0.18
1610163000,0.18,0.18
1610163900,0.18,0.18
1610164800,0.18,0.18
1610165700,0.18,0.18
1610166600,0.18,0.18
1610167500,0.18,0.18
1610168400,0.18,0.18
1610169300,0.18,0.18
1610170200,0.18,0.18
1610171100,0.18,0.18
1610172000,0.18,0.18
1610172900,0.18,0.18
1610173800,0.18,0.18
1610174700,0.18,0.18
1610175600,0.18,0.18
1610176500,0.18,0.18
1610177400,0.18,0.18
1610178300,0.18,0.18
1610179200,0.18,0.18
1610180100,0.18,0.18
1610181000,0.18,0.18
1610181900,0.18,0.18
1610182800,0.18,0.18
1610183700,0.18,0.18
1610184600,0.18,0.18
1610185500,0.18,0.18
1610186400,0.18,0.18
1610187300,0.18,0.18
1610188200,0.18,0.18
1610189100,0.18,0.18
1610190000,0.18,0.18
1610190900,0.18,0.18
1610191800,0.18,0.18
1610192700,0.18,0.18
1610193600,0.18,0.18
1610194500,0.18,0.18
1610195400,0.18,0.18
1610196300,0.18,0.18
1610197200,0.18,0.18
1610198100,0.18,0.18
1610199000,0.18,0.18
1610199900,0.18,0.18
1610200800,0.18,0.18
1610201700,0.18,0.18
1610202600,0.18,0.18
1610203500,0.18,0.18
1610204400,0.18,0.18
1610205300,0.18,0.18
1610206200,0.18,0.18
1610207100,0.18,0.18
1610208000,0.18,0.18
1610208900,0.18,0.18
1610209800,0.18,0.18
1610210700,0.18,0.18
1610211600,0.18,0.18
1610212500,0.18,0.18
1610213400,0.18,0.18
1610214300,0.18,0.18
1610215200,0.18,0.18
1610216100,0.18,0.18
1610217000,0.18,0.18
1610217900,0.18,0.18
1610218800,0.18,0.18
1610219700,0.18,0.18
1610220600,0.18,0.18
1610221500,0.18,0.18
1610222400,0.18,0.18
1610223300,0.18,0.18
1610224200,0.18,0.18
1610225100,0.18,0.18
1610226000,0.18,0.18
1610226900,0.18,0.18
1610227800,0.18,0.18
1610228700,0.18,0.18
1610229600,0.18,0.18
1610230500,0.18,0.18
1610231400,0.18,0.18
1610232300,0.18,0.18
1610233200,0.18,0.18
1610234100,0.18,0.18
1610235000,0.18,0.18
1610235900,0.18,0.18
1610236800,0.18,0.18
1610237700,0.18,0.18
1610238600,0.18,0.18
1610239500,0.18,0.18
1610240400,0.18,0.18
1610241300,0.18,0.18
1610242200,0.18,0.18
1610243100,0.18,0.18
1610244000,0.18,0.18
1610244900,0.18,0.18
1610245800,0.18,0.18
1610246700,0.18,0.18
1610247600,0.18,0.18
1610248500,0.18,0.18
1610249400,0.18,0.18
1610250300,0.18,0.18
1610251200,0.18,0.18
1610252100,0.18,0.18
1610253000,0.18,0.18
1610253900,0.18,0.18
1610254800,0.18,0.18
1610255700,0.18,0.18
1610256600,0.18,0.18
1610257500,0.18,0.18
1610258400,0.18,0.18
1610259300,0.18,0.18
1610260200,0.18,0.18
1610261100,0.18,0.18
1610262000,0.18,0.18
1610262900,0.18,0.18
1610263800,0.18,0.18
1610264700,0.18,0.18
1610265600,0.18,0.18
1610266500,0.18,0.18
1610267400,0.18,0.18
1610268300,0.18,0.18
1610269200,0.18,0.18
1610270100,0.18,0.18
1610271000,0.18,0.18
1610271900,0.18,0.18
1610272800,0.18,0.18
1610273700,0.18,0.18
1610274600,0.18,0.18
1610275500,0.18,0.18
1610276400,0.18,0.18
1610277300,0.18,0.18
1610278200,0.18,0.18
1610279100,0.18,0.18
1610280000,0.18,0.18
1610280900,0.18,0.18
1610281800,0.18,0.18
1610282700,0.18,0.18
1610283600,0.18,0.18
1610284500,0.18,0.18
1610285400,0.18,0.18
1610286300,0.18,0.18
1610287200,0.18,0.18
1610288100,0.18,0.18
1610289000,0.18,0.18
1610289900,0.18,0.18
1610290800,0.18,0.18
1610291700,0.18,0.18
1610292600,0.18,0.18
1610293500,0.18,0.18
1610294400,0.18,0.18
1610295300,0.18,0.18
1610296200,0.18,0.18
1610297100,0.18,0.18
1610298000,0.18,0.18
1610298900,0.18,0.18
1610299800,0.18,0.18
1610300700,0.18,0.18
1610301600,0.18,0.18
1610302500,0.18,0.18
1610303400,0.18,0.18
1610304300,0.18,0.18
1610305200,0.18,0.18
1610306100,0.18,0.18
1610307000,0.18,0.18
1610307900,0.18,0.18
1610308800,0.18,0.18
1610309700,0.18,0.18
1610310600,0.18,0.18
1610311500,0.18,0.18
1610312400,0.18,0.18
1610313300,0.18,0.18
1610314200,0.18,0.18
1610315100,0.18,0.18
1610316000,0.18,0.18
1610316900,0.18,0.18
1610317800,0.18,0.18
1610318700,0.18,0.18
1610319600,0.18,0.18
1610320500,0.18,0.18
1610321400,0.18,0.18
1610322300,0.18,0.18
1610323200,0.18,0.18
1610324100,0.18,0.18
1610325000,0.18,0.18
1610325900,0.18,0.18
1610326800,0.18,0.18
1610327700,0.18,0.18
1610328600,0.18,0.18
1610329500,0.18,0.18
1610330400,0.18,0.18
1610331300,0.18,0.18
1610332200,0.18,0.18
1610333100,0.18,0.18
1610334000,0.18,0.18
1610334900,0.18,0.18
1610335800,0.18,0.18
1610336700,0.18,0.18
1610337600,0.18,0.18
1610338500,0.18,0.18
1610339400,0.18,0.18
1610340300,0.18,0.18
1610341200,0.18,0.18
1610342100,0.18,0.18
1610343000,0.18,0.18
1610343900,0.18,0.18
1610344800,0.18,0.18
1610345700,0.18,0.18
1610346600,0.18,0.18
1610347500,0.18,0.18
1610348400,0.18,0.18
1610349300,0.18,0.18
1610350200,0.18,0.18
1610351100,0.18,0.18
1610352000,0.18,0.18
1610352900,0.18,0.18
1610353800,0.18,0.18
1610354700,0.18,0.18
1610355600,0.18,0.18
1610356500,0.18,0.18
1610357400,0.18,0.18
1610358300,0.18,0.18
1610359200,0.18,0.18
1610360100,0.18,0.18
1610361000,0.18,0.18
1610361900,0.18,0.18
1610362800,0.18,0.18
1610363700,0.18,0.18
1610364600,0.18,0.18
1610365500,0.18,0.18
1610366400,0.18,0.18
1610367300,0.18,0.18
1610368200,0.18,0.18
1610369100,0.18,0.18
1610370000,0.18,0.18
1610370900,0.18,0.18
1610371800,0.18,0.18
1610372700,0.18,0.18
1610373600,0.18,0.18
1610374500,0.18,0.18
1610375400,0.18,0.18
1610376300,0.18,0.18
1610377200,0.18,0.18
1610378100,0.18,0.18
1610379000,0.18,0.18
1610379900,0.18,0.18
1610380800,0.18,0.18
1610381700,0.18,0.18
1610382600,0.18,0.18
1610383500,0.18,0.18
1610384400,0.18,0.18
1610385300,0.18,0.18
1610386200,0.18,0.18
1610387100,0.18,0.18
1610388000,0.18,0.18
1610388900,0.18,0.18
1610389800,0.18,0.18
1610390700,0.18,0.18
1610391600,0.18,0.18
1610392500,0.18,0.18
1610393400,0.18,0.18
1610394300,0.18,0.18
1610395200,0.18,0.18
1610396100,0.18,0.18
1610397000,0.18,0.18
1610397900,0.18,0.18
1610398800,0.18,0.18
1610399700,0.18,0.18
1610400600,0.18,0.18
1610401500,0.18,0.18
1610402400,0.18,0.18
1610403300,0.18,0.18
1610404200,0.18,0.18
1610405100,0.18,0.18
1610406000,0.18,0.18
1610406900,0.18,0.18
1610407800,0.18,0.18
1610408700,0.18,0.18
1610409600,0.18,0.18
1610410500,0.18,0.18
1610411400,0.18,0.18
1610412300,0.18,0.18
1610413200,0.18,0.18
1610414100,0.18,0.18
1610415000,0.18,0.18
1610415900,0.18,0.18
1610416800,0.18,0.18
1610417700,0.18,0.18
1610418600,0.18,0.18
1610419500,0.18,0.18
1610420400,0.18,0.18
1610421300,0.18,0.18
1610422200,0.18,0.18
1610423100,0.18,0.18
1610424000,0.18,0.18
1610424900,0.18,0.18
1610425800,0.18,0.18
1610426700,0.18,0.18
1610427600,0.18,0.18
1610428500,0.18,0.18
1610429400,0.18,0.18
1610430300,0.18,0.18
1610431200,0.18,0.18
1610432100,0.18,0.18
1610433000,0.18,0.18
1610433900,0.18,0.18
1610434800,0.18,0.18
1610435700,0.18,0.18
1610436600,0.18,0.18
1610437500,0.18,0.18
1610438400,0.18,0.18
1610439300,0.18,0.18
1610440200,0.18,0.18
1610441100,0.18,0.18
1610442000,0.18,0.18
1610442900,0.18,0.18
1610443800,0.18,0.18
1610444700,0.18,0.18
1610445600,0.18,0.18
1610446500,0.18,0.18
1610447400,0.18,0.18
1610448300,0.18,0.18
1610449200,0.18,0.18
1610450100,0.18,0.18
1610451000,0.18,0.18
1610451900,0.18,0.18
1610452800,0.18,0.18
1610453700,0.18,0.18
1610454600,0.18,0.18
1610455500,0.18,0.18
1610456400,0.18,0.18
1610457300,0.18,0.18
1610458200,0.18,0.18
1610459100,0.18,0.18
1610460000,0.18,0.18
1610460900,0.18,0.18
1610461800,0.18,0.18
1610462700,0.18,0.18
1610463600,0.18,0.18
1610464500,0.18,0.18
1610465400,0.18,0.18
1610466300,0.18,0.18
1610467200,0.18,0.18
1610468100,0.18,0.18
1610469000,0.18,0.18
1610469900,0.18,0.18
1610470800,0.18,0.18
1610471700,0.18,0.18
1610472600,0.18,0.18
1610473500,0.18,0.18
1610474400,0.18,0.18
1610475300,0.18,0.18
1610476200,0.18,0.18
1610477100,0.18,0.18
1610478000,0.18,0.18
1610478900,0.18,0.18
1610479800,0.18,0.18
1610480700,0.18,0.18
1610481600,0.18,0.18
1610482500,0.18,0.18
1610483400,0.18,0.18
1610484300,0.18,0.18
1610485200,0.18,0.18
1610486100,0.18,0.18
1610487000,0.18,0.18
1610487900,0.18,0.18
1610488800,0.18,0.18
1610489700,0.18,0.18
1610490600,0.18,0.18
1610491500,0.18,0.18
1610492400,0.18,0.18
1610493300,0.18,0.18
1610494200,0.18,0.18
1610495100,0.18,0.18
1610496000,0.18,0.18
1610496900,0.18,0.18
1610497800,0.18,0.18
1610498700,0.18,0.18
1610499600,0.18,0.18
1610500500,0.18,0.18
1610501400,0.18,0.18
1610502300,0.18,0.18
1610503200,0.18,0.18
1610504100,0.18,0.18
1610505000,0.18,0.18
1610505900,0.18,0.18
1610506800,0.18,0.18
1610507700,0.18,0.18
1610508600,0.18,0.18
1610509500,0.18,0.18
1610510400,0.18,0.18
1610511300,0.18,0.18
1610512200,0.18,0.18
1610513100,0.18,0.18
1610514000,0.18,0.18
1610514900,0.18,0.18
1610515800,0.18,0.18
1610516700,0.18,0.18
1610517600,0.18,0.18
1610518500,0.18,0.18
1610519400,0.18,0.18
1610520300,0.18,0.18
1610521200,0.18,0.18
1610522100,0.18,0.18
1610523000,0.18,0.18
1610523900,0.18,0.18
1610524800,0.18,0.18
1610525700,0.18,0.18
1610526600,0.18,0.18
1610527500,0.18,0.18
1610528400,0.18,0.18
1610529300,0.18,0.18
1610530200,0.18,0.18
1610531100,0.18,0.18
1610532000,0.18,0.18
1610532900,0.18,0.18
1610533800,0.18,0.18
1610534700,0.18,0.18
1610535600,0.18,0.18
1610536500,0.18,0.18
1610537400,0.18,0.18
1610538300,0.18,0.18
1610539200,0.18,0.18
1610540100,0.18,0.18
1610541000,0.18,0.18
1610541900,0.18,0.18
1610542800,0.18,0.18
1610543700,0.18,0.18
1610544600,0.18,0.18
1610545500,0.18,0.18
1610546400,0.18,0.18
1610547300,0.18,0.18
1610548200,0.18,0.18
1610549100,0.18,0.18
1610550000,0.18,0.18
1610550900,0.18,0.18
1610551800,0.18,0.18
1610552700,0.18,0.18
1610553600,0.18,0.18
1610554500,0.18,0.18
1610555400,0.18,0.18
1610556300,0.18,0.18
1610557200,0.18,0.18
1610558100,0.18,0.18
1610559000,0.18,0.18
1610559900,0.18,0.18
1610560800,0.18,0.18
1610561700,0.18,0.18
1610562600,0.18,0.18
1610563500,0.18,0.18
1610564400,0.18,0.18
1610565300,0.18,0.18
1610566200,0.18,0.18
1610567100,0.18,0.18
1610568000,0.18,0.18
1610568900,0.18,0.18
1610569800,0.18,0.18
1610570700,0.18,0.18
1610571600,0.18,0.18
1610572500,0.18,0.18
1610573400,0.18,0.18
1610574300,0.18,0.18
1610575200,0.18,0.18
1610576100,0.18,0.18
1610577000,0.18,0.18
1610577900,0.18,0.18
1610578800,0.18,0.18
1610579700,0.18,0.18
1610580600,0.18,0.18
1610581500,0.18,0.18
1610582400,0.18,0.18
1610583300,0.18,0.18
1610584200,0.18,0.18
1610585100,0.18,0.18
1610586000,0.18,0.18
1610586900,0.18,0.18
1610587800,0.18,0.18
1610588700,0.18,0.18
1610589600,0.18,0.18
1610590500,0.18,0.18
1610591400,0.18,0.18
1610592300,0.18,0.18
1610593200,0.18,0.18
1610594100,0.18,0.18
1610595000,0.18,0.18
1610595900,0.18,0.18
1610596800,0.18,0.18
1610597700,0.18,0.18
1610598600,0.18,0.18
1610599500,0.18,0.18
1610600400,0.18,0.18
1610601300,0.18,0.18
1610602200,0.18,0.18
1610603100,0.18,0.18
1610604000,0.18,0.18
1610604900,0.18,0.18
1610605800,0.18,0.18
1610606700,0.18,0.18
1610607600,0.18,0.18
1610608500,0.18,0.18
1610609400,0.18,0.18
1610610300,0.18,0.18
1610611200,0.18,0.18
1610612100,0.18,0.18
1610613000,0.18,0.18
1610613900,0.18,0.18
1610614800,0.18,0.18
1610615700,0.18,0.18
1610616600,0.18,0.18
1610617500,0.18,0.18
1610618400,0.18,0.18
1610619300,0.18,0.18
1610620200,0.18,0.18
1610621100,0.18,0.18
1610622000,0.18,0.18
1610622900,0.18,0.18
1610623800,0.18,0.18
1610624700,0.18,0.18
1610625600,0.18,0.18
1610626500,0.18,0.18
1610627400,0.18,0.18
1610628300,0.18,0.18
1610629200,0.18,0.18
1610630100,0.18,0.18
1610631000,0.18,0.18
1610631900,0.18,0.18
1610632800,0.18,0.18
1610633700,0.18,0.18
1610634600,0.18,0.18
1610635500,0.18,0.18
1610636400,0.18,0.18
1610637300,0.18,0.18
1610638200,0.18,0.18
1610639100,0.18,0.18
1610640000,0.18,0.18
1610640900,0.18,0.18
1610641800,0.18,0.18
1610642700,0.18,0.18
1610643600,0.18,0.18
1610644500,0.18,0.18
1610645400,0.18,0.18
1610646300,0.18,0.18
1610647200,0.18,0.18
1610648100,0.18,0.18
1610649000,0.18,0.18
1610649900,0.18,0.18
1610650800,0.18,0.18
1610651700,0.18,0.18
1610652600,0.18,0.18
1610653500,0.18,0.18
1610654400,0.18,0.18
1610655300,0.18,0.18
1610656200,0.18,0.18
1610657100,0.18,0.18
1610658000,0.18,0.18
1610658900,0.18,0.18
1610659800,0.18,0.18
1610660700,0.18,0.18
1610661600,0.18,0.18
1610662500,0.18,0.18
1610663400,0.18,0.18
1610664300,0.18,0.18
1610665200,0.18,0.18
1610666100,0.18,0.18
1610667000,0.18,0.18
1610667900,0.18,0.18
1610668800,0.18,0.18
1610669700,0.18,0.18
1610670600,0.18,0.18
1610671500,0.18,0.18
1610672400,0.18,0.18
1610673300,0.18,0.18
1610674200,0.18,0.18
1610675100,0.18,0.18
1610676000,0.18,0.18
1610676900,0.18,0.18
1610677800,0.18,0.18
1610678700,0.18,0.18
1610679600,0.18,0.18
1610680500,0.18,0.18
1610681400,0.18,0.18
1610682300,0.18,0.18
1610683200,0.18,0.18
1610684100,0.18,0.18
1610685000,0.18,0.18
1610685900,0.18,0.18
1610686800,0.18,0.18
1610687700,0.18,0.18
1610688600,0.18,0.18
1610689500,0.18,0.18
1610690400,0.18,0.18
1610691300,0.18,0.18
1610692200,0.18,0.18
1610693100,0.18,0.18
1610694000,0.18,0.18
1610694900,0.18,0.18
1610695800,0.18,0.18
1610696700,0.18,0.18
1610697600,0.18,0.18
1610698500,0.18,0.18
1610699400,0.18,0.18
1610700300,0.18,0.18
1610701200,0.18,0.18
1610702100,0.18,0.18
1610703000,0.18,0.18
1610703900,0.18,0.18
1610704800,0.18,0.18
1610705700,0.18,0.18
1610706600,0.18,0.18
1610707500,0.18,0.18
1610708400,0.18,0.18
1610709300,0.18,0.18
1610710200,0.18,0.18
1610711100,0.18,0.18
1610712000,0.18,0.18
1610712900,0.18,0.18
1610713800,0.18,0.18
1610714700,0.18,0.18
1610715600,0.18,0.18
1610716500,0.18,0.18
1610717400,0.18,0.18
1610718300,0.18,0.18
1610719200,0.18,0.18
1610720100,0.18,0.18
1610721000,0.18,0.18
1610721900,0.18,0.18
1610722800,0.18,0.18
1610723700,0.18,0.18
1610724600,0.18,0.18
1610725500,0.18,0.18
1610726400,0.18,0.18
1610727300,0.18,0.18
1610728200,0.18,0.18
1610729100,0.18,0.18
1610730000,0.18,0.18
1610730900,0.18,0.18
1610731800,0.18,0.18
1610732700,0.18,0.18
1610733600,0.18,0.18
1610734500,0.18,0.18
1610735400,0.18,0.18
1610736300,0.18,0.18
1610737200,0.18,0.18
1610738100,0.18,0.18
1610739000,0.18,0.18
1610739900,0.18,0.18
1610740800,0.18,0.18
1610741700,0.18,0.18
1610742600,0.18,0.18
1610743500,0.18,0.18
1610744400,0.18,0.18
1610745300,0.18,0.18
1610746200,0.18,0.18
1610747100,0.18,0.18
1610748000,0.18,0.18
1610748900,0.18,0.18
1610749800,0.18,0.18
1610750700,0.18,0.18
1610751600,0.18,0.18
1610752500,0.18,0.18
1610753400,0.18,0.18
1610754300,0.18,0.18
1610755200,0.18,0.18
1610756100,0.18,0.18
1610757000,0.18,0.18
1610757900,0.18,0.18
1610758800,0.18,0.18
1610759700,0.18,0.18
1610760600,0.18,0.18
1610761500,0.18,0.18
1610762400,0.18,0.18
1610763300,0.18,0.18
1610764200,0.18,0.18
1610765100,0.18,0.18
1610766000,0.18,0.18
1610766900,0.18,0.18
1610767800,0.18,0.18
1610768700,0.18,0.18
1610769600,0.18,0.18
1610770500,0.18,0.18
1610771400,0.18,0.18
1610772300,0.18,0.18
1610773200,0.18,0.18
1610774100,0.18,0.18
1610775000,0.18,0.18
1610775900,0.18,0.18
1610776800,0.18,0.18
1610777700,0.18,0.18
1610778600,0.18,0.18
1610779500,0.18,0.18
1610780400,0.18,0.18
1610781300,0.18,0.18
1610782200,0.18,0.18
1610783100,0.18,0.18
1610784000,0.18,0.18
1610784900,0.18,0.18
1610785800,0.18,0.18
1610786700,0.18,0.18
1610787600,0.18,0.18
1610788500,0.18,0.18
1610789400,0.18,0.18
1610790300,0.18,0.18
1610791200,0.18,0.18
1610792100,0.18,0.18
1610793000,0.18,0.18
1610793900,0.18,0.18
1610794800,0.18,0.18
1610795700,0.18,0.18
1610796600,0.18,0.18
1610797500,0.18,0.18
1610798400,0.18,0.18
1610799300,0.18,0.18
1610800200,0.18,0.18
1610801100,0.18,0.18
1610802000,0.18,0.18
1610802900,0.18,0.18
1610803800,0.18,0.18
1610804700,0.18,0.18
1610805600,0.18,0.18
1610806500,0.18,0.18
1610807400,0.18,0.18
1610808300,0.18,0.18
1610809200,0.18,0.18
1610810100,0.18,0.18
1610811000,0.18,0.18
1610811900,0.18,0.18
1610812800,0.18,0.18
1610813700,0.18,0.18
1610814600,0.18,0.18
1610815500,0.18,0.18
1610816400,0.18,0.18
1610817300,0.18,0.18
1610818200,0.18,0.18
1610819100,0.18,0.18
1610820000,0.18,0.18
1610820900,0.18,0.18
1610821800,0.18,0.18
1610822700,0.18,0.18
1610823600,0.18,0.18
1610824500,0.18,0.18
1610825400,0.18,0.18
1610826300,0.18,0.18
1610827200,0.18,0.18
1610828100,0.18,0.18
1610829000,0.18,0.18
1610829900,0.18,0.18
1610830800,0.18,0.18
1610831700,0.18,0.18
1610832600,0.18,0.18
1610833500,0.18,0.18
1610834400,0.18,0.18
1610835300,0.18,0.18
1610836200,0.18,0.18
1610837100,0.18,0.18
1610838000,0.18,0.18
1610838900,0.18,0.18
1610839800,0.18,0.18
1610840700,0.18,0.18
1610841600,0.18,0.18
1610842500,0.18,0.18
1610843400,0.18,0.18
1610844300,0.18,0.18
1610845200,0.18,0.18
1610846100,0.18,0.18
1610847000,0.18,0.18
1610847900,0.18,0.18
1610848800,0.18,0.18
1610849700,0.18,0.18
1610850600,0.18,0.18
1610851500,0.18,0.18
1610852400,0.18,0.18
1610853300,0.18,0.18
1610854200,0.18,0.18
1610855100,0.18,0.18
1610856000,0.18,0.18
1610856900,0.18,0.18
1610857800,0.18,0.18
1610858700,0.18,0.18
1610859600,0.18,0.18
1610860500,0.18,0.18
1610861400,0.18,0.18
1610862300,0.18,0.18
1610863200,0.18,0.18
1610864100,0.18,0.18
1610865000,0.18,0.18
1610865900,0.18,0.18
1610866800,0.18,0.18
1610867700,0.18,0.18
1610868600,0.18,0.18
1610869500,0.18,0.18
1610870400,0.18,0.18
1610871300,0.18,0.18
1610872200,0.18,0.18
1610873100,0.18,0.18
1610874000,0.18,0.18
1610874900,0.18,0.18
1610875800,0.18,0.18
1610876700,0.18,0.18
1610877600,0.18,0.18
1610878500,0.18,0.18
1610879400,0.18,0.18
1610880300,0.18,0.18
1610881200,0.18,0.18
1610882100,0.18,0.18
1610883000,0.18,0.18
1610883900,0.18,0.18
1610884800,0.18,0.18
1610885700,0.18,0.18
1610886600,0.18,0.18
1610887500,0.18,0.18
1610888400,0.18,0.18
1610889300,0.18,0.18
1610890200,0.18,0.18
1610891100,0.18,0.18
1610892000,0.18,0.18
1610892900,0.18,0.18
1610893800,0.18,0.18
1610894700,0.18,0.18
1610895600,0.18,0.18
1610896500,0.18,0.18
1610897400,0.18,0.18
1610898300,0.18,0.18
1610899200,0.18,0.18
1610900100,0.18,0.18
1610901000,0.18,0.18
1610901900,0.18,0.18
1610902800,0.18,0.18
1610903700,0.18,0.18
1610904600,0.18,0.18
1610905500,0.18,0.18
1610906400,0.18,0.18
1610907300,0.18,0.18
1610908200,0.18,0.18
1610909100,0.18,0.18
1610910000,0.18,0.18
1610910900,0.18,0.18
1610911800,0.18,0.18
1610912700,0.18,0.18
1610913600,0.18,0.18
1610914500,0.18,0.18
1610915400,0.18,0.18
1610916300,0.18,0.18
1610917200,0.18,0.18
1610918100,0.18,0.18
1610919000,0.18,0.18
1610919900,0.18,0.18
1610920800,0.18,0.18
1610921700,0.18,0.18
1610922600,0.18,0.18
1610923500,0.18,0.18
1610924400,0.18,0.18
1610925300,0.18,0.18
1610926200,0.18,0.18
1610927100,0.18,0.18
1610928000,0.18,0.18
1610928900,0.18,0.18
1610929800,0.18,0.18
1610930700,0.18,0.18
1610931600,0.18,0.18
1610932500,0.18,0.18
1610933400,0.18,0.18
1610934300,0.18,0.18
1610935200,0.18,0.18
1610936100,0.18,0.18
1610937000,0.18,0.18
1610937900,0.18,0.18
1610938800,0.18,0.18
1610939700,0.18,0.18
1610940600,0.18,0.18
1610941500,0.18,0.18
1610942400,0.18,0.18
1610943300,0.18,0.18
1610944200,0.18,0.18
1610945100,0.18,0.18
1610946000,0.18,0.18
1610946900,0.18,0.18
1610947800,0.18,0.18
1610948700,0.18,0.18
1610949600,0.18,0.18
1610950500,0.18,0.18
1610951400,0.18,0.18
1610952300,0.18,0.18
1610953200,0.18,0.18
1610954100,0.18,0.18
1610955000,0.18,0.18
1610955900,0.18,0.18
1610956800,0.18,0.18
1610957700,0.18,0.18
1610958600,0.18,0.18
1610959500,0.18,0.18
1610960400,0.18,0.18
1610961300,0.18,0.18
1610962200,0.18,0.18
1610963100,0.18,0.18
1610964000,0.18,0.18
1610964900,0.18,0.18
1610965800,0.18,0.18
1610966700,0.18,0.18
1610967600,0.18,0.18
1610968500,0.18,0.18
1610969400,0.18,0.18
1610970300,0.18,0.18
1610971200,0.18,0.18
1610972100,0.18,0.18
1610973000,0.18,0.18
1610973900,0.18,0.18
1610974800,0.18,0.18
1610975700,0.18,0.18
1610976600,0.18,0.18
1610977500,0.18,0.18
1610978400,0.18,0.18
1610979300,0.18,0.18
1610980200,0.18,0.18
1610981100,0.18,0.18
1610982000,0.18,0.18
1610982900,0.18,0.18
1610983800,0.18,0.18
1610984700,0.18,0.18
1610985600,0.18,0.18
1610986500,0.18,0.18
1610987400,0.18,0.18
1610988300,0.18,0.18
1610989200,0.18,0.18
1610990100,0.18,0.18
1610991000,0.18,0.18
1610991900,0.18,0.18
1610992800,0.18,0.18
1610993700,0.18,0.18
1610994600,0.18,0.18
1610995500,0.18,0.18
1610996400,0.18,0.18
1610997300,0.18,0.18
1610998200,0.18,0.18
1610999100,0.18,0.18
1611000000,0.18,0.18
1611000900,0.18,0.18
1611001800,0.18,0.18
1611002700,0.18,0.18
1611003600,0.18,0.18
1611004500,0.18,0.18
1611005400,0.18,0.18
1611006300,0.18,0.18
1611007200,0.18,0.18
1611008100,0.18,0.18
1611009000,0.18,0.18
1611009900,0.18,0.18
1611010800,0.18,0.18
1611011700,0.18,0.18
1611012600,0.18,0.18
1611013500,0.18,0.18
1611014400,0.18,0.18
1611015300,0.18,0.18
1611016200,0.18,0.18
1611017100,0.18,0.18
1611018000,0.18,0.18
1611018900,0.18,0.18
1611019800,0.18,0.18
1611020700,0.18,0.18
1611021600,0.18,0.18
1611022500,0.18,0.18
1611023400,0.18,0.18
1611024300,0.18,0.18
1611025200,0.18,0.18
1611026100,0.18,0.18
1611027000,0.18,0.18
1611027900,0.18,0.18
1611028800,0.18,0.18
1611029700,0.18,0.18
1611030600,0.18,0.18
1611031500,0.18,0.18
1611032400,0.18,0.18
1611033300,0.18,0.18
1611034200,0.18,0.18
1611035100,0.18,0.18
1611036000,0.18,0.18
1611036900,0.18,0.18
1611037800,0.18,0.18
1611038700,0.18,0.18
1611039600,0.18,0.18
1611040500,0.18,0.18
1611041400,0.18,0.18
1611042300,0.18,0.18
1611043200,0.18,0.18
1611044100,0.18,0.18
1611045000,0.18,0.18
1611045900,0.18,0.18
1611046800,0.18,0.18
1611047700,0.18,0.18
1611048600,0.18,0.18
1611049500,0.18,0.18
1611050400,0.18,0.18
1611051300,0.18,0.18
1611052200,0.18,0.18
1611053100,0.18,0.18
1611054000,0.18,0.18
1611054900,0.18,0.18
1611055800,0.18,0.18
1611056700,0.18,0.18
1611057600,0.18,0.18
1611058500,0.18,0.18
1611059400,0.18,0.18
1611060300,0.18,0.18
1611061200,0.18,0.18
1611062100,0.18,0.18
1611063000,0.18,0.18
1611063900,0.18,0.18
1611064800,0.18,0.18
1611065700,0.18,0.18
1611066600,0.18,0.18
1611067500,0.18,0.18
1611068400,0.18,0.18
1611069300,0.18,0.18
1611070200,0.18,0.18
1611071100,0.18,0.18
1611072000,0.18,0.18
1611072900,0.18,0.18
1611073800,0.18,0.18
1611074700,0.18,0.18
1611075600,0.18,0.18
1611076500,0.18,0.18
1611077400,0.18,0.18
1611078300,0.18,0.18
1611079200,0.18,0.18
1611080100,0.18,0.18
1611081000,0.18,0.18
1611081900,0.18,0.18
1611082800,0.18,0.18
1611083700,0.18,0.18
1611084600,0.18,0.18
1611085500,0.18,0.18
1611086400,0.18,0.18
1611087300,0.18,0.18
1611088200,0.18,0.18
1611089100,0.18,0.18
1611090000,0.18,0.18
1611090900,0.18,0.18
1611091800,0.18,0.18
1611092700,0.18,0.18
1611093600,0.18,0.18
1611094500,0.18,0.18
1611095400,0.18,0.18
1611096300,0.18,0.18
1611097200,0.18,0.18
1611098100,0.18,0.18
1611099000,0.18,0.18
1611099900,0.18,0.18
1611100800,0.18,0.18
1611101700,0.18,0.18
1611102600,0.18,0.18
1611103500,0.18,0.18
1611104400,0.18,0.18
1611105300,0.18,0.18
1611106200,0.18,0.18
1611107100,0.18,0.18
1611108000,0.18,0.18
1611108900,0.18,0.18
1611109800,0.18,0.18
1611110700,0.18,0.18
1611111600,0.18,0.18
1611112500,0.18,0.18
1611113400,0.18,0.18
1611114300,0.18,0.18
1611115200,0.18,0.18
1611116100,0.18,0.18
1611117000,0.18,0.18
1611117900,0.18,0.18
1611118800,0.18,0.18
1611119700,0.18,0.18
1611120600,0.18,0.18
1611121500,0.18,0.18
1611122400,0.18,0.18
1611123300,0.18,0.18
1611124200,0.18,0.18
1611125100,0.18,0.18
1611126000,0.18,0.18
1611126900,0.18,0.18
1611127800,0.18,0.18
1611128700,0.18,0.18
1611129600,0.18,0.18
1611130500,0.18,0.18
1611131400,0.18,0.18
1611132300,0.18,0.18
1611133200,0.18,0.18
1611134100,0.18,0.18
1611135000,0.18,0.18
1611135900,0.18,0.18
1611136800,0.18,0.18
1611137700,0.18,0.18
1611138600,0.18,0.18
1611139500,0.18,0.18
1611140400,0.18,0.18
1611141300,0.18,0.18
1611142200,0.18,0.18
1611143100,0.18,0.18
1611144000,0.18,0.18
1611144900,0.18,0.18
1611145800,0.18,0.18
1611146700,0.18,0.18
1611147600,0.18,0.18
1611148500,0.18,0.18
1611149400,0.18,0.18
1611150300,0.18,0.18
1611151200,0.18,0.18
1611152100,0.18,0.18
1611153000,0.18,0.18
1611153900,0.18,0.18
1611154800,0.18,0.18
1611155700,0.18,0.18
1611156600,0.18,0.18
1611157500,0.18,0.18
1611158400,0.18,0.18
1611159300,0.18,0.18
1611160200,0.18,0.18
1611161100,0.18,0.18
1611162000,0.18,0.18
1611162900,0.18,0.18
1611163800,0.18,0.18
1611164700,0.18,0.18
1611165600,0.18,0.18
1611166500,0.18,0.18
1611167400,0.18,0.18
1611168300,0.18,0.18
1611169200,0.18,0.18
1611170100,0.18,0.18
1611171000,0.18,0.18
1611171900,0.18,0.18
1611172800,0.18,0.18
1611173700,0.18,0.18
1611174600,0.18,0.18
1611175500,0.18,0.18
1611176400,0.18,0.18
1611177300,0.18,0.18
1611178200,0.18,0.18
1611179100,0.18,0.18
1611180000,0.18,0.18
1611180900,0.18,0.18
1611181800,0.18,0.18
1611182700,0.18,0.18
1611183600,0.18,0.18
1611184500,0.18,0.18
1611185400,0.18,0.18
1611186300,0.18,0.18
1611187200,0.18,0.18
1611188100,0.18,0.18
1611189000,0.18,0.18
1611189900,0.18,0.18
1611190800,0.18,0.18
1611191700,0.18,0.18
1611192600,0.18,0.18
1611193500,0.18,0.18
1611194400,0.18,0.18
1611195300,0.18,0.18
1611196200,0.18,0.18
1611197100,0.18,0.18
1611198000,0.18,0.18
1611198900,0.18,0.18
1611199800,0.18,0.18
1611200700,0.18,0.18
1611201600,0.18,0.18
1611202500,0.18,0.18
1611203400,0.18,0.18
1611204300,0.18,0.18
1611205200,0.18,0.18
1611206100,0.18,0.18
1611207000,0.18,0.18
1611207900,0.18,0.18
1611208800,0.18,0.18
1611209700,0.18,0.18
1611210600,0.18,0.18
1611211500,0.18,0.18
1611212400,0.18,0.18
1611213300,0.18,0.18
1611214200,0.18,0.18
1611215100,0.18,0.18
1611216000,0.18,0.18
1611216900,0.18,0.18
1611217800,0.18,0.18
1611218700,0.18,0.18
1611219600,0.18,0.18
1611220500,0.18,0.18
1611221400,0.18,0.18
1611222300,0.18,0.18
1611223200,0.18,0.18
1611224100,0.18,0.18
1611225000,0.18,0.18
1611225900,0.18,0.18
1611226800,0.18,0.18
1611227700,0.18,0.18
1611228600,0.18,0.18
1611229500,0.18,0.18
1611230400,0.18,0.18
1611231300,0.18,0.18
1611232200,0.18,0.18
1611233100,0.18,0.18
1611234000,0.18,0.18
1611234900,0.18,0.18
1611235800,0.18,0.18
1611236700,0.18,0.18
1611237600,0.18,0.18
1611238500,0.18,0.18
1611239400,0.18,0.18
1611240300,0.18,0.18
1611241200,0.18,0.18
1611242100,0.18,0.18
1611243000,0.18,0.18
1611243900,0.18,0.18
1611244800,0.18,0.18
1611245700,0.18,0.18
1611246600,0.18,0.18
1611247500,0.18,0.18
1611248400,0.18,0.18
1611249300,0.18,0.18
1611250200,0.18,0.18
1611251100,0.18,0.18
1611252000,0.18,0.18
1611252900,0.18,0.18
1611253800,0.18,0.18
1611254700,0.18,0.18
1611255600,0.18,0.18
1611256500,0.18,0.18
1611257400,0.18,0.18
1611258300,0.18,0.18
1611259200,0.18,0.18
1611260100,0.18,0.18
1611261000,0.18,0.18
1611261900,0.18,0.18
1611262800,0.18,0.18
1611263700,0.18,0.18
1611264600,0.18,0.18
1611265500,0.18,0.18
1611266400,0.18,0.18
1611267300,0.18,0.18
1611268200,0.18,0.18
1611269100,0.18,0.18
1611270000,0.18,0.18
1611270900,0.18,0.18
1611271800,0.18,0.18
1611272700,0.18,0.18
1611273600,0.18,0.18
1611274500,0.18,0.18
1611275400,0.18,0.18
1611276300,0.18,0.18
1611277200,0.18,0.18
1611278100,0.18,0.18
1611279000,0.18,0.18
1611279900,0.18,0.18
1611280800,0.18,0.18
1611281700,0.18,0.18
1611282600,0.18,0.18
1611283500,0.18,0.18
1611284400,0.18,0.18
1611285300,0.18,0.18
1611286200,0.18,0.18
1611287100,0.18,0.18
1611288000,0.18,0.18
1611288900,0.18,0.18
1611289800,0.18,0.18
1611290700,0.18,0.18
1611291600,0.18,0.18
1611292500,0.18,0.18
1611293400,0.18,0.18
1611294300,0.18,0.18
1611295200,0.18,0.18
1611296100,0.18,0.18
1611297000,0.18,0.18
1611297900,0.18,0.18
1611298800,0.18,0.18
1611299700,0.18,0.18
1611300600,0.18,0.18
1611301500,0.18,0.18
1611302400,0.18,0.18
1611303300,0.18,0.18
1611304200,0.18,0.18
1611305100,0.18,0.18
1611306000,0.18,0.18
1611306900,0.18,0.18
1611307800,0.18,0.18
1611308700,0.18,0.18
1611309600,0.18,0.18
1611310500,0.18,0.18
1611311400,0.18,0.18
1611312300,0.18,0.18
1611313200,0.18,0.18
1611314100,0.18,0.18
1611315000,0.18,0.18
1611315900,0.18,0.18
1611316800,0.18,0.18
1611317700,0.18,0.18
1611318600,0.18,0.18
1611319500,0.18,0.18
1611320400,0.18,0.18
1611321300,0.18,0.18
1611322200,0.18,0.18
1611323100,0.18,0.18
1611324000,0.18,0.18
1611324900,0.18,0.18
1611325800,0.18,0.18
1611326700,0.18,0.18
1611327600,0.18,0.18
1611328500,0.18,0.18
1611329400,0.18,0.18
1611330300,0.18,0.18
1611331200,0.18,0.18
1611332100,0.18,0.18
1611333000,0.18,0.18
1611333900,0.18,0.18
1611334800,0.18,0.18
1611335700,0.18,0.18
1611336600,0.18,0.18
1611337500,0.18,0.18
1611338400,0.18,0.18
1611339300,0.18,0.18
1611340200,0.18,0.18
1611341100,0.18,0.18
1611342000,0.18,0.18
1611342900,0.18,0.18
1611343800,0.18,0.18
1611344700,0.18,0.18
1611345600,0.18,0.18
1611346500,0.18,0.18
1611347400,0.18,0.18
1611348300,0.18,0.18
1611349200,0.18,0.18
1611350100,0.18,0.18
1611351000,0.18,0.18
1611351900,0.18,0.18
1611352800,0.18,0.18
1611353700,0.18,0.18
1611354600,0.18,0.18
1611355500,0.18,0.18
1611356400,0.18,0.18
1611357300,0.18,0.18
1611358200,0.18,0.18
1611359100,0.18,0.18
1611360000,0.18,0.18
1611360900,0.18,0.18
1611361800,0.18,0.18
1611362700,0.18,0.18
1611363600,0.18,0.18
1611364500,0.18,0.18
1611365400,0.18,0.18
1611366300,0.18,0.18
1611367200,0.18,0.18
1611368100,0.18,0.18
1611369000,0.18,0.18
1611369900,0.18,0.18
1611370800,0.18,0.18
1611371700,0.18,0.18
1611372600,0.18,0.18
1611373500,0.18,0.18
1611374400,0.18,0.18
1611375300,0.18,0.18
1611376200,0.18,0.18
1611377100,0.18,0.18
1611378000,0.18,0.18
1611378900,0.18,0.18
1611379800,0.18,0.18
1611380700,0.18,0.18
1611381600,0.18,0.18
1611382500,0.18,0.18
1611383400,0.18,0.18
1611384300,0.18,0.18
1611385200,0.18,0.18
1611386100,0.18,0.18
1611387000,0.18,0.18
1611387900,0.18,0.18
1611388800,0.18,0.18
1611389700,0.18,0.18
1611390600,0.18,0.18
1611391500,0.18,0.18
1611392400,0.18,0.18
1611393300,0.18,0.18
1611394200,0.18,0.18
1611395100,0.18,0.18
1611396000,0.18,0.18
1611396900,0.18,0.18
1611397800,0.18,0.18
1611398700,0.18,0.18
1611399600,0.18,0.18
1611400500,0.18,0.18
1611401400,0.18,0.18
1611402300,0.18,0.18
1611403200,0.18,0.18
1611404100,0.18,0.18
1611405000,0.18,0.18
1611405900,0.18,0.18
1611406800,0.18,0.18
1611407700,0.18,0.18
1611408600,0.18,0.18
1611409500,0.18,0.18
1611410400,0.18,0.18
1611411300,0.18,0.18
1611412200,0.18,0.18
1611413100,0.18,0.18
1611414000,0.18,0.18
1611414900,0.18,0.18
1611415800,0.18,0.18
1611416700,0.18,0.18
1611417600,0.18,0.18
1611418500,0.18,0.18
1611419400,0.18,0.18
1611420300,0.18,0.18
1611421200,0.18,0.18
1611422100,0.18,0.18
1611423000,0.18,0.18
1611423900,0.18,0.18
1611424800,0.18,0.18
1611425700,0.18,0.18
1611426600,0.18,0.18
1611427500,0.18,0.18
1611428400,0.18,0.18
1611429300,0.18,0.18
1611430200,0.18,0.18
1611431100,0.18,0.18
1611432000,0.18,0.18
1611432900,0.18,0.18
1611433800,0.18,0.18
1611434700,0.18,0.18
1611435600,0.18,0.18
1611436500,0.18,0.18
1611437400,0.18,0.18
1611438300,0.18,0.18
1611439200,0.18,0.18
1611440100,0.18,0.18
1611441000,0.18,0.18
1611441900,0.18,0.18
1611442800,0.18,0.18
1611443700,0.18,0.18
1611444600,0.18,0.18
1611445500,0.18,0.18
1611446400,0.18,0.18
1611447300,0.18,0.18
1611448200,0.18,0.18
1611449100,0.18,0.18
1611450000,0.18,0.18
1611450900,0.18,0.18
1611451800,0.18,0.18
1611452700,0.18,0.18
1611453600,0.18,0.18
1611454500,0.18,0.18
1611455400,0.18,0.18
1611456300,0.18,0.18
1611457200,0.18,0.18
1611458100,0.18,0.18
1611459000,0.18,0.18
1611459900,0.18,0.18
1611460800,0.18,0.18
1611461700,0.18,0.18
1611462600,0.18,0.18
1611463500,0.18,0.18
1611464400,0.18,0.18
1611465300,0.18,0.18
1611466200,0.18,0.18
1611467100,0.18,0.18
1611468000,0.18,0.18
1611468900,0.18,0.18
1611469800,0.18,0.18
1611470700,0.18,0.18
1611471600,0.18,0.18
1611472500,0.18,0.18
1611473400,0.18,0.18
1611474300,0.18,0.18
1611475200,0.18,0.18
1611476100,0.18,0.18
1611477000,0.18,0.18
1611477900,0.18,0.18
1611478800,0.18,0.18
1611479700,0.18,0.18
1611480600,0.18,0.18
1611481500,0.18,0.18
1611482400,0.18,0.18
1611483300,0.18,0.18
1611484200,0.18,0.18
1611485100,0.18,0.18
1611486000,0.18,0.18
1611486900,0.18,0.18
1611487800,0.18,0.18
1611488700,0.18,0.18
1611489600,0.18,0.18
1611490500,0.18,0.18
1611491400,0.18,0.18
1611492300,0.18,0.18
1611493200,0.18,0.18
1611494100,0.18,0.18
1611495000,0.18,0.18
1611495900,0.18,0.18
1611496800,0.18,0.18
1611497700,0.18,0.18
1611498600,0.18,0.18
1611499500,0.18,0.18
1611500400,0.18,0.18
1611501300,0.18,0.18
1611502200,0.18,0.18
1611503100,0.18,0.18
1611504000,0.18,0.18
1611504900,0.18,0.18
1611505800,0.18,0.18
1611506700,0.18,0.18
1611507600,0.18,0.18
1611508500,0.18,0.18
1611509400,0.18,0.18
1611510300,0.18,0.18
1611511200,0.18,0.18
1611512100,0.18,0.18
1611513000,0.18,0.18
1611513900,0.18,0.18
1611514800,0.18,0.18
1611515700,0.18,0.18
1611516600,0.18,0.18
1611517500,0.18,0.18
1611518400,0.18,0.18
1611519300,0.18,0.18
1611520200,0.18,0.18
1611521100,0.18,0.18
1611522000,0.18,0.18
1611522900,0.18,0.18
1611523800,0.18,0.18
1611524700,0.18,0.18
1611525600,0.18,0.18
1611526500,0.18,0.18
1611527400,0.18,0.18
1611528300,0.18,0.18
1611529200,0.18,0.18
1611530100,0.18,0.18
1611531000,0.18,0.18
1611531900,0.18,0.18
1611532800,0.18,0.18
1611533700,0.18,0.18
1611534600,0.18,0.18
1611535500,0.18,0.18
1611536400,0.18,0.18
1611537300,0.18,0.18
1611538200,0.18,0.18
1611539100,0.18,0.18
1611540000,0.18,0.18
1611540900,0.18,0.18
1611541800,0.18,0.18
1611542700,0.18,0.18
1611543600,0.18,0.18
1611544500,0.18,0.18
1611545400,0.18,0.18
1611546300,0.18,0.18
1611547200,0.18,0.18
1611548100,0.18,0.18
1611549000,0.18,0.18
1611549900,0.18,0.18
1611550800,0.18,0.18
1611551700,0.18,0.18
1611552600,0.18,0.18
1611553500,0.18,0.18
1611554400,0.18,0.18
1611555300,0.18,0.18
1611556200,0.18,0.18
1611557100,0.18,0.18
1611558000,0.18,0.18
1611558900,0.18,0.18
1611559800,0.18,0.18
1611560700,0.18,0.18
1611561600,0.18,0.18
1611562500,0.18,0.18
1611563400,0.18,0.18
1611564300,0.18,0.18
1611565200,0.18,0.18
1611566100,0.18,0.18
1611567000,0.18,0.18
1611567900,0.18,0.18
1611568800,0.18,0.18
1611569700,0.18,0.18
1611570600,0.18,0.18
1611571500,0.18,0.18
1611572400,0.18,0.18
1611573300,0.18,0.18
1611574200,0.18,0.18
1611575100,0.18,0.18
1611576000,0.18,0.18
1611576900,0.18,0.18
1611577800,0.18,0.18
1611578700,0.18,0.18
1611579600,0.18,0.18
1611580500,0.18,0.18
1611581400,0.18,0.18
1611582300,0.18,0.18
1611583200,0.18,0.18
1611584100,0.18,0.18
1611585000,0.18,0.18
1611585900,0.18,0.18
1611586800,0.18,0.18
1611587700,0.18,0.18
1611588600,0.18,0.18
1611589500,0.18,0.18
1611590400,0.18,0.18
1611591300,0.18,0.18
1611592200,0.18,0.18
1611593100,0.18,0.18
1611594000,0.18,0.18
1611594900,0.18,0.18
1611595800,0.18,0.18
1611596700,0.18,0.18
1611597600,0.18,0.18
1611598500,0.18,0.18
1611599400,0.18,0.18
1611600300,0.18,0.18
1611601200,0.18,0.18
1611602100,0.18,0.18
1611603000,0.18,0.18
1611603900,0.18,0.18
1611604800,0.18,0.18
1611605700,0.18,0.18
1611606600,0.18,0.18
1611607500,0.18,0.18
1611608400,0.18,0.18
1611609300,0.18,0.18
1611610200,0.18,0.18
1611611100,0.18,0.18
1611612000,0.18,0.18
1611612900,0.18,0.18
1611613800,0.18,0.18
1611614700,0.18,0.18
1611615600,0.18,0.18
1611616500,0.18,0.18
1611617400,0.18,0.18
1611618300,0.18,0.18
1611619200,0.18,0.18
1611620100,0.18,0.18
1611621000,0.18,0.18
1611621900,0.18,0.18
1611622800,0.18,0.18
1611623700,0.18,0.18
1611624600,0.18,0.18
1611625500,0.18,0.18
1611626400,0.18,0.18
1611627300,0.18,0.18
1611628200,0.18,0.18
1611629100,0.18,0.18
1611630000,0.18,0.18
1611630900,0.18,0.18
1611631800,0.18,0.18
1611632700,0.18,0.18
1611633600,0.18,0.18
1611634500,0.18,0.18
1611635400,0.18,0.18
1611636300,0.18,0.18
1611637200,0.18,0.18
1611638100,0.18,0.18
1611639000,0.18,0.18
1611639900,0.18,0.18
1611640800,0.18,0.18
1611641700,0.18,0.18
1611642600,0.18,0.18
1611643500,0.18,0.18
1611644400,0.18,0.18
1611645300,0.18,0.18
1611646200,0.18,0.18
1611647100,0.18,0.18
1611648000,0.18,0.18
1611648900,0.18,0.18
1611649800,0.18,0.18
1611650700,0.18,0.18
1611651600,0.18,0.18
1611652500,0.18,0.18
1611653400,0.18,0.18
1611654300,0.18,0.18
1611655200,0.18,0.18
1611656100,0.18,0.18
1611657000,0.18,0.18
1611657900,0.18,0.18
1611658800,0.18,0.18
1611659700,0.18,0.18
1611660600,0.18,0.18
1611661500,0.18,0.18
1611662400,0.18,0.18
1611663300,0.18,0.18
1611664200,0.18,0.18
1611665100,0.18,0.18
1611666000,0.18,0.18
1611666900,0.18,0.18
1611667800,0.18,0.18
1611668700,0.18,0.18
1611669600,0.18,0.18
1611670500,0.18,0.18
1611671400,0.18,0.18
1611672300,0.18,0.18
1611673200,0.18,0.18
1611674100,0.18,0.18
1611675000,0.18,0.18
1611675900,0.18,0.18
1611676800,0.18,0.18
1611677700,0.18,0.18
1611678600,0.18,0.18
1611679500,0.18,0.18
1611680400,0.18,0.18
1611681300,0.18,0.18
1611682200,0.18,0.18
1611683100,0.18,0.18
1611684000,0.18,0.18
1611684900,0.18,0.18
1611685800,0.18,0.18
1611686700,0.18,0.18
1611687600,0.18,0.18
1611688500,0.18,0.18
1611689400,0.18,0.18
1611690300,0.18,0.18
1611691200,0.18,0.18
1611692100,0.18,0.18
1611693000,0.18,0.18
1611693900,0.18,0.18
1611694800,0.18,0.18
1611695700,0.18,0.18
1611696600,0.18,0.18
1611697500,0.18,0.18
1611698400,0.18,0.18
1611699300,0.18,0.18
1611700200,0.18,0.18
1611701100,0.18,0.18
1611702000,0.18,0.18
1611702900,0.18,0.18
1611703800,0.18,0.18
1611704700,0.18,0.18
1611705600,0.18,0.18
1611706500,0.18,0.18
1611707400,0.18,0.18
1611708300,0.18,0.18
1611709200,0.18,0.18
1611710100,0.18,0.18
1611711000,0.18,0.18
1611711900,0.18,0.18
1611712800,0.18,0.18
1611713700,0.18,0.18
1611714600,0.18,0.18
1611715500,0.18,0.18
1611716400,0.18,0.18
1611717300,0.18,0.18
1611718200,0.18,0.18
1611719100,0.18,0.18
1611720000,0.18,0.18
1611720900,0.18,0.18
1611721800,0.18,0.18
1611722700,0.18,0.18
1611723600,0.18,0.18
1611724500,0.18,0.18
1611725400,0.18,0.18
1611726300,0.18,0.18
1611727200,0.18,0.18
1611728100,0.18,0.18
1611729000,0.18,0.18
1611729900,0.18,0.18
1611730800,0.18,0.18
1611731700,0.18,0.18
1611732600,0.18,0.18
1611733500,0.18,0.18
1611734400,0.18,0.18
1611735300,0.18,0.18
1611736200,0.18,0.18
1611737100,0.18,0.18
1611738000,0.18,0.18
1611738900,0.18,0.18
1611739800,0.18,0.18
1611740700,0.18,0.18
1611741600,0.18,0.18
1611742500,0.18,0.18
1611743400,0.18,0.18
1611744300,0.18,0.18
1611745200,0.18,0.18
1611746100,0.18,0.18
1611747000,0.18,0.18
1611747900,0.18,0.18
1611748800,0.18,0.18
1611749700,0.18,0.18
1611750600,0.18,0.18
1611751500,0.18,0.18
1611752400,0.18,0.18
1611753300,0.18,0.18
1611754200,0.18,0.18
1611755100,0.18,0.18
1611756000,0.18,0.18
1611756900,0.18,0.18
1611757800,0.18,0.18
1611758700,0.18,0.18
1611759600,0.18,0.18
1611760500,0.18,0.18
1611761400,0.18,0.18
1611762300,0.18,0.18
1611763200,0.18,0.18
1611764100,0.18,0.18
1611765000,0.18,0.18
1611765900,0.18,0.18
1611766800,0.18,0.18
1611767700,0.18,0.18
1611768600,0.18,0.18
1611769500,0.18,0.18
1611770400,0.18,0.18
1611771300,0.18,0.18
1611772200,0.18,0.18
1611773100,0.18,0.18
1611774000,0.18,0.18
1611774900,0.18,0.18
1611775800,0.18,0.18
1611776700,0.18,0.18
1611777600,0.18,0.18
1611778500,0.18,0.18
1611779400,0.18,0.18
1611780300,0.18,0.18
1611781200,0.18,0.18
1611782100,0.18,0.18
1611783000,0.18,0.18
1611783900,0.18,0.18
1611784800,0.18,0.18
1611785700,0.18,0.18
1611786600,0.18,0.18
1611787500,0.18,0.18
1611788400,0.18,0.18
1611789300,0.18,0.18
1611790200,0.18,0.18
1611791100,0.18,0.18
1611792000,0.18,0.18
1611792900,0.18,0.18
1611793800,0.18,0.18
1611794700,0.18,0.18
1611795600,0.18,0.18
1611796500,0.18,0.18
1611797400,0.18,0.18
1611798300,0.18,0.18
1611799200,0.18,0.18
1611800100,0.18,0.18
1611801000,0.18,0.18
1611801900,0.18,0.18
1611802800,0.18,0.18
1611803700,0.18,0.18
1611804600,0.18,0.18
1611805500,0.18,0.18
1611806400,0.18,0.18
1611807300,0.18,0.18
1611808200,0.18,0.18
1611809100,0.18,0.18
1611810000,0.18,0.18
1611810900,0.18,0.18
1611811800,0.18,0.18
1611812700,0.18,0.18
1611813600,0.18,0.18
1611814500,0.18,0.18
1611815400,0.18,0.18
1611816300,0.18,0.18
1611817200,0.18,0.18
1611818100,0.18,0.18
1611819000,0.18,0.18
1611819900,0.18,0.18
1611820800,0.18,0.18
1611821700,0.18,0.18
1611822600,0.18,0.18
1611823500,0.18,0.18
1611824400,0.18,0.18
1611825300,0.18,0.18
1611826200,0.18,0.18
1611827100,0.18,0.18
1611828000,0.18,0.18
1611828900,0.18,0.18
1611829800,0.18,0.18
1611830700,0.18,0.18
1611831600,0.18,0.18
1611832500,0.18,0.18
1611833400,0.18,0.18
1611834300,0.18,0.18
1611835200,0.18,0.18
1611836100,0.18,0.18
1611837000,0.18,0.18
1611837900,0.18,0.18
1611838800,0.18,0.18
1611839700,0.18,0.18
1611840600,0.18,0.18
1611841500,0.18,0.18
1611842400,0.18,0.18
1611843300,0.18,0.18
1611844200,0.18,0.18
1611845100,0.18,0.18
1611846000,0.18,0.18
1611846900,0.18,0.18
1611847800,0.18,0.18
1611848700,0.18,0.18
1611849600,0.18,0.18
1611850500,0.18,0.18
1611851400,0.18,0.18
1611852300,0.18,0.18
1611853200,0.18,0.18
1611854100,0.18,0.18
1611855000,0.18,0.18
1611855900,0.18,0.18
1611856800,0.18,0.18
1611857700,0.18,0.18
1611858600,0.18,0.18
1611859500,0.18,0.18
1611860400,0.18,0.18
1611861300,0.18,0.18
1611862200,0.18,0.18
1611863100,0.18,0.18
1611864000,0.18,0.18
1611864900,0.18,0.18
1611865800,0.18,0.18
1611866700,0.18,0.18
1611867600,0.18,0.18
1611868500,0.18,0.18
1611869400,0.18,0.18
1611870300,0.18,0.18
1611871200,0.18,0.18
1611872100,0.18,0.18
1611873000,0.18,0.18
1611873900,0.18,0.18
1611874800,0.18,0.18
1611875700,0.18,0.18
1611876600,0.18,0.18
1611877500,0.18,0.18
1611878400,0.18,0.18
1611879300,0.18,0.18
1611880200,0.18,0.18
1611881100,0.18,0.18
1611882000,0.18,0.18
1611882900,0.18,0.18
1611883800,0.18,0.18
1611884700,0.18,0.18
1611885600,0.18,0.18
1611886500,0.18,0.18
1611887400,0.18,0.18
1611888300,0.18,0.18
1611889200,0.18,0.18
1611890100,0.18,0.18
1611891000,0.18,0.18
1611891900,0.18,0.18
1611892800,0.18,0.18
1611893700,0.18,0.18
1611894600,0.18,0.18
1611895500,0.18,0.18
1611896400,0.18,0.18
1611897300,0.18,0.18
1611898200,0.18,0.18
1611899100,0.18,0.18
1611900000,0.18,0.18
1611900900,0.18,0.18
1611901800,0.18,0.18
1611902700,0.18,0.18
1611903600,0.18,0.18
1611904500,0.18,0.18
1611905400,0.18,0.18
1611906300,0.18,0.18
1611907200,0.18,0.18
1611908100,0.18,0.18
1611909000,0.18,0.18
1611909900,0.18,0.18
1611910800,0.18,0.18
1611911700,0.18,0.18
1611912600,0.18,0.18
1611913500,0.18,0.18
1611914400,0.18,0.18
1611915300,0.18,0.18
1611916200,0.18,0.18
1611917100,0.18,0.18
1611918000,0.18,0.18
1611918900,0.18,0.18
1611919800,0.18,0.18
1611920700,0.18,0.18
1611921600,0.18,0.18
1611922500,0.18,0.18
1611923400,0.18,0.18
1611924300,0.18,0.18
1611925200,0.18,0.18
1611926100,0.18,0.18
1611927000,0.18,0.18
1611927900,0.18,0.18
1611928800,0.18,0.18
1611929700,0.18,0.18
1611930600,0.18,0.18
1611931500,0.18,0.18
1611932400,0.18,0.18
1611933300,0.18,0.18
1611934200,0.18,0.18
1611935100,0.18,0.18
1611936000,0.18,0.18
1611936900,0.18,0.18
1611937800,0.18,0.18
1611938700,0.18,0.18
1611939600,0.18,0.18
1611940500,0.18,0.18
1611941400,0.18,0.18
1611942300,0.18,0.18
1611943200,0.18,0.18
1611944100,0.18,0.18
1611945000,0.18,0.18
1611945900,0.18,0.18
1611946800,0.18,0.18
1611947700,0.18,0.18
1611948600,0.18,0.18
1611949500,0.18,0.18
1611950400,0.18,0.18
1611951300,0.18,0.18
1611952200,0.18,0.18
1611953100,0.18,0.18
1611954000,0.18,0.18
1611954900,0.18,0.18
1611955800,0.18,0.18
1611956700,0.18,0.18
1611957600,0.18,0.18
1611958500,0.18,0.18
1611959400,0.18,0.18
1611960300,0.18,0.18
1611961200,0.18,0.18
1611962100,0.18,0.18
1611963000,0.18,0.18
1611963900,0.18,0.18
1611964800,0.18,0.18
1611965700,0.18,0.18
1611966600,0.18,0.18
1611967500,0.18,0.18
1611968400,0.18,0.18
1611969300,0.18,0.18
1611970200,0.18,0.18
1611971100,0.18,0.18
1611972000,0.18,0.18
1611972900,0.18,0.18
1611973800,0.18,0.18
1611974700,0.18,0.18
1611975600,0.18,0.18
1611976500,0.18,0.18
1611977400,0.18,0.18
1611978300,0.18,0.18
1611979200,0.18,0.18
1611980100,0.18,0.18
1611981000,0.18,0.18
1611981900,0.18,0.18
1611982800,0.18,0.18
1611983700,0.18,0.18
1611984600,0.18,0.18
1611985500,0.18,0.18
1611986400,0.18,0.18
1611987300,0.18,0.18
1611988200,0.18,0.18
1611989100,0.18,0.18
1611990000,0.18,0.18
1611990900,0.18,0.18
1611991800,0.18,0.18
1611992700,0.18,0.18
1611993600,0.18,0.18
1611994500,0.18,0.18
1611995400,0.18,0.18
1611996300,0.18,0.18
1611997200,0.18,0.18
1611998100,0.18,0.18
1611999000,0.18,0.18
1611999900,0.18,0.18
1612000800,0.18,0.18
1612001700,0.18,0.18
1612002600,0.18,0.18
1612003500,0.18,0.18
1612004400,0.18,0.18
1612005300,0.18,0.18
1612006200,0.18,0.18
1612007100,0.18,0.18
1612008000,0.18,0.18
1612008900,0.18,0.18
1612009800,0.18,0.18
1612010700,0.18,0.18
1612011600,0.18,0.18
1612012500,0.18,0.18
1612013400,0.18,0.18
1612014300,0.18,0.18
1612015200,0.18,0.18
1612016100,0.18,0.18
1612017000,0.18,0.18
1612017900,0.18,0.18
1612018800,0.18,0.18
1612019700,0.18,0.18
1612020600,0.18,0.18
1612021500,0.18,0.18
1612022400,0.18,0.18
1612023300,0.18,0.18
1612024200,0.18,0.18
1612025100,0.18,0.18
1612026000,0.18,0.18
1612026900,0.18,0.18
1612027800,0.18,0.18
1612028700,0.18,0.18
1612029600,0.18,0.18
1612030500,0.18,0.18
1612031400,0.18,0.18
1612032300,0.18,0.18
1612033200,0.18,0.18
1612034100,0.18,0.18
1612035000,0.18,0.18
1612035900,0.18,0.18
1612036800,0.18,0.18
1612037700,0.18,0.18
1612038600,0.18,0.18
1612039500,0.18,0.18
1612040400,0.18,0.18
1612041300,0.18,0.18
1612042200,0.18,0.18
1612043100,0.18,0.18
1612044000,0.18,0.18
1612044900,0.18,0.18
1612045800,0.18,0.18
1612046700,0.18,0.18
1612047600,0.18,0.18
1612048500,0.18,0.18
1612049400,0.18,0.18
1612050300,0.18,0.18
1612051200,0.18,0.18
1612052100,0.18,0.18
1612053000,0.18,0.18
1612053900,0.18,0.18
1612054800,0.18,0.18
1612055700,0.18,0.18
1612056600,0.18,0.18
1612057500,0.18,0.18
1612058400,0.18,0.18
1612059300,0.18,0.18
1612060200,0.18,0.18
1612061100,0.18,0.18
1612062000,0.18,0.18
1612062900,0.18,0.18
1612063800,0.18,0.18
1612064700,0.18,0.18
1612065600,0.18,0.18
1612066500,0.18,0.18
1612067400,0.18,0.18
1612068300,0.18,0.18
1612069200,0.18,0.18
1612070100,0.18,0.18
1612071000,0.18,0.18
1612071900,0.18,0.18
1612072800,0.18,0.18
1612073700,0.18,0.18
1612074600,0.18,0.18
1612075500,0.18,0.18
1612076400,0.18,0.18
1612077300,0.18,0.18
1612078200,0.18,0.18
1612079100,0.18,0.18
1612080000,0.18,0.18
1612080900,0.18,0.18
1612081800,0.18,0.18
1612082700,0.18,0.18
1612083600,0.18,0.18
1612084500,0.18,0.18
1612085400,0.18,0.18
1612086300,0.18,0.18
1612087200,0.18,0.18
1612088100,0.18,0.18
1612089000,0.18,0.18
1612089900,0.18,0.18
1612090800,0.18,0.18
1612091700,0.18,0.18
1612092600,0.18,0.18
1612093500,0.18,0.18
1612094400,0.18,0.18
1612095300,0.18,0.18
1612096200,0.18,0.18
1612097100,0.18,0.18
1612098000,0.18,0.18
1612098900,0.18,0.18
1612099800,0.18,0.18
1612100700,0.18,0.18
1612101600,0.18,0.18
1612102500,0.18,0.18
1612103400,0.18,0.18
1612104300,0.18,0.18
1612105200,0.18,0.18
1612106100,0.18,0.18
1612107000,0.18,0.18
1612107900,0.18,0.18
1612108800,0.18,0.18
1612109700,0.18,0.18
1612110600,0.18,0.18
1612111500,0.18,0.18
1612112400,0.18,0.18
1612113300,0.18,0.18
1612114200,0.18,0.18
1612115100,0.18,0.18
1612116000,0.18,0.18
1612116900,0.18,0.18
1612117800,0.18,0.18
1612118700,0.18,0.18
1612119600,0.18,0.18
1612120500,0.18,0.18
1612121400,0.18,0.18
1612122300,0.18,0.18
1612123200,0.18,0.18
1612124100,0.18,0.18
1612125000,0.18,0.18
1612125900,0.18,0.18
1612126800,0.18,0.18
1612127700,0.18,0.18
1612128600,0.18,0.18
1612129500,0.18,0.18
1612130400,0.18,0.18
1612131300,0.18,0.18
1612132200,0.18,0.18
1612133100,0.18,0.18
1612134000,0.18,0.18
1612134900,0.18,0.18
1612135800,0.18,0.18
1612136700,0.18,0.18
1612137600,0.18,0.18
1612138500,0.18,0.18
1612139400,0.18,0.18
1612140300,0.18,0.18
1612141200,0.18,0.18
1612142100,0.18,0.18
1612143000,0.18,0.18
1612143900,0.18,0.18
1612144800,0.18,0.18
1612145700,0.18,0.18
1612146600,0.18,0.18
1612147500,0.18,0.18
1612148400,0.18,0.18
1612149300,0.18,0.18
1612150200,0.18,0.18
1612151100,0.18,0.18
1612152000,0.18,0.18
1612152900,0.18,0.18
1612153800,0.18,0.18
1612154700,0.18,0.18
1612155600,0.18,0.18
1612156500,0.18,0.18
1612157400,0.18,0.18
1612158300,0.18,0.18
1612159200,0.18,0.18
1612160100,0.18,0.18
1612161000,0.18,0.18
1612161900,0.18,0.18
1612162800,0.18,0.18
1612163700,0.18,0.18
1612164600,0.18,0.18
1612165500,0.18,0.18
1612166400,0.18,0.18
1612167300,0.18,0.18
1612168200,0.18,0.18
1612169100,0.18,0.18
1612170000,0.18,0.18
1612170900,0.18,0.18
1612171800,0.18,0.18
1612172700,0.18,0.18
1612173600,0.18,0.18
1612174500,0.18,0.18
1612175400,0.18,0.18
1612176300,0.18,0.18
1612177200,0.18,0.18
1612178100,0.18,0.18
1612179000,0.18,0.18
1612179900,0.18,0.18
1612180800,0.18,0.18
1612181700,0.18,0.18
1612182600,0.18,0.18
1612183500,0.18,0.18
1612184400,0.18,0.18
1612185300,0.18,0.18
1612186200,0.18,0.18
1612187100,0.18,0.18
1612188000,0.18,0.18
1612188900,0.18,0.18
1612189800,0.18,0.18
1612190700,0.18,0.18
1612191600,0.18,0.18
1612192500,0.18,0.18
1612193400,0.18,0.18
1612194300,0.18,0.18
1612195200,0.18,0.18
1612196100,0.18,0.18
1612197000,0.18,0.18
1612197900,0.18,0.18
1612198800,0.18,0.18
1612199700,0.18,0.18
1612200600,0.18,0.18
1612201500,0.18,0.18
1612202400,0.18,0.18
1612203300,0.18,0.18
1612204200,0.18,0.18
1612205100,0.18,0.18
1612206000,0.18,0.18
1612206900,0.18,0.18
1612207800,0.18,0.18
1612208700,0.18,0.18
1612209600,0.18,0.18
1612210500,0.18,0.18
1612211400,0.18,0.18
1612212300,0.18,0.18
1612213200,0.18,0.18
1612214100,0.18,0.18
1612215000,0.18,0.18
1612215900,0.18,0.18
1612216800,0.18,0.18
1612217700,0.18,0.18
1612218600,0.18,0.18
1612219500,0.18,0.18
1612220400,0.18,0.18
1612221300,0.18,0.18
1612222200,0.18,0.18
1612223100,0.18,0.18
1612224000,0.18,0.18
1612224900,0.18,0.18
1612225800,0.18,0.18
1612226700,0.18,0.18
1612227600,0.18,0.18
1612228500,0.18,0.18
1612229400,0.18,0.18
1612230300,0.18,0.18
1612231200,0.18,0.18
1612232100,0.18,0.18
1612233000,0.18,0.18
1612233900,0.18,0.18
1612234800,0.18,0.18
1612235700,0.18,0.18
1612236600,0.18,0.18
1612237500,0.18,0.18
1612238400,0.18,0.18
1612239300,0.18,0.18
1612240200,0.18,0.18
1612241100,0.18,0.18
1612242000,0.18,0.18
1612242900,0.18,0.18
1612243800,0.18,0.18
1612244700,0.18,0.18
1612245600,0.18,0.18
1612246500,0.18,0.18
1612247400,0.18,0.18
1612248300,0.18,0.18
1612249200,0.18,0.18
1612250100,0.18,0.18
1612251000,0.18,0.18
1612251900,0.18,0.18
1612252800,0.18,0.18
1612253700,0.18,0.18
1612254600,0.18,0.18
1612255500,0.18,0.18
1612256400,0.18,0.18
1612257300,0.18,0.18
1612258200,0.18,0.18
1612259100,0.18,0.18
1612260000,0.18,0.18
1612260900,0.18,0.18
1612261800,0.18,0.18
1612262700,0.18,0.18
1612263600,0.18,0.18
1612264500,0.18,0.18
1612265400,0.18,0.18
1612266300,0.18,0.18
1612267200,0.18,0.18
1612268100,0.18,0.18
1612269000,0.18,0.18
1612269900,0.18,0.18
1612270800,0.18,0.18
1612271700,0.18,0.18
1612272600,0.18,0.18
1612273500,0.18,0.18
1612274400,0.18,0.18
1612275300,0.18,0.18
1612276200,0.18,0.18
1612277100,0.18,0.18
1612278000,0.18,0.18
1612278900,0.18,0.18
1612279800,0.18,0.18
1612280700,0.18,0.18
1612281600,0.18,0.18
1612282500,0.18,0.18
1612283400,0.18,0.18
1612284300,0.18,0.18
1612285200,0.18,0.18
1612286100,0.18,0.18
1612287000,0.18,0.18
1612287900,0.18,0.18
1612288800,0.18,0.18
1612289700,0.18,0.18
1612290600,0.18,0.18
1612291500,0.18,0.18
1612292400,0.18,0.18
1612293300,0.18,0.18
1612294200,0.18,0.18
1612295100,0.18,0.18
1612296000,0.18,0.18
1612296900,0.18,0.18
1612297800,0.18,0.18
1612298700,0.18,0.18
1612299600,0.18,0.18
1612300500,0.18,0.18
1612301400,0.18,0.18
1612302300,0.18,0.18
1612303200,0.18,0.18
1612304100,0.18,0.18
1612305000,0.18,0.18
1612305900,0.18,0.18
1612306800,0.18,0.18
1612307700,0.18,0.18
1612308600,0.18,0.18
1612309500,0.18,0.18
1612310400,0.18,0.18
1612311300,0.18,0.18
1612312200,0.18,0.18
1612313100,0.18,0.18
1612314000,0.18,0.18
1612314900,0.18,0.18
1612315800,0.18,0.18
1612316700,0.18,0.18
1612317600,0.18,0.18
1612318500,0.18,0.18
1612319400,0.18,0.18
1612320300,0.18,0.18
1612321200,0.18,0.18
1612322100,0.18,0.18
1612323000,0.18,0.18
1612323900,0.18,0.18
1612324800,0.18,0.18
1612325700,0.18,0.18
1612326600,0.18,0.18
1612327500,0.18,0.18
1612328400,0.18,0.18
1612329300,0.18,0.18
1612330200,0.18,0.18
1612331100,0.18,0.18
1612332000,0.18,0.18
1612332900,0.18,0.18
1612333800,0.18,0.18
1612334700,0.18,0.18
1612335600,0.18,0.18
1612336500,0.18,0.18
1612337400,0.18,0.18
1612338300,0.18,0.18
1612339200,0.18,0.18
1612340100,0.18,0.18
1612341000,0.18,0.18
1612341900,0.18,0.18
1612342800,0.18,0.18
1612343700,0.18,0.18
1612344600,0.18,0.18
1612345500,0.18,0.18
1612346400,0.18,0.18
1612347300,0.18,0.18
1612348200,0.18,0.18
1612349100,0.18,0.18
1612350000,0.18,0.18
1612350900,0.18,0.18
1612351800,0.18,0.18
1612352700,0.18,0.18
1612353600,0.18,0.18
1612354500,0.18,0.18
1612355400,0.18,0.18
1612356300,0.18,0.18
1612357200,0.18,0.18
1612358100,0.18,0.18
1612359000,0.18,0.18
1612359900,0.18,0.18
1612360800,0.18,0.18
1612361700,0.18,0.18
1612362600,0.18,0.18
1612363500,0.18,0.18
1612364400,0.18,0.18
1612365300,0.18,0.18
1612366200,0.18,0.18
1612367100,0.18,0.18
1612368000,0.18,0.18
1612368900,0.18,0.18
1612369800,0.18,0.18
1612370700,0.18,0.18
1612371600,0.18,0.18
1612372500,0.18,0.18
1612373400,0.18,0.18
1612374300,0.18,0.18
1612375200,0.18,0.18
1612376100,0.18,0.18
1612377000,0.18,0.18
1612377900,0.18,0.18
1612378800,0.18,0.18
1612379700,0.18,0.18
1612380600,0.18,0.18
1612381500,0.18,0.18
1612382400,0.18,0.18
1612383300,0.18,0.18
1612384200,0.18,0.18
1612385100,0.18,0.18
1612386000,0.18,0.18
1612386900,0.18,0.18
1612387800,0.18,0.18
1612388700,0.18,0.18
1612389600,0.18,0.18
1612390500,0.18,0.18
1612391400,0.18,0.18
1612392300,0.18,0.18
1612393200,0.18,0.18
1612394100,0.18,0.18
1612395000,0.18,0.18
1612395900,0.18,0.18
1612396800,0.18,0.18
1612397700,0.18,0.18
1612398600,0.18,0.18
1612399500,0.18,0.18
1612400400,0.18,0.18
1612401300,0.18,0.18
1612402200,0.18,0.18
1612403100,0.18,0.18
1612404000,0.18,0.18
1612404900,0.18,0.18
1612405800,0.18,0.18
1612406700,0.18,0.18
1612407600,0.18,0.18
1612408500,0.18,0.18
1612409400,0.18,0.18
1612410300,0.18,0.18
1612411200,0.18,0.18
1612412100,0.18,0.18
1612413000,0.18,0.18
1612413900,0.18,0.18
1612414800,0.18,0.18
1612415700,0.18,0.18
1612416600,0.18,0.18
1612417500,0.18,0.18
1612418400,0.18,0.18
1612419300,0.18,0.18
1612420200,0.18,0.18
1612421100,0.18,0.18
1612422000,0.18,0.18
1612422900,0.18,0.18
1612423800,0.18,0.18
1612424700,0.18,0.18
1612425600,0.18,0.18
1612426500,0.18,0.18
1612427400,0.18,0.18
1612428300,0.18,0.18
1612429200,0.18,0.18
1612430100,0.18,0.18
1612431000,0.18,0.18
1612431900,0.18,0.18
1612432800,0.18,0.18
1612433700,0.18,0.18
1612434600,0.18,0.18
1612435500,0.18,0.18
1612436400,0.18,0.18
1612437300,0.18,0.18
1612438200,0.18,0.18
1612439100,0.18,0.18
1612440000,0.18,0.18
1612440900,0.18,0.18
1612441800,0.18,0.18
1612442700,0.18,0.18
1612443600,0.18,0.18
1612444500,0.18,0.18
1612445400,0.18,0.18
1612446300,0.18,0.18
1612447200,0.18,0.18
1612448100,0.18,0.18
1612449000,0.18,0.18
1612449900,0.18,0.18
1612450800,0.18,0.18
1612451700,0.18,0.18
1612452600,0.18,0.18
1612453500,0.18,0.18
1612454400,0.18,0.18
1612455300,0.18,0.18
1612456200,0.18,0.18
1612457100,0.18,0.18
1612458000,0.18,0.18
1612458900,0.18,0.18
1612459800,0.18,0.18
1612460700,0.18,0.18
1612461600,0.18,0.18
1612462500,0.18,0.18
1612463400,0.18,0.18
1612464300,0.18,0.18
1612465200,0.18,0.18
1612466100,0.18,0.18
1612467000,0.18,0.18
1612467900,0.18,0.18
1612468800,0.18,0.18
1612469700,0.18,0.18
1612470600,0.18,0.18
1612471500,0.18,0.18
1612472400,0.18,0.18
1612473300,0.18,0.18
1612474200,0.18,0.18
1612475100,0.18,0.18
1612476000,0.18,0.18
1612476900,0.18,0.18
1612477800,0.18,0.18
1612478700,0.18,0.18
1612479600,0.18,0.18
1612480500,0.18,0.18
1612481400,0.18,0.18
1612482300,0.18,0.18
1612483200,0.18,0.18
1612484100,0.18,0.18
1612485000,0.18,0.18
1612485900,0.18,0.18
1612486800,0.18,0.18
1612487700,0.18,0.18
1612488600,0.18,0.18
1612489500,0.18,0.18
1612490400,0.18,0.18
1612491300,0.18,0.18
1612492200,0.18,0.18
1612493100,0.18,0.18
1612494000,0.18,0.18
1612494900,0.18,0.18
1612495800,0.18,0.18
1612496700,0.18,0.18
1612497600,0.18,0.18
1612498500,0.18,0.18
1612499400,0.18,0.18
1612500300,0.18,0.18
1612501200,0.18,0.18
1612502100,0.18,0.18
1612503000,0.18,0.18
1612503900,0.18,0.18
1612504800,0.18,0.18
1612505700,0.18,0.18
1612506600,0.18,0.18
1612507500,0.18,0.18
1612508400,0.18,0.18
1612509300,0.18,0.18
1612510200,0.18,0.18
1612511100,0.18,0.18
1612512000,0.18,0.18
1612512900,0.18,0.18
1612513800,0.18,0.18
1612514700,0.18,0.18
1612515600,0.18,0.18
1612516500,0.18,0.18
1612517400,0.18,0.18
1612518300,0.18,0.18
1612519200,0.18,0.18
1612520100,0.18,0.18
1612521000,0.18,0.18
1612521900,0.18,0.18
1612522800,0.18,0.18
1612523700,0.18,0.18
1612524600,0.18,0.18
1612525500,0.18,0.18
1612526400,0.18,0.18
1612527300,0.18,0.18
1612528200,0.18,0.18
1612529100,0.18,0.18
1612530000,0.18,0.18
1612530900,0.18,0.18
1612531800,0.18,0.18
1612532700,0.18,0.18
1612533600,0.18,0.18
1612534500,0.18,0.18
1612535400,0.18,0.18
1612536300,0.18,0.18
1612537200,0.18,0.18
1612538100,0.18,0.18
1612539000,0.18,0.18
1612539900,0.18,0.18
1612540800,0.18,0.18
1612541700,0.18,0.18
1612542600,0.18,0.18
1612543500,0.18,0.18
1612544400,0.18,0.18
1612545300,0.18,0.18
1612546200,0.18,0.18
1612547100,0.18,0.18
1612548000,0.18,0.18
1612548900,0.18,0.18
1612549800,0.18,0.18
1612550700,0.18,0.18
1612551600,0.18,0.18
1612552500,0.18,0.18
1612553400,0.18,0.18
1612554300,0.18,0.18
1612555200,0.18,0.18
1612556100,0.18,0.18
1612557000,0.18,0.18
1612557900,0.18,0.18
1612558800,0.18,0.18
1612559700,0.18,0.18
1612560600,0.18,0.18
1612561500,0.18,0.18
1612562400,0.18,0.18
1612563300,0.18,0.18
1612564200,0.18,0.18
1612565100,0.18,0.18
1612566000,0.18,0.18
1612566900,0.18,0.18
1612567800,0.18,0.18
1612568700,0.18,0.18
1612569600,0.18,0.18
1612570500,0.18,0.18
1612571400,0.18,0.18
1612572300,0.18,0.18
1612573200,0.18,0.18
1612574100,0.18,0.18
1612575000,0.18,0.18
1612575900,0.18,0.18
1612576800,0.18,0.18
1612577700,0.18,0.18
1612578600,0.18,0.18
1612579500,0.18,0.18
1612580400,0.18,0.18
1612581300,0.18,0.18
1612582200,0.18,0.18
1612583100,0.18,0.18
1612584000,0.18,0.18
1612584900,0.18,0.18
1612585800,0.18,0.18
1612586700,0.18,0.18
1612587600,0.18,0.18
1612588500,0.18,0.18
1612589400,0.18,0.18
1612590300,0.18,0.18
1612591200,0.18,0.18
1612592100,0.18,0.18
1612593000,0.18,0.18
1612593900,0.18,0.18
1612594800,0.18,0.18
1612595700,0.18,0.18
1612596600,0.18,0.18
1612597500,0.18,0.18
1612598400,0.18,0.18
1612599300,0.18,0.18
1612600200,0.18,0.18
1612601100,0.18,0.18
1612602000,0.18,0.18
1612602900,0.18,0.18
1612603800,0.18,0.18
1612604700,0.18,0.18
1612605600,0.18,0.18
1612606500,0.18,0.18
1612607400,0.18,0.18
1612608300,0.18,0.18
1612609200,0.18,0.18
1612610100,0.18,0.18
1612611000,0.18,0.18
1612611900,0.18,0.18
1612612800,0.18,0.18
1612613700,0.18,0.18
1612614600,0.18,0.18
1612615500,0.18,0.18
1612616400,0.18,0.18
1612617300,0.18,0.18
1612618200,0.18,0.18
1612619100,0.18,0.18
1612620000,0.18,0.18
1612620900,0.18,0.18
1612621800,0.18,0.18
1612622700,0.18,0.18
1612623600,0.18,0.18
1612624500,0.18,0.18
1612625400,0.18,0.18
1612626300,0.18,0.18
1612627200,0.18,0.18
1612628100,0.18,0.18
1612629000,0.18,0.18
1612629900,0.18,0.18
1612630800,0.18,0.18
1612631700,0.18,0.18
1612632600,0.18,0.18
1612633500,0.18,0.18
1612634400,0.18,0.18
1612635300,0.18,0.18
1612636200,0.18,0.18
1612637100,0.18,0.18
1612638000,0.18,0.18
1612638900,0.18,0.18
1612639800,0.18,0.18
1612640700,0.18,0.18
1612641600,0.18,0.18
1612642500,0.18,0.18
1612643400,0.18,0.18
1612644300,0.18,0.18
1612645200,0.18,0.18
1612646100,0.18,0.18
1612647000,0.18,0.18
1612647900,0.18,0.18
1612648800,0.18,0.18
1612649700,0.18,0.18
1612650600,0.18,0.18
1612651500,0.18,0.18
1612652400,0.18,0.18
1612653300,0.18,0.18
1612654200,0.18,0.18
1612655100,0.18,0.18
1612656000,0.18,0.18
1612656900,0.18,0.18
1612657800,0.18,0.18
1612658700,0.18,0.18
1612659600,0.18,0.18
1612660500,0.18,0.18
1612661400,0.18,0.18
1612662300,0.18,0.18
1612663200,0.18,0.18
1612664100,0.18,0.18
1612665000,0.18,0.18
1612665900,0.18,0.18
1612666800,0.18,0.18
1612667700,0.18,0.18
1612668600,0.18,0.18
1612669500,0.18,0.18
1612670400,0.18,0.18
1612671300,0.18,0.18
1612672200,0.18,0.18
1612673100,0.18,0.18
1612674000,0.18,0.18
1612674900,0.18,0.18
1612675800,0.18,0.18
1612676700,0.18,0.18
1612677600,0.18,0.18
1612678500,0.18,0.18
1612679400,0.18,0.18
1612680300,0.18,0.18
1612681200,0.18,0.18
1612682100,0.18,0.18
1612683000,0.18,0.18
1612683900,0.18,0.18
1612684800,0.18,0.18
1612685700,0.18,0.18
1612686600,0.18,0.18
1612687500,0.18,0.18
1612688400,0.18,0.18
1612689300,0.18,0.18
1612690200,0.18,0.18
1612691100,0.18,0.18
1612692000,0.18,0.18
1612692900,0.18,0.18
1612693800,0.18,0.18
1612694700,0.18,0.18
1612695600,0.18,0.18
1612696500,0.18,0.18
1612697400,0.18,0.18
1612698300,0.18,0.18
1612699200,0.18,0.18
1612700100,0.18,0.18
1612701000,0.18,0.18
1612701900,0.18,0.18
1612702800,0.18,0.18
1612703700,0.18,0.18
1612704600,0.18,0.18
1612705500,0.18,0.18
1612706400,0.18,0.18
1612707300,0.18,0.18
1612708200,0.18,0.18
1612709100,0.18,0.18
1612710000,0.18,0.18
1612710900,0.18,0.18
1612711800,0.18,0.18
1612712700,0.18,0.18
1612713600,0.18,0.18
1612714500,0.18,0.18
1612715400,0.18,0.18
1612716300,0.18,0.18
1612717200,0.18,0.18
1612718100,0.18,0.18
1612719000,0.18,0.18
1612719900,0.18,0.18
1612720800,0.18,0.18
1612721700,0.18,0.18
1612722600,0.18,0.18
1612723500,0.18,0.18
1612724400,0.18,0.18
1612725300,0.18,0.18
1612726200,0.18,0.18
1612727100,0.18,0.18
1612728000,0.18,0.18
1612728900,0.18,0.18
1612729800,0.18,0.18
1612730700,0.18,0.18
1612731600,0.18,0.18
1612732500,0.18,0.18
1612733400,0.18,0.18
1612734300,0.18,0.18
1612735200,0.18,0.18
1612736100,0.18,0.18
1612737000,0.18,0.18
1612737900,0.18,0.18
1612738800,0.18,0.18
1612739700,0.18,0.18
1612740600,0.18,0.18
1612741500,0.18,0.18
1612742400,0.18,0.18
1612743300,0.18,0.18
1612744200,0.18,0.18
1612745100,0.18,0.18
1612746000,0.18,0.18
1612746900,0.18,0.18
1612747800,0.18,0.18
1612748700,0.18,0.18
1612749600,0.18,0.18
1612750500,0.18,0.18
1612751400,0.18,0.18
1612752300,0.18,0.18
1612753200,0.18,0.18
1612754100,0.18,0.18
1612755000,0.18,0.18
1612755900,0.18,0.18
1612756800,0.18,0.18
1612757700,0.18,0.18
1612758600,0.18,0.18
1612759500,0.18,0.18
1612760400,0.18,0.18
1612761300,0.18,0.18
1612762200,0.18,0.18
1612763100,0.18,0.18
1612764000,0.18,0.18
1612764900,0.18,0.18
1612765800,0.18,0.18
1612766700,0.18,0.18
1612767600,0.18,0.18
1612768500,0.18,0.18
1612769400,0.18,0.18
1612770300,0.18,0.18
1612771200,0.18,0.18
1612772100,0.18,0.18
1612773000,0.18,0.18
1612773900,0.18,0.18
1612774800,0.18,0.18
1612775700,0.18,0.18
1612776600,0.18,0.18
1612777500,0.18,0.18
1612778400,0.18,0.18
1612779300,0.18,0.18
1612780200,0.18,0.18
1612781100,0.18,0.18
1612782000,0.18,0.18
1612782900,0.18,0.18
1612783800,0.18,0.18
1612784700,0.18,0.18
1612785600,0.18,0.18
1612786500,0.18,0.18
1612787400,0.18,0.18
1612788300,0.18,0.18
1612789200,0.18,0.18
1612790100,0.18,0.18
1612791000,0.18,0.18
1612791900,0.18,0.18
1612792800,0.18,0.18
1612793700,0.18,0.18
1612794600,0.18,0.18
1612795500,0.18,0.18
1612796400,0.18,0.18
1612797300,0.18,0.18
1612798200,0.18,0.18
1612799100,0.18,0.18
1612800000,0.18,0.18
1612800900,0.18,0.18
1612801800,0.18,0.18
1612802700,0.18,0.18
1612803600,0.18,0.18
1612804500,0.18,0.18
1612805400,0.18,0.18
1612806300,0.18,0.18
1612807200,0.18,0.18
1612808100,0.18,0.18
1612809000,0.18,0.18
1612809900,0.18,0.18
1612810800,0.18,0.18
1612811700,0.18,0.18
1612812600,0.18,0.18
1612813500,0.18,0.18
1612814400,0.18,0.18
1612815300,0.18,0.18
1612816200,0.18,0.18
1612817100,0.18,0.18
1612818000,0.18,0.18
1612818900,0.18,0.18
1612819800,0.18,0.18
1612820700,0.18,0.18
1612821600,0.18,0.18
1612822500,0.18,0.18
1612823400,0.18,0.18
1612824300,0.18,0.18
1612825200,0.18,0.18
1612826100,0.18,0.18
1612827000,0.18,0.18
1612827900,0.18,0.18
1612828800,0.18,0.18
1612829700,0.18,0.18
1612830600,0.18,0.18
1612831500,0.18,0.18
1612832400,0.18,0.18
1612833300,0.18,0.18
1612834200,0.18,0.18
1612835100,0.18,0.18
1612836000,0.18,0.18
1612836900,0.18,0.18
1612837800,0.18,0.18
1612838700,0.18,0.18
1612839600,0.18,0.18
1612840500,0.18,0.18
1612841400,0.18,0.18
1612842300,0.18,0.18
1612843200,0.18,0.18
1612844100,0.18,0.18
1612845000,0.18,0.18
1612845900,0.18,0.18
1612846800,0.18,0.18
1612847700,0.18,0.18
1612848600,0.18,0.18
1612849500,0.18,0.18
1612850400,0.18,0.18
1612851300,0.18,0.18
1612852200,0.18,0.18
1612853100,0.18,0.18
1612854000,0.18,0.18
1612854900,0.18,0.18
1612855800,0.18,0.18
1612856700,0.18,0.18
1612857600,0.18,0.18
1612858500,0.18,0.18
1612859400,0.18,0.18
1612860300,0.18,0.18
1612861200,0.18,0.18
1612862100,0.18,0.18
1612863000,0.18,0.18
1612863900,0.18,0.18
1612864800,0.18,0.18
1612865700,0.18,0.18
1612866600,0.18,0.18
1612867500,0.18,0.18
1612868400,0.18,0.18
1612869300,0.18,0.18
1612870200,0.18,0.18
1612871100,0.18,0.18
1612872000,0.18,0.18
1612872900,0.18,0.18
1612873800,0.18,0.18
1612874700,0.18,0.18
1612875600,0.18,0.18
1612876500,0.18,0.18
1612877400,0.18,0.18
1612878300,0.18,0.18
1612879200,0.18,0.18
1612880100,0.18,0.18
1612881000,0.18,0.18
1612881900,0.18,0.18
1612882800,0.18,0.18
1612883700,0.18,0.18
1612884600,0.18,0.18
1612885500,0.18,0.18
1612886400,0.18,0.18
1612887300,0.18,0.18
1612888200,0.18,0.18
1612889100,0.18,0.18
1612890000,0.18,0.18
1612890900,0.18,0.18
1612891800,0.18,0.18
1612892700,0.18,0.18
1612893600,0.18,0.18
1612894500,0.18,0.18
1612895400,0.18,0.18
1612896300,0.18,0.18
1612897200,0.18,0.18
1612898100,0.18,0.18
1612899000,0.18,0.18
1612899900,0.18,0.18
1612900800,0.18,0.18
1612901700,0.18,0.18
1612902600,0.18,0.18
1612903500,0.18,0.18
1612904400,0.18,0.18
1612905300,0.18,0.18
1612906200,0.18,0.18
1612907100,0.18,0.18
1612908000,0.18,0.18
1612908900,0.18,0.18
1612909800,0.18,0.18
1612910700,0.18,0.18
1612911600,0.18,0.18
1612912500,0.18,0.18
1612913400,0.18,0.18
1612914300,0.18,0.18
1612915200,0.18,0.18
1612916100,0.18,0.18
1612917000,0.18,0.18
1612917900,0.18,0.18
1612918800,0.18,0.18
1612919700,0.18,0.18
1612920600,0.18,0.18
1612921500,0.18,0.18
1612922400,0.18,0.18
1612923300,0.18,0.18
1612924200,0.18,0.18
1612925100,0.18,0.18
1612926000,0.18,0.18
1612926900,0.18,0.18
1612927800,0.18,0.18
1612928700,0.18,0.18
1612929600,0.18,0.18
1612930500,0.18,0.18
1612931400,0.18,0.18
1612932300,0.18,0.18
1612933200,0.18,0.18
1612934100,0.18,0.18
1612935000,0.18,0.18
1612935900,0.18,0.18
1612936800,0.18,0.18
1612937700,0.18,0.18
1612938600,0.18,0.18
1612939500,0.18,0.18
1612940400,0.18,0.18
1612941300,0.18,0.18
1612942200,0.18,0.18
1612943100,0.18,0.18
1612944000,0.18,0.18
1612944900,0.18,0.18
1612945800,0.18,0.18
1612946700,0.18,0.18
1612947600,0.18,0.18
1612948500,0.18,0.18
1612949400,0.18,0.18
1612950300,0.18,0.18
1612951200,0.18,0.18
1612952100,0.18,0.18
1612953000,0.18,0.18
1612953900,0.18,0.18
1612954800,0.18,0.18
1612955700,0.18,0.18
1612956600,0.18,0.18
1612957500,0.18,0.18
1612958400,0.18,0.18
1612959300,0.18,0.18
1612960200,0.18,0.18
1612961100,0.18,0.18
1612962000,0.18,0.18
1612962900,0.18,0.18
1612963800,0.18,0.18
1612964700,0.18,0.18
1612965600,0.18,0.18
1612966500,0.18,0.18
1612967400,0.18,0.18
1612968300,0.18,0.18
1612969200,0.18,0.18
1612970100,0.18,0.18
1612971000,0.18,0.18
1612971900,0.18,0.18
1612972800,0.18,0.18
1612973700,0.18,0.18
1612974600,0.18,0.18
1612975500,0.18,0.18
1612976400,0.18,0.18
1612977300,0.18,0.18
1612978200,0.18,0.18
1612979100,0.18,0.18
1612980000,0.18,0.18
1612980900,0.18,0.18
1612981800,0.18,0.18
1612982700,0.18,0.18
1612983600,0.18,0.18
1612984500,0.18,0.18
1612985400,0.18,0.18
1612986300,0.18,0.18
1612987200,0.18,0.18
1612988100,0.18,0.18
1612989000,0.18,0.18
1612989900,0.18,0.18
1612990800,0.18,0.18
1612991700,0.18,0.18
1612992600,0.18,0.18
1612993500,0.18,0.18
1612994400,0.18,0.18
1612995300,0.18,0.18
1612996200,0.18,0.18
1612997100,0.18,0.18
1612998000,0.18,0.18
1612998900,0.18,0.18
1612999800,0.18,0.18
1613000700,0.18,0.18
1613001600,0.18,0.18
1613002500,0.18,0.18
1613003400,0.18,0.18
1613004300,0.18,0.18
1613005200,0.18,0.18
1613006100,0.18,0.18
1613007000,0.18,0.18
1613007900,0.18,0.18
1613008800,0.18,0.18
1613009700,0.18,0.18
1613010600,0.18,0.18
1613011500,0.18,0.18
1613012400,0.18,0.18
1613013300,0.18,0.18
1613014200,0.18,0.18
1613015100,0.18,0.18
1613016000,0.18,0.18
1613016900,0.18,0.18
1613017800,0.18,0.18
1613018700,0.18,0.18
1613019600,0.18,0.18
1613020500,0.18,0.18
1613021400,0.18,0.18
1613022300,0.18,0.18
1613023200,0.18,0.18
1613024100,0.18,0.18
1613025000,0.18,0.18
1613025900,0.18,0.18
1613026800,0.18,0.18
1613027700,0.18,0.18
1613028600,0.18,0.18
1613029500,0.18,0.18
1613030400,0.18,0.18
1613031300,0.18,0.18
1613032200,0.18,0.18
1613033100,0.18,0.18
1613034000,0.18,0.18
1613034900,0.18,0.18
1613035800,0.18,0.18
1613036700,0.18,0.18
1613037600,0.18,0.18
1613038500,0.18,0.18
1613039400,0.18,0.18
1613040300,0.18,0.18
1613041200,0.18,0.18
1613042100,0.18,0.18
1613043000,0.18,0.18
1613043900,0.18,0.18
1613044800,0.18,0.18
1613045700,0.18,0.18
1613046600,0.18,0.18
1613047500,0.18,0.18
1613048400,0.18,0.18
1613049300,0.18,0.18
1613050200,0.18,0.18
1613051100,0.18,0.18
1613052000,0.18,0.18
1613052900,0.18,0.18
1613053800,0.18,0.18
1613054700,0.18,0.18
1613055600,0.18,0.18
1613056500,0.18,0.18
1613057400,0.18,0.18
1613058300,0.18,0.18
1613059200,0.18,0.18
1613060100,0.18,0.18
1613061000,0.18,0.18
1613061900,0.18,0.18
1613062800,0.18,0.18
1613063700,0.18,0.18
1613064600,0.18,0.18
1613065500,0.18,0.18
1613066400,0.18,0.18
1613067300,0.18,0.18
1613068200,0.18,0.18
1613069100,0.18,0.18
1613070000,0.18,0.18
1613070900,0.18,0.18
1613071800,0.18,0.18
1613072700,0.18,0.18
1613073600,0.18,0.18
1613074500,0.18,0.18
1613075400,0.18,0.18
1613076300,0.18,0.18
1613077200,0.18,0.18
1613078100,0.18,0.18
1613079000,0.18,0.18
1613079900,0.18,0.18
1613080800,0.18,0.18
1613081700,0.18,0.18
1613082600,0.18,0.18
1613083500,0.18,0.18
1613084400,0.18,0.18
1613085300,0.18,0.18
1613086200,0.18,0.18
1613087100,0.18,0.18
1613088000,0.18,0.18
1613088900,0.18,0.18
1613089800,0.18,0.18
1613090700,0.18,0.18
1613091600,0.18,0.18
1613092500,0.18,0.18
1613093400,0.18,0.18
1613094300,0.18,0.18
1613095200,0.18,0.18
1613096100,0.18,0.18
1613097000,0.18,0.18
1613097900,0.18,0.18
1613098800,0.18,0.18
1613099700,0.18,0.18
1613100600,0.18,0.18
1613101500,0.18,0.18
1613102400,0.18,0.18
1613103300,0.18,0.18
1613104200,0.18,0.18
1613105100,0.18,0.18
1613106000,0.18,0.18
1613106900,0.18,0.18
1613107800,0.18,0.18
1613108700,0.18,0.18
1613109600,0.18,0.18
1613110500,0.18,0.18
1613111400,0.18,0.18
1613112300,0.18,0.18
1613113200,0.18,0.18
1613114100,0.18,0.18
1613115000,0.18,0.18
1613115900,0.18,0.18
1613116800,0.18,0.18
1613117700,0.18,0.18
1613118600,0.18,0.18
1613119500,0.18,0.18
1613120400,0.18,0.18
1613121300,0.18,0.18
1613122200,0.18,0.18
1613123100,0.18,0.18
1613124000,0.18,0.18
1613124900,0.18,0.18
1613125800,0.18,0.18
1613126700,0.18,0.18
1613127600,0.18,0.18
1613128500,0.18,0.18
1613129400,0.18,0.18
1613130300,0.18,0.18
1613131200,0.18,0.18
1613132100,0.18,0.18
1613133000,0.18,0.18
1613133900,0.18,0.18
1613134800,0.18,0.18
1613135700,0.18,0.18
1613136600,0.18,0.18
1613137500,0.18,0.18
1613138400,0.18,0.18
1613139300,0.18,0.18
1613140200,0.18,0.18
1613141100,0.18,0.18
1613142000,0.18,0.18
1613142900,0.18,0.18
1613143800,0.18,0.18
1613144700,0.18,0.18
1613145600,0.18,0.18
1613146500,0.18,0.18
1613147400,0.18,0.18
1613148300,0.18,0.18
1613149200,0.18,0.18
1613150100,0.18,0.18
1613151000,0.18,0.18
1613151900,0.18,0.18
1613152800,0.18,0.18
1613153700,0.18,0.18
1613154600,0.18,0.18
1613155500,0.18,0.18
1613156400,0.18,0.18
1613157300,0.18,0.18
1613158200,0.18,0.18
1613159100,0.18,0.18
1613160000,0.18,0.18
1613160900,0.18,0.18
1613161800,0.18,0.18
1613162700,0.18,0.18
1613163600,0.18,0.18
1613164500,0.18,0.18
1613165400,0.18,0.18
1613166300,0.18,0.18
1613167200,0.18,0.18
1613168100,0.18,0.18
1613169000,0.18,0.18
1613169900,0.18,0.18
1613170800,0.18,0.18
1613171700,0.18,0.18
1613172600,0.18,0.18
1613173500,0.18,0.18
1613174400,0.18,0.18
1613175300,0.18,0.18
1613176200,0.18,0.18
1613177100,0.18,0.18
1613178000,0.18,0.18
1613178900,0.18,0.18
1613179800,0.18,0.18
1613180700,0.18,0.18
1613181600,0.18,0.18
1613182500,0.18,0.18
1613183400,0.18,0.18
1613184300,0.18,0.18
1613185200,0.18,0.18
1613186100,0.18,0.18
1613187000,0.18,0.18
1613187900,0.18,0.18
1613188800,0.18,0.18
1613189700,0.18,0.18
1613190600,0.18,0.18
1613191500,0.18,0.18
1613192400,0.18,0.18
1613193300,0.18,0.18
1613194200,0.18,0.18
1613195100,0.18,0.18
1613196000,0.18,0.18
1613196900,0.18,0.18
1613197800,0.18,0.18
1613198700,0.18,0.18
1613199600,0.18,0.18
1613200500,0.18,0.18
1613201400,0.18,0.18
1613202300,0.18,0.18
1613203200,0.18,0.18
1613204100,0.18,0.18
1613205000,0.18,0.18
1613205900,0.18,0.18
1613206800,0.18,0.18
1613207700,0.18,0.18
1613208600,0.18,0.18
1613209500,0.18,0.18
1613210400,0.18,0.18
1613211300,0.18,0.18
1613212200,0.18,0.18
1613213100,0.18,0.18
1613214000,0.18,0.18
1613214900,0.18,0.18
1613215800,0.18,0.18
1613216700,0.18,0.18
1613217600,0.18,0.18
1613218500,0.18,0.18
1613219400,0.18,0.18
1613220300,0.18,0.18
1613221200,0.18,0.18
1613222100,0.18,0.18
1613223000,0.18,0.18
1613223900,0.18,0.18
1613224800,0.18,0.18
1613225700,0.18,0.18
1613226600,0.18,0.18
1613227500,0.18,0.18
1613228400,0.18,0.18
1613229300,0.18,0.18
1613230200,0.18,0.18
1613231100,0.18,0.18
1613232000,0.18,0.18
1613232900,0.18,0.18
1613233800,0.18,0.18
1613234700,0.18,0.18
1613235600,0.18,0.18
1613236500,0.18,0.18
1613237400,0.18,0.18
1613238300,0.18,0.18
1613239200,0.18,0.18
1613240100,0.18,0.18
1613241000,0.18,0.18
1613241900,0.18,0.18
1613242800,0.18,0.18
1613243700,0.18,0.18
1613244600,0.18,0.18
1613245500,0.18,0.18
1613246400,0.18,0.18
1613247300,0.18,0.18
1613248200,0.18,0.18
1613249100,0.18,0.18
1613250000,0.18,0.18
1613250900,0.18,0.18
1613251800,0.18,0.18
1613252700,0.18,0.18
1613253600,0.18,0.18
1613254500,0.18,0.18
1613255400,0.18,0.18
1613256300,0.18,0.18
1613257200,0.18,0.18
1613258100,0.18,0.18
1613259000,0.18,0.18
1613259900,0.18,0.18
1613260800,0.18,0.18
1613261700,0.18,0.18
1613262600,0.18,0.18
1613263500,0.18,0.18
1613264400,0.18,0.18
1613265300,0.18,0.18
1613266200,0.18,0.18
1613267100,0.18,0.18
1613268000,0.18,0.18
1613268900,0.18,0.18
1613269800,0.18,0.18
1613270700,0.18,0.18
1613271600,0.18,0.18
1613272500,0.18,0.18
1613273400,0.18,0.18
1613274300,0.18,0.18
1613275200,0.18,0.18
1613276100,0.18,0.18
1613277000,0.18,0.18
1613277900,0.18,0.18
1613278800,0.18,0.18
1613279700,0.18,0.18
1613280600,0.18,0.18
1613281500,0.18,0.18
1613282400,0.18,0.18
1613283300,0.18,0.18
1613284200,0.18,0.18
1613285100,0.18,0.18
1613286000,0.18,0.18
1613286900,0.18,0.18
1613287800,0.18,0.18
1613288700,0.18,0.18
1613289600,0.18,0.18
1613290500,0.18,0.18
1613291400,0.18,0.18
1613292300,0.18,0.18
1613293200,0.18,0.18
1613294100,0.18,0.18
1613295000,0.18,0.18
1613295900,0.18,0.18
1613296800,0.18,0.18
1613297700,0.18,0.18
1613298600,0.18,0.18
1613299500,0.18,0.18
1613300400,0.18,0.18
1613301300,0.18,0.18
1613302200,0.18,0.18
1613303100,0.18,0.18
1613304000,0.18,0.18
1613304900,0.18,0.18
1613305800,0.18,0.18
1613306700,0.18,0.18
1613307600,0.18,0.18
1613308500,0.18,0.18
1613309400,0.18,0.18
1613310300,0.18,0.18
1613311200,0.18,0.18
1613312100,0.18,0.18
1613313000,0.18,0.18
1613313900,0.18,0.18
1613314800,0.18,0.18
1613315700,0.18,0.18
1613316600,0.18,0.18
1613317500,0.18,0.18
1613318400,0.18,0.18
1613319300,0.18,0.18
1613320200,0.18,0.18
1613321100,0.18,0.18
1613322000,0.18,0.18
1613322900,0.18,0.18
1613323800,0.18,0.18
1613324700,0.18,0.18
1613325600,0.18,0.18
1613326500,0.18,0.18
1613327400,0.18,0.18
1613328300,0.18,0.18
1613329200,0.18,0.18
1613330100,0.18,0.18
1613331000,0.18,0.18
1613331900,0.18,0.18
1613332800,0.18,0.18
1613333700,0.18,0.18
1613334600,0.18,0.18
1613335500,0.18,0.18
1613336400,0.18,0.18
1613337300,0.18,0.18
1613338200,0.18,0.18
1613339100,0.18,0.18
1613340000,0.18,0.18
1613340900,0.18,0.18
1613341800,0.18,0.18
1613342700,0.18,0.18
1613343600,0.18,0.18
1613344500,0.18,0.18
1613345400,0.18,0.18
1613346300,0.18,0.18
1613347200,0.18,0.18
1613348100,0.18,0.18
1613349000,0.18,0.18
1613349900,0.18,0.18
1613350800,0.18,0.18
1613351700,0.18,0.18
1613352600,0.18,0.18
1613353500,0.18,0.18
1613354400,0.18,0.18
1613355300,0.18,0.18
1613356200,0.18,0.18
1613357100,0.18,0.18
1613358000,0.18,0.18
1613358900,0.18,0.18
1613359800,0.18,0.18
1613360700,0.18,0.18
1613361600,0.18,0.18
1613362500,0.18,0.18
1613363400,0.18,0.18
1613364300,0.18,0.18
1613365200,0.18,0.18
1613366100,0.18,0.18
1613367000,0.18,0.18
1613367900,0.18,0.18
1613368800,0.18,0.18
1613369700,0.18,0.18
1613370600,0.18,0.18
1613371500,0.18,0.18
1613372400,0.18,0.18
1613373300,0.18,0.18
1613374200,0.18,0.18
1613375100,0.18,0.18
1613376000,0.18,0.18
1613376900,0.18,0.18
1613377800,0.18,0.18
1613378700,0.18,0.18
1613379600,0.18,0.18
1613380500,0.18,0.18
1613381400,0.18,0.18
1613382300,0.18,0.18
1613383200,0.18,0.18
1613384100,0.18,0.18
1613385000,0.18,0.18
1613385900,0.18,0.18
1613386800,0.18,0.18
1613387700,0.18,0.18
1613388600,0.18,0.18
1613389500,0.18,0.18
1613390400,0.18,0.18
1613391300,0.18,0.18
1613392200,0.18,0.18
1613393100,0.18,0.18
1613394000,0.18,0.18
1613394900,0.18,0.18
1613395800,0.18,0.18
1613396700,0.18,0.18
1613397600,0.18,0.18
1613398500,0.18,0.18
1613399400,0.18,0.18
1613400300,0.18,0.18
1613401200,0.18,0.18
1613402100,0.18,0.18
1613403000,0.18,0.18
1613403900,0.18,0.18
1613404800,0.18,0.18
1613405700,0.18,0.18
1613406600,0.18,0.18
1613407500,0.18,0.18
1613408400,0.18,0.18
1613409300,0.18,0.18
1613410200,0.18,0.18
1613411100,0.18,0.18
1613412000,0.18,0.18
1613412900,0.18,0.18
1613413800,0.18,0.18
1613414700,0.18,0.18
1613415600,0.18,0.18
1613416500,0.18,0.18
1613417400,0.18,0.18
1613418300,0.18,0.18
1613419200,0.18,0.18
1613420100,0.18,0.18
1613421000,0.18,0.18
1613421900,0.18,0.18
1613422800,0.18,0.18
1613423700,0.18,0.18
1613424600,0.18,0.18
1613425500,0.18,0.18
1613426400,0.18,0.18
1613427300,0.18,0.18
1613428200,0.18,0.18
1613429100,0.18,0.18
1613430000,0.18,0.18
1613430900,0.18,0.18
1613431800,0.18,0.18
1613432700,0.18,0.18
1613433600,0.18,0.18
1613434500,0.18,0.18
1613435400,0.18,0.18
1613436300,0.18,0.18
1613437200,0.18,0.18
1613438100,0.18,0.18
1613439000,0.18,0.18
1613439900,0.18,0.18
1613440800,0.18,0.18
1613441700,0.18,0.18
1613442600,0.18,0.18
1613443500,0.18,0.18
1613444400,0.18,0.18
1613445300,0.18,0.18
1613446200,0.18,0.18
1613447100,0.18,0.18
1613448000,0.18,0.18
1613448900,0.18,0.18
1613449800,0.18,0.18
1613450700,0.18,0.18
1613451600,0.18,0.18
1613452500,0.18,0.18
1613453400,0.18,0.18
1613454300,0.18,0.18
1613455200,0.18,0.18
1613456100,0.18,0.18
1613457000,0.18,0.18
1613457900,0.18,0.18
1613458800,0.18,0.18
1613459700,0.18,0.18
1613460600,0.18,0.18
1613461500,0.18,0.18
1613462400,0.18,0.18
1613463300,0.18,0.18
1613464200,0.18,0.18
1613465100,0.18,0.18
1613466000,0.18,0.18
1613466900,0.18,0.18
1613467800,0.18,0.18
1613468700,0.18,0.18
1613469600,0.18,0.18
1613470500,0.18,0.18
1613471400,0.18,0.18
1613472300,0.18,0.18
1613473200,0.18,0.18
1613474100,0.18,0.18
1613475000,0.18,0.18
1613475900,0.18,0.18
1613476800,0.18,0.18
1613477700,0.18,0.18
1613478600,0.18,0.18
1613479500,0.18,0.18
1613480400,0.18,0.18
1613481300,0.18,0.18
1613482200,0.18,0.18
1613483100,0.18,0.18
1613484000,0.18,0.18
1613484900,0.18,0.18
1613485800,0.18,0.18
1613486700,0.18,0.18
1613487600,0.18,0.18
1613488500,0.18,0.18
1613489400,0.18,0.18
1613490300,0.18,0.18
1613491200,0.18,0.18
1613492100,0.18,0.18
1613493000,0.18,0.18
1613493900,0.18,0.18
1613494800,0.18,0.18
1613495700,0.18,0.18
1613496600,0.18,0.18
1613497500,0.18,0.18
1613498400,0.18,0.18
1613499300,0.18,0.18
1613500200,0.18,0.18
1613501100,0.18,0.18
1613502000,0.18,0.18
1613502900,0.18,0.18
1613503800,0.18,0.18
1613504700,0.18,0.18
1613505600,0.18,0.18
1613506500,0.18,0.18
1613507400,0.18,0.18
1613508300,0.18,0.18
1613509200,0.18,0.18
1613510100,0.18,0.18
1613511000,0.18,0.18
1613511900,0.18,0.18
1613512800,0.18,0.18
1613513700,0.18,0.18
1613514600,0.18,0.18
1613515500,0.18,0.18
1613516400,0.18,0.18
1613517300,0.18,0.18
1613518200,0.18,0.18
1613519100,0.18,0.18
1613520000,0.18,0.18
1613520900,0.18,0.18
1613521800,0.18,0.18
1613522700,0.18,0.18
1613523600,0.18,0.18
1613524500,0.18,0.18
1613525400,0.18,0.18
1613526300,0.18,0.18
1613527200,0.18,0.18
1613528100,0.18,0.18
1613529000,0.18,0.18
1613529900,0.18,0.18
1613530800,0.18,0.18
1613531700,0.18,0.18
1613532600,0.18,0.18
1613533500,0.18,0.18
1613534400,0.18,0.18
1613535300,0.18,0.18
1613536200,0.18,0.18
1613537100,0.18,0.18
1613538000,0.18,0.18
1613538900,0.18,0.18
1613539800,0.18,0.18
1613540700,0.18,0.18
1613541600,0.18,0.18
1613542500,0.18,0.18
1613543400,0.18,0.18
1613544300,0.18,0.18
1613545200,0.18,0.18
1613546100,0.18,0.18
1613547000,0.18,0.18
1613547900,0.18,0.18
1613548800,0.18,0.18
1613549700,0.18,0.18
1613550600,0.18,0.18
1613551500,0.18,0.18
1613552400,0.18,0.18
1613553300,0.18,0.18
1613554200,0.18,0.18
1613555100,0.18,0.18
1613556000,0.18,0.18
1613556900,0.18,0.18
1613557800,0.18,0.18
1613558700,0.18,0.18
1613559600,0.18,0.18
1613560500,0.18,0.18
1613561400,0.18,0.18
1613562300,0.18,0.18
1613563200,0.18,0.18
1613564100,0.18,0.18
1613565000,0.18,0.18
1613565900,0.18,0.18
1613566800,0.18,0.18
1613567700,0.18,0.18
1613568600,0.18,0.18
1613569500,0.18,0.18
1613570400,0.18,0.18
1613571300,0.18,0.18
1613572200,0.18,0.18
1613573100,0.18,0.18
1613574000,0.18,0.18
1613574900,0.18,0.18
1613575800,0.18,0.18
1613576700,0.18,0.18
1613577600,0.18,0.18
1613578500,0.18,0.18
1613579400,0.18,0.18
1613580300,0.18,0.18
1613581200,0.18,0.18
1613582100,0.18,0.18
1613583000,0.18,0.18
1613583900,0.18,0.18
1613584800,0.18,0.18
1613585700,0.18,0.18
1613586600,0.18,0.18
1613587500,0.18,0.18
1613588400,0.18,0.18
1613589300,0.18,0.18
1613590200,0.18,0.18
1613591100,0.18,0.18
1613592000,0.18,0.18
1613592900,0.18,0.18
1613593800,0.18,0.18
1613594700,0.18,0.18
1613595600,0.18,0.18
1613596500,0.18,0.18
1613597400,0.18,0.18
1613598300,0.18,0.18
1613599200,0.18,0.18
1613600100,0.18,0.18
1613601000,0.18,0.18
1613601900,0.18,0.18
1613602800,0.18,0.18
1613603700,0.18,0.18
1613604600,0.18,0.18
1613605500,0.18,0.18
1613606400,0.18,0.18
1613607300,0.18,0.18
1613608200,0.18,0.18
1613609100,0.18,0.18
1613610000,0.18,0.18
1613610900,0.18,0.18
1613611800,0.18,0.18
1613612700,0.18,0.18
1613613600,0.18,0.18
1613614500,0.18,0.18
1613615400,0.18,0.18
1613616300,0.18,0.18
1613617200,0.18,0.18
1613618100,0.18,0.18
1613619000,0.18,0.18
1613619900,0.18,0.18
1613620800,0.18,0.18
1613621700,0.18,0.18
1613622600,0.18,0.18
1613623500,0.18,0.18
1613624400,0.18,0.18
1613625300,0.18,0.18
1613626200,0.18,0.18
1613627100,0.18,0.18
1613628000,0.18,0.18
1613628900,0.18,0.18
1613629800,0.18,0.18
1613630700,0.18,0.18
1613631600,0.18,0.18
1613632500,0.18,0.18
1613633400,0.18,0.18
1613634300,0.18,0.18
1613635200,0.18,0.18
1613636100,0.18,0.18
1613637000,0.18,0.18
1613637900,0.18,0.18
1613638800,0.18,0.18
1613639700,0.18,0.18
1613640600,0.18,0.18
1613641500,0.18,0.18
1613642400,0.18,0.18
1613643300,0.18,0.18
1613644200,0.18,0.18
1613645100,0.18,0.18
1613646000,0.18,0.18
1613646900,0.18,0.18
1613647800,0.18,0.18
1613648700,0.18,0.18
1613649600,0.18,0.18
1613650500,0.18,0.18
1613651400,0.18,0.18
1613652300,0.18,0.18
1613653200,0.18,0.18
1613654100,0.18,0.18
1613655000,0.18,0.18
1613655900,0.18,0.18
1613656800,0.18,0.18
1613657700,0.18,0.18
1613658600,0.18,0.18
1613659500,0.18,0.18
1613660400,0.18,0.18
1613661300,0.18,0.18
1613662200,0.18,0.18
1613663100,0.18,0.18
1613664000,0.18,0.18
1613664900,0.18,0.18
1613665800,0.18,0.18
1613666700,0.18,0.18
1613667600,0.18,0.18
1613668500,0.18,0.18
1613669400,0.18,0.18
1613670300,0.18,0.18
1613671200,0.18,0.18
1613672100,0.18,0.18
1613673000,0.18,0.18
1613673900,0.18,0.18
1613674800,0.18,0.18
1613675700,0.18,0.18
1613676600,0.18,0.18
1613677500,0.18,0.18
1613678400,0.18,0.18
1613679300,0.18,0.18
1613680200,0.18,0.18
1613681100,0.18,0.18
1613682000,0.18,0.18
1613682900,0.18,0.18
1613683800,0.18,0.18
1613684700,0.18,0.18
1613685600,0.18,0.18
1613686500,0.18,0.18
1613687400,0.18,0.18
1613688300,0.18,0.18
1613689200,0.18,0.18
1613690100,0.18,0.18
1613691000,0.18,0.18
1613691900,0.18,0.18
1613692800,0.18,0.18
1613693700,0.18,0.18
1613694600,0.18,0.18
1613695500,0.18,0.18
1613696400,0.18,0.18
1613697300,0.18,0.18
1613698200,0.18,0.18
1613699100,0.18,0.18
1613700000,0.18,0.18
1613700900,0.18,0.18
1613701800,0.18,0.18
1613702700,0.18,0.18
1613703600,0.18,0.18
1613704500,0.18,0.18
1613705400,0.18,0.18
1613706300,0.18,0.18
1613707200,0.18,0.18
1613708100,0.18,0.18
1613709000,0.18,0.18
1613709900,0.18,0.18
1613710800,0.18,0.18
1613711700,0.18,0.18
1613712600,0.18,0.18
1613713500,0.18,0.18
1613714400,0.18,0.18
1613715300,0.18,0.18
1613716200,0.18,0.18
1613717100,0.18,0.18
1613718000,0.18,0.18
1613718900,0.18,0.18
1613719800,0.18,0.18
1613720700,0.18,0.18
1613721600,0.18,0.18
1613722500,0.18,0.18
1613723400,0.18,0.18
1613724300,0.18,0.18
1613725200,0.18,0.18
1613726100,0.18,0.18
1613727000,0.18,0.18
1613727900,0.18,0.18
1613728800,0.18,0.18
1613729700,0.18,0.18
1613730600,0.18,0.18
1613731500,0.18,0.18
1613732400,0.18,0.18
1613733300,0.18,0.18
1613734200,0.18,0.18
1613735100,0.18,0.18
1613736000,0.18,0.18
1613736900,0.18,0.18
1613737800,0.18,0.18
1613738700,0.18,0.18
1613739600,0.18,0.18
1613740500,0.18,0.18
1613741400,0.18,0.18
1613742300,0.18,0.18
1613743200,0.18,0.18
1613744100,0.18,0.18
1613745000,0.18,0.18
1613745900,0.18,0.18
1613746800,0.18,0.18
1613747700,0.18,0.18
1613748600,0.18,0.18
1613749500,0.18,0.18
1613750400,0.18,0.18
1613751300,0.18,0.18
1613752200,0.18,0.18
1613753100,0.18,0.18
1613754000,0.18,0.18
1613754900,0.18,0.18
1613755800,0.18,0.18
1613756700,0.18,0.18
1613757600,0.18,0.18
1613758500,0.18,0.18
1613759400,0.18,0.18
1613760300,0.18,0.18
1613761200,0.18,0.18
1613762100,0.18,0.18
1613763000,0.18,0.18
1613763900,0.18,0.18
1613764800,0.18,0.18
1613765700,0.18,0.18
1613766600,0.18,0.18
1613767500,0.18,0.18
1613768400,0.18,0.18
1613769300,0.18,0.18
1613770200,0.18,0.18
1613771100,0.18,0.18
1613772000,0.18,0.18
1613772900,0.18,0.18
1613773800,0.18,0.18
1613774700,0.18,0.18
1613775600,0.18,0.18
1613776500,0.18,0.18
1613777400,0.18,0.18
1613778300,0.18,0.18
1613779200,0.18,0.18
1613780100,0.18,0.18
1613781000,0.18,0.18
1613781900,0.18,0.18
1613782800,0.18,0.18
1613783700,0.18,0.18
1613784600,0.18,0.18
1613785500,0.18,0.18
1613786400,0.18,0.18
1613787300,0.18,0.18
1613788200,0.18,0.18
1613789100,0.18,0.18
1613790000,0.18,0.18
1613790900,0.18,0.18
1613791800,0.18,0.18
1613792700,0.18,0.18
1613793600,0.18,0.18
1613794500,0.18,0.18
1613795400,0.18,0.18
1613796300,0.18,0.18
1613797200,0.18,0.18
1613798100,0.18,0.18
1613799000,0.18,0.18
1613799900,0.18,0.18
1613800800,0.18,0.18
1613801700,0.18,0.18
1613802600,0.18,0.18
1613803500,0.18,0.18
1613804400,0.18,0.18
1613805300,0.18,0.18
1613806200,0.18,0.18
1613807100,0.18,0.18
1613808000,0.18,0.18
1613808900,0.18,0.18
1613809800,0.18,0.18
1613810700,0.18,0.18
1613811600,0.18,0.18
1613812500,0.18,0.18
1613813400,0.18,0.18
1613814300,0.18,0.18
1613815200,0.18,0.18
1613816100,0.18,0.18
1613817000,0.18,0.18
1613817900,0.18,0.18
1613818800,0.18,0.18
1613819700,0.18,0.18
1613820600,0.18,0.18
1613821500,0.18,0.18
1613822400,0.18,0.18
1613823300,0.18,0.18
1613824200,0.18,0.18
1613825100,0.18,0.18
1613826000,0.18,0.18
1613826900,0.18,0.18
1613827800,0.18,0.18
1613828700,0.18,0.18
1613829600,0.18,0.18
1613830500,0.18,0.18
1613831400,0.18,0.18
1613832300,0.18,0.18
1613833200,0.18,0.18
1613834100,0.18,0.18
1613835000,0.18,0.18
1613835900,0.18,0.18
1613836800,0.18,0.18
1613837700,0.18,0.18
1613838600,0.18,0.18
1613839500,0.18,0.18
1613840400,0.18,0.18
1613841300,0.18,0.18
1613842200,0.18,0.18
1613843100,0.18,0.18
1613844000,0.18,0.18
1613844900,0.18,0.18
1613845800,0.18,0.18
1613846700,0.18,0.18
1613847600,0.18,0.18
1613848500,0.18,0.18
1613849400,0.18,0.18
1613850300,0.18,0.18
1613851200,0.18,0.18
1613852100,0.18,0.18
1613853000,0.18,0.18
1613853900,0.18,0.18
1613854800,0.18,0.18
1613855700,0.18,0.18
1613856600,0.18,0.18
1613857500,0.18,0.18
1613858400,0.18,0.18
1613859300,0.18,0.18
1613860200,0.18,0.18
1613861100,0.18,0.18
1613862000,0.18,0.18
1613862900,0.18,0.18
1613863800,0.18,0.18
1613864700,0.18,0.18
1613865600,0.18,0.18
1613866500,0.18,0.18
1613867400,0.18,0.18
1613868300,0.18,0.18
1613869200,0.18,0.18
1613870100,0.18,0.18
1613871000,0.18,0.18
1613871900,0.18,0.18
1613872800,0.18,0.18
1613873700,0.18,0.18
1613874600,0.18,0.18
1613875500,0.18,0.18
1613876400,0.18,0.18
1613877300,0.18,0.18
1613878200,0.18,0.18
1613879100,0.18,0.18
1613880000,0.18,0.18
1613880900,0.18,0.18
1613881800,0.18,0.18
1613882700,0.18,0.18
1613883600,0.18,0.18
1613884500,0.18,0.18
1613885400,0.18,0.18
1613886300,0.18,0.18
1613887200,0.18,0.18
1613888100,0.18,0.18
1613889000,0.18,0.18
1613889900,0.18,0.18
1613890800,0.18,0.18
1613891700,0.18,0.18
1613892600,0.18,0.18
1613893500,0.18,0.18
1613894400,0.18,0.18
1613895300,0.18,0.18
1613896200,0.18,0.18
1613897100,0.18,0.18
1613898000,0.18,0.18
1613898900,0.18,0.18
1613899800,0.18,0.18
1613900700,0.18,0.18
1613901600,0.18,0.18
1613902500,0.18,0.18
1613903400,0.18,0.18
1613904300,0.18,0.18
1613905200,0.18,0.18
1613906100,0.18,0.18
1613907000,0.18,0.18
1613907900,0.18,0.18
1613908800,0.18,0.18
1613909700,0.18,0.18
1613910600,0.18,0.18
1613911500,0.18,0.18
1613912400,0.18,0.18
1613913300,0.18,0.18
1613914200,0.18,0.18
1613915100,0.18,0.18
1613916000,0.18,0.18
1613916900,0.18,0.18
1613917800,0.18,0.18
1613918700,0.18,0.18
1613919600,0.18,0.18
1613920500,0.18,0.18
1613921400,0.18,0.18
1613922300,0.18,0.18
1613923200,0.18,0.18
1613924100,0.18,0.18
1613925000,0.18,0.18
1613925900,0.18,0.18
1613926800,0.18,0.18
1613927700,0.18,0.18
1613928600,0.18,0.18
1613929500,0.18,0.18
1613930400,0.18,0.18
1613931300,0.18,0.18
1613932200,0.18,0.18
1613933100,0.18,0.18
1613934000,0.18,0.18
1613934900,0.18,0.18
1613935800,0.18,0.18
1613936700,0.18,0.18
1613937600,0.18,0.18
1613938500,0.18,0.18
1613939400,0.18,0.18
1613940300,0.18,0.18
1613941200,0.18,0.18
1613942100,0.18,0.18
1613943000,0.18,0.18
1613943900,0.18,0.18
1613944800,0.18,0.18
1613945700,0.18,0.18
1613946600,0.18,0.18
1613947500,0.18,0.18
1613948400,0.18,0.18
1613949300,0.18,0.18
1613950200,0.18,0.18
1613951100,0.18,0.18
1613952000,0.18,0.18
1613952900,0.18,0.18
1613953800,0.18,0.18
1613954700,0.18,0.18
1613955600,0.18,0.18
1613956500,0.18,0.18
1613957400,0.18,0.18
1613958300,0.18,0.18
1613959200,0.18,0.18
1613960100,0.18,0.18
1613961000,0.18,0.18
1613961900,0.18,0.18
1613962800,0.18,0.18
1613963700,0.18,0.18
1613964600,0.18,0.18
1613965500,0.18,0.18
1613966400,0.18,0.18
1613967300,0.18,0.18
1613968200,0.18,0.18
1613969100,0.18,0.18
1613970000,0.18,0.18
1613970900,0.18,0.18
1613971800,0.18,0.18
1613972700,0.18,0.18
1613973600,0.18,0.18
1613974500,0.18,0.18
1613975400,0.18,0.18
1613976300,0.18,0.18
1613977200,0.18,0.18
1613978100,0.18,0.18
1613979000,0.18,0.18
1613979900,0.18,0.18
1613980800,0.18,0.18
1613981700,0.18,0.18
1613982600,0.18,0.18
1613983500,0.18,0.18
1613984400,0.18,0.18
1613985300,0.18,0.18
1613986200,0.18,0.18
1613987100,0.18,0.18
1613988000,0.18,0.18
1613988900,0.18,0.18
1613989800,0.18,0.18
1613990700,0.18,0.18
1613991600,0.18,0.18
1613992500,0.18,0.18
1613993400,0.18,0.18
1613994300,0.18,0.18
1613995200,0.18,0.18
1613996100,0.18,0.18
1613997000,0.18,0.18
1613997900,0.18,0.18
1613998800,0.18,0.18
1613999700,0.18,0.18
1614000600,0.18,0.18
1614001500,0.18,0.18
1614002400,0.18,0.18
1614003300,0.18,0.18
1614004200,0.18,0.18
1614005100,0.18,0.18
1614006000,0.18,0.18
1614006900,0.18,0.18
1614007800,0.18,0.18
1614008700,0.18,0.18
1614009600,0.18,0.18
1614010500,0.18,0.18
1614011400,0.18,0.18
1614012300,0.18,0.18
1614013200,0.18,0.18
1614014100,0.18,0.18
1614015000,0.18,0.18
1614015900,0.18,0.18
1614016800,0.18,0.18
1614017700,0.18,0.18
1614018600,0.18,0.18
1614019500,0.18,0.18
1614020400,0.18,0.18
1614021300,0.18,0.18
1614022200,0.18,0.18
1614023100,0.18,0.18
1614024000,0.18,0.18
1614024900,0.18,0.18
1614025800,0.18,0.18
1614026700,0.18,0.18
1614027600,0.18,0.18
1614028500,0.18,0.18
1614029400,0.18,0.18
1614030300,0.18,0.18
1614031200,0.18,0.18
1614032100,0.18,0.18
1614033000,0.18,0.18
1614033900,0.18,0.18
1614034800,0.18,0.18
1614035700,0.18,0.18
1614036600,0.18,0.18
1614037500,0.18,0.18
1614038400,0.18,0.18
1614039300,0.18,0.18
1614040200,0.18,0.18
1614041100,0.18,0.18
1614042000,0.18,0.18
1614042900,0.18,0.18
1614043800,0.18,0.18
1614044700,0.18,0.18
1614045600,0.18,0.18
1614046500,0.18,0.18
1614047400,0.18,0.18
1614048300,0.18,0.18
1614049200,0.18,0.18
1614050100,0.18,0.18
1614051000,0.18,0.18
1614051900,0.18,0.18
1614052800,0.18,0.18
1614053700,0.18,0.18
1614054600,0.18,0.18
1614055500,0.18,0.18
1614056400,0.18,0.18
1614057300,0.18,0.18
1614058200,0.18,0.18
1614059100,0.18,0.18
1614060000,0.18,0.18
1614060900,0.18,0.18
1614061800,0.18,0.18
1614062700,0.18,0.18
1614063600,0.18,0.18
1614064500,0.18,0.18
1614065400,0.18,0.18
1614066300,0.18,0.18
1614067200,0.18,0.18
1614068100,0.18,0.18
1614069000,0.18,0.18
1614069900,0.18,0.18
1614070800,0.18,0.18
1614071700,0.18,0.18
1614072600,0.18,0.18
1614073500,0.18,0.18
1614074400,0.18,0.18
1614075300,0.18,0.18
1614076200,0.18,0.18
1614077100,0.18,0.18
1614078000,0.18,0.18
1614078900,0.18,0.18
1614079800,0.18,0.18
1614080700,0.18,0.18
1614081600,0.18,0.18
1614082500,0.18,0.18
1614083400,0.18,0.18
1614084300,0.18,0.18
1614085200,0.18,0.18
1614086100,0.18,0.18
1614087000,0.18,0.18
1614087900,0.18,0.18
1614088800,0.18,0.18
1614089700,0.18,0.18
1614090600,0.18,0.18
1614091500,0.18,0.18
1614092400,0.18,0.18
1614093300,0.18,0.18
1614094200,0.18,0.18
1614095100,0.18,0.18
1614096000,0.18,0.18
1614096900,0.18,0.18
1614097800,0.18,0.18
1614098700,0.18,0.18
1614099600,0.18,0.18
1614100500,0.18,0.18
1614101400,0.18,0.18
1614102300,0.18,0.18
1614103200,0.18,0.18
1614104100,0.18,0.18
1614105000,0.18,0.18
1614105900,0.18,0.18
1614106800,0.18,0.18
1614107700,0.18,0.18
1614108600,0.18,0.18
1614109500,0.18,0.18
1614110400,0.18,0.18
1614111300,0.18,0.18
1614112200,0.18,0.18
1614113100,0.18,0.18
1614114000,0.18,0.18
1614114900,0.18,0.18
1614115800,0.18,0.18
1614116700,0.18,0.18
1614117600,0.18,0.18
1614118500,0.18,0.18
1614119400,0.18,0.18
1614120300,0.18,0.18
1614121200,0.18,0.18
1614122100,0.18,0.18
1614123000,0.18,0.18
1614123900,0.18,0.18
1614124800,0.18,0.18
1614125700,0.18,0.18
1614126600,0.18,0.18
1614127500,0.18,0.18
1614128400,0.18,0.18
1614129300,0.18,0.18
1614130200,0.18,0.18
1614131100,0.18,0.18
1614132000,0.18,0.18
1614132900,0.18,0.18
1614133800,0.18,0.18
1614134700,0.18,0.18
1614135600,0.18,0.18
1614136500,0.18,0.18
1614137400,0.18,0.18
1614138300,0.18,0.18
1614139200,0.18,0.18
1614140100,0.18,0.18
1614141000,0.18,0.18
1614141900,0.18,0.18
1614142800,0.18,0.18
1614143700,0.18,0.18
1614144600,0.18,0.18
1614145500,0.18,0.18
1614146400,0.18,0.18
1614147300,0.18,0.18
1614148200,0.18,0.18
1614149100,0.18,0.18
1614150000,0.18,0.18
1614150900,0.18,0.18
1614151800,0.18,0.18
1614152700,0.18,0.18
1614153600,0.18,0.18
1614154500,0.18,0.18
1614155400,0.18,0.18
1614156300,0.18,0.18
1614157200,0.18,0.18
1614158100,0.18,0.18
1614159000,0.18,0.18
1614159900,0.18,0.18
1614160800,0.18,0.18
1614161700,0.18,0.18
1614162600,0.18,0.18
1614163500,0.18,0.18
1614164400,0.18,0.18
1614165300,0.18,0.18
1614166200,0.18,0.18
1614167100,0.18,0.18
1614168000,0.18,0.18
1614168900,0.18,0.18
1614169800,0.18,0.18
1614170700,0.18,0.18
1614171600,0.18,0.18
1614172500,0.18,0.18
1614173400,0.18,0.18
1614174300,0.18,0.18
1614175200,0.18,0.18
1614176100,0.18,0.18
1614177000,0.18,0.18
1614177900,0.18,0.18
1614178800,0.18,0.18
1614179700,0.18,0.18
1614180600,0.18,0.18
1614181500,0.18,0.18
1614182400,0.18,0.18
1614183300,0.18,0.18
1614184200,0.18,0.18
1614185100,0.18,0.18
1614186000,0.18,0.18
1614186900,0.18,0.18
1614187800,0.18,0.18
1614188700,0.18,0.18
1614189600,0.18,0.18
1614190500,0.18,0.18
1614191400,0.18,0.18
1614192300,0.18,0.18
1614193200,0.18,0.18
1614194100,0.18,0.18
1614195000,0.18,0.18
1614195900,0.18,0.18
1614196800,0.18,0.18
1614197700,0.18,0.18
1614198600,0.18,0.18
1614199500,0.18,0.18
1614200400,0.18,0.18
1614201300,0.18,0.18
1614202200,0.18,0.18
1614203100,0.18,0.18
1614204000,0.18,0.18
1614204900,0.18,0.18
1614205800,0.18,0.18
1614206700,0.18,0.18
1614207600,0.18,0.18
1614208500,0.18,0.18
1614209400,0.18,0.18
1614210300,0.18,0.18
1614211200,0.18,0.18
1614212100,0.18,0.18
1614213000,0.18,0.18
1614213900,0.18,0.18
1614214800,0.18,0.18
1614215700,0.18,0.18
1614216600,0.18,0.18
1614217500,0.18,0.18
1614218400,0.18,0.18
1614219300,0.18,0.18
1614220200,0.18,0.18
1614221100,0.18,0.18
1614222000,0.18,0.18
1614222900,0.18,0.18
1614223800,0.18,0.18
1614224700,0.18,0.18
1614225600,0.18,0.18
1614226500,0.18,0.18
1614227400,0.18,0.18
1614228300,0.18,0.18
1614229200,0.18,0.18
1614230100,0.18,0.18
1614231000,0.18,0.18
1614231900,0.18,0.18
1614232800,0.18,0.18
1614233700,0.18,0.18
1614234600,0.18,0.18
1614235500,0.18,0.18
1614236400,0.18,0.18
1614237300,0.18,0.18
1614238200,0.18,0.18
1614239100,0.18,0.18
1614240000,0.18,0.18
1614240900,0.18,0.18
1614241800,0.18,0.18
1614242700,0.18,0.18
1614243600,0.18,0.18
1614244500,0.18,0.18
1614245400,0.18,0.18
1614246300,0.18,0.18
1614247200,0.18,0.18
1614248100,0.18,0.18
1614249000,0.18,0.18
1614249900,0.18,0.18
1614250800,0.18,0.18
1614251700,0.18,0.18
1614252600,0.18,0.18
1614253500,0.18,0.18
1614254400,0.18,0.18
1614255300,0.18,0.18
1614256200,0.18,0.18
1614257100,0.18,0.18
1614258000,0.18,0.18
1614258900,0.18,0.18
1614259800,0.18,0.18
1614260700,0.18,0.18
1614261600,0.18,0.18
1614262500,0.18,0.18
1614263400,0.18,0.18
1614264300,0.18,0.18
1614265200,0.18,0.18
1614266100,0.18,0.18
1614267000,0.18,0.18
1614267900,0.18,0.18
1614268800,0.18,0.18
1614269700,0.18,0.18
1614270600,0.18,0.18
1614271500,0.18,0.18
1614272400,0.18,0.18
1614273300,0.18,0.18
1614274200,0.18,0.18
1614275100,0.18,0.18
1614276000,0.18,0.18
1614276900,0.18,0.18
1614277800,0.18,0.18
1614278700,0.18,0.18
1614279600,0.18,0.18
1614280500,0.18,0.18
1614281400,0.18,0.18
1614282300,0.18,0.18
1614283200,0.18,0.18
1614284100,0.18,0.18
1614285000,0.18,0.18
1614285900,0.18,0.18
1614286800,0.18,0.18
1614287700,0.18,0.18
1614288600,0.18,0.18
1614289500,0.18,0.18
1614290400,0.18,0.18
1614291300,0.18,0.18
1614292200,0.18,0.18
1614293100,0.18,0.18
1614294000,0.18,0.18
1614294900,0.18,0.18
1614295800,0.18,0.18
1614296700,0.18,0.18
1614297600,0.18,0.18
1614298500,0.18,0.18
1614299400,0.18,0.18
1614300300,0.18,0.18
1614301200,0.18,0.18
1614302100,0.18,0.18
1614303000,0.18,0.18
1614303900,0.18,0.18
1614304800,0.18,0.18
1614305700,0.18,0.18
1614306600,0.18,0.18
1614307500,0.18,0.18
1614308400,0.18,0.18
1614309300,0.18,0.18
1614310200,0.18,0.18
1614311100,0.18,0.18
1614312000,0.18,0.18
1614312900,0.18,0.18
1614313800,0.18,0.18
1614314700,0.18,0.18
1614315600,0.18,0.18
1614316500,0.18,0.18
1614317400,0.18,0.18
1614318300,0.18,0.18
1614319200,0.18,0.18
1614320100,0.18,0.18
1614321000,0.18,0.18
1614321900,0.18,0.18
1614322800,0.18,0.18
1614323700,0.18,0.18
1614324600,0.18,0.18
1614325500,0.18,0.18
1614326400,0.18,0.18
1614327300,0.18,0.18
1614328200,0.18,0.18
1614329100,0.18,0.18
1614330000,0.18,0.18
1614330900,0.18,0.18
1614331800,0.18,0.18
1614332700,0.18,0.18
1614333600,0.18,0.18
1614334500,0.18,0.18
1614335400,0.18,0.18
1614336300,0.18,0.18
1614337200,0.18,0.18
1614338100,0.18,0.18
1614339000,0.18,0.18
1614339900,0.18,0.18
1614340800,0.18,0.18
1614341700,0.18,0.18
1614342600,0.18,0.18
1614343500,0.18,0.18
1614344400,0.18,0.18
1614345300,0.18,0.18
1614346200,0.18,0.18
1614347100,0.18,0.18
1614348000,0.18,0.18
1614348900,0.18,0.18
1614349800,0.18,0.18
1614350700,0.18,0.18
1614351600,0.18,0.18
1614352500,0.18,0.18
1614353400,0.18,0.18
1614354300,0.18,0.18
1614355200,0.18,0.18
1614356100,0.18,0.18
1614357000,0.18,0.18
1614357900,0.18,0.18
1614358800,0.18,0.18
1614359700,0.18,0.18
1614360600,0.18,0.18
1614361500,0.18,0.18
1614362400,0.18,0.18
1614363300,0.18,0.18
1614364200,0.18,0.18
1614365100,0.18,0.18
1614366000,0.18,0.18
1614366900,0.18,0.18
1614367800,0.18,0.18
1614368700,0.18,0.18
1614369600,0.18,0.18
1614370500,0.18,0.18
1614371400,0.18,0.18
1614372300,0.18,0.18
1614373200,0.18,0.18
1614374100,0.18,0.18
1614375000,0.18,0.18
1614375900,0.18,0.18
1614376800,0.18,0.18
1614377700,0.18,0.18
1614378600,0.18,0.18
1614379500,0.18,0.18
1614380400,0.18,0.18
1614381300,0.18,0.18
1614382200,0.18,0.18
1614383100,0.18,0.18
1614384000,0.18,0.18
1614384900,0.18,0.18
1614385800,0.18,0.18
1614386700,0.18,0.18
1614387600,0.18,0.18
1614388500,0.18,0.18
1614389400,0.18,0.18
1614390300,0.18,0.18
1614391200,0.18,0.18
1614392100,0.18,0.18
1614393000,0.18,0.18
1614393900,0.18,0.18
1614394800,0.18,0.18
1614395700,0.18,0.18
1614396600,0.18,0.18
1614397500,0.18,0.18
1614398400,0.18,0.18
1614399300,0.18,0.18
1614400200,0.18,0.18
1614401100,0.18,0.18
1614402000,0.18,0.18
1614402900,0.18,0.18
1614403800,0.18,0.18
1614404700,0.18,0.18
1614405600,0.18,0.18
1614406500,0.18,0.18
1614407400,0.18,0.18
1614408300,0.18,0.18
1614409200,0.18,0.18
1614410100,0.18,0.18
1614411000,0.18,0.18
1614411900,0.18,0.18
1614412800,0.18,0.18
1614413700,0.18,0.18
1614414600,0.18,0.18
1614415500,0.18,0.18
1614416400,0.18,0.18
1614417300,0.18,0.18
1614418200,0.18,0.18
1614419100,0.18,0.18
1614420000,0.18,0.18
1614420900,0.18,0.18
1614421800,0.18,0.18
1614422700,0.18,0.18
1614423600,0.18,0.18
1614424500,0.18,0.18
1614425400,0.18,0.18
1614426300,0.18,0.18
1614427200,0.18,0.18
1614428100,0.18,0.18
1614429000,0.18,0.18
1614429900,0.18,0.18
1614430800,0.18,0.18
1614431700,0.18,0.18
1614432600,0.18,0.18
1614433500,0.18,0.18
1614434400,0.18,0.18
1614435300,0.18,0.18
1614436200,0.18,0.18
1614437100,0.18,0.18
1614438000,0.18,0.18
1614438900,0.18,0.18
1614439800,0.18,0.18
1614440700,0.18,0.18
1614441600,0.18,0.18
1614442500,0.18,0.18
1614443400,0.18,0.18
1614444300,0.18,0.18
1614445200,0.18,0.18
1614446100,0.18,0.18
1614447000,0.18,0.18
1614447900,0.18,0.18
1614448800,0.18,0.18
1614449700,0.18,0.18
1614450600,0.18,0.18
1614451500,0.18,0.18
1614452400,0.18,0.18
1614453300,0.18,0.18
1614454200,0.18,0.18
1614455100,0.18,0.18
1614456000,0.18,0.18
1614456900,0.18,0.18
1614457800,0.18,0.18
1614458700,0.18,0.18
1614459600,0.18,0.18
1614460500,0.18,0.18
1614461400,0.18,0.18
1614462300,0.18,0.18
1614463200,0.18,0.18
1614464100,0.18,0.18
1614465000,0.18,0.18
1614465900,0.18,0.18
1614466800,0.18,0.18
1614467700,0.18,0.18
1614468600,0.18,0.18
1614469500,0.18,0.18
1614470400,0.18,0.18
1614471300,0.18,0.18
1614472200,0.18,0.18
1614473100,0.18,0.18
1614474000,0.18,0.18
1614474900,0.18,0.18
1614475800,0.18,0.18
1614476700,0.18,0.18
1614477600,0.18,0.18
1614478500,0.18,0.18
1614479400,0.18,0.18
1614480300,0.18,0.18
1614481200,0.18,0.18
1614482100,0.18,0.18
1614483000,0.18,0.18
1614483900,0.18,0.18
1614484800,0.18,0.18
1614485700,0.18,0.18
1614486600,0.18,0.18
1614487500,0.18,0.18
1614488400,0.18,0.18
1614489300,0.18,0.18
1614490200,0.18,0.18
1614491100,0.18,0.18
1614492000,0.18,0.18
1614492900,0.18,0.18
1614493800,0.18,0.18
1614494700,0.18,0.18
1614495600,0.18,0.18
1614496500,0.18,0.18
1614497400,0.18,0.18
1614498300,0.18,0.18
1614499200,0.18,0.18
1614500100,0.18,0.18
1614501000,0.18,0.18
1614501900,0.18,0.18
1614502800,0.18,0.18
1614503700,0.18,0.18
1614504600,0.18,0.18
1614505500,0.18,0.18
1614506400,0.18,0.18
1614507300,0.18,0.18
1614508200,0.18,0.18
1614509100,0.18,0.18
1614510000,0.18,0.18
1614510900,0.18,0.18
1614511800,0.18,0.18
1614512700,0.18,0.18
1614513600,0.18,0.18
1614514500,0.18,0.18
1614515400,0.18,0.18
1614516300,0.18,0.18
1614517200,0.18,0.18
1614518100,0.18,0.18
1614519000,0.18,0.18
1614519900,0.18,0.18
1614520800,0.18,0.18
1614521700,0.18,0.18
1614522600,0.18,0.18
1614523500,0.18,0.18
1614524400,0.18,0.18
1614525300,0.18,0.18
1614526200,0.18,0.18
1614527100,0.18,0.18
1614528000,0.18,0.18
1614528900,0.18,0.18
1614529800,0.18,0.18
1614530700,0.18,0.18
1614531600,0.18,0.18
1614532500,0.18,0.18
1614533400,0.18,0.18
1614534300,0.18,0.18
1614535200,0.18,0.18
1614536100,0.18,0.18
1614537000,0.18,0.18
1614537900,0.18,0.18
1614538800,0.18,0.18
1614539700,0.18,0.18
1614540600,0.18,0.18
1614541500,0.18,0.18
1614542400,0.18,0.18
1614543300,0.18,0.18
1614544200,0.18,0.18
1614545100,0.18,0.18
1614546000,0.18,0.18
1614546900,0.18,0.18
1614547800,0.18,0.18
1614548700,0.18,0.18
1614549600,0.18,0.18
1614550500,0.18,0.18
1614551400,0.18,0.18
1614552300,0.18,0.18
1614553200,0.18,0.18
1614554100,0.18,0.18
1614555000,0.18,0.18
1614555900,0.18,0.18
1614556800,0.18,0.18
1614557700,0.18,0.18
1614558600,0.18,0.18
1614559500,0.18,0.18
1614560400,0.18,0.18
1614561300,0.18,0.18
1614562200,0.18,0.18
1614563100,0.18,0.18
1614564000,0.18,0.18
1614564900,0.18,0.18
1614565800,0.18,0.18
1614566700,0.18,0.18
1614567600,0.18,0.18
1614568500,0.18,0.18
1614569400,0.18,0.18
1614570300,0.18,0.18
1614571200,0.18,0.18
1614572100,0.18,0.18
1614573000,0.18,0.18
1614573900,0.18,0.18
1614574800,0.18,0.18
1614575700,0.18,0.18
1614576600,0.18,0.18
1614577500,0.18,0.18
1614578400,0.18,0.18
1614579300,0.18,0.18
1614580200,0.18,0.18
1614581100,0.18,0.18
1614582000,0.18,0.18
1614582900,0.18,0.18
1614583800,0.18,0.18
1614584700,0.18,0.18
1614585600,0.18,0.18
1614586500,0.18,0.18
1614587400,0.18,0.18
1614588300,0.18,0.18
1614589200,0.18,0.18
1614590100,0.18,0.18
1614591000,0.18,0.18
1614591900,0.18,0.18
1614592800,0.18,0.18
1614593700,0.18,0.18
1614594600,0.18,0.18
1614595500,0.18,0.18
1614596400,0.18,0.18
1614597300,0.18,0.18
1614598200,0.18,0.18
1614599100,0.18,0.18
1614600000,0.18,0.18
1614600900,0.18,0.18
1614601800,0.18,0.18
1614602700,0.18,0.18
1614603600,0.18,0.18
1614604500,0.18,0.18
1614605400,0.18,0.18
1614606300,0.18,0.18
1614607200,0.18,0.18
1614608100,0.18,0.18
1614609000,0.18,0.18
1614609900,0.18,0.18
1614610800,0.18,0.18
1614611700,0.18,0.18
1614612600,0.18,0.18
1614613500,0.18,0.18
1614614400,0.18,0.18
1614615300,0.18,0.18
1614616200,0.18,0.18
1614617100,0.18,0.18
1614618000,0.18,0.18
1614618900,0.18,0.18
1614619800,0.18,0.18
1614620700,0.18,0.18
1614621600,0.18,0.18
1614622500,0.18,0.18
1614623400,0.18,0.18
1614624300,0.18,0.18
1614625200,0.18,0.18
1614626100,0.18,0.18
1614627000,0.18,0.18
1614627900,0.18,0.18
1614628800,0.18,0.18
1614629700,0.18,0.18
1614630600,0.18,0.18
1614631500,0.18,0.18
1614632400,0.18,0.18
1614633300,0.18,0.18
1614634200,0.18,0.18
1614635100,0.18,0.18
1614636000,0.18,0.18
1614636900,0.18,0.18
1614637800,0.18,0.18
1614638700,0.18,0.18
1614639600,0.18,0.18
1614640500,0.18,0.18
1614641400,0.18,0.18
1614642300,0.18,0.18
1614643200,0.18,0.18
1614644100,0.18,0.18
1614645000,0.18,0.18
1614645900,0.18,0.18
1614646800,0.18,0.18
1614647700,0.18,0.18
1614648600,0.18,0.18
1614649500,0.18,0.18
1614650400,0.18,0.18
1614651300,0.18,0.18
1614652200,0.18,0.18
1614653100,0.18,0.18
1614654000,0.18,0.18
1614654900,0.18,0.18
1614655800,0.18,0.18
1614656700,0.18,0.18
1614657600,0.18,0.18
1614658500,0.18,0.18
1614659400,0.18,0.18
1614660300,0.18,0.18
1614661200,0.18,0.18
1614662100,0.18,0.18
1614663000,0.18,0.18
1614663900,0.18,0.18
1614664800,0.18,0.18
1614665700,0.18,0.18
1614666600,0.18,0.18
1614667500,0.18,0.18
1614668400,0.18,0.18
1614669300,0.18,0.18
1614670200,0.18,0.18
1614671100,0.18,0.18
1614672000,0.18,0.18
1614672900,0.18,0.18
1614673800,0.18,0.18
1614674700,0.18,0.18
1614675600,0.18,0.18
1614676500,0.18,0.18
1614677400,0.18,0.18
1614678300,0.18,0.18
1614679200,0.18,0.18
1614680100,0.18,0.18
1614681000,0.18,0.18
1614681900,0.18,0.18
1614682800,0.18,0.18
1614683700,0.18,0.18
1614684600,0.18,0.18
1614685500,0.18,0.18
1614686400,0.18,0.18
1614687300,0.18,0.18
1614688200,0.18,0.18
1614689100,0.18,0.18
1614690000,0.18,0.18
1614690900,0.18,0.18
1614691800,0.18,0.18
1614692700,0.18,0.18
1614693600,0.18,0.18
1614694500,0.18,0.18
1614695400,0.18,0.18
1614696300,0.18,0.18
1614697200,0.18,0.18
1614698100,0.18,0.18
1614699000,0.18,0.18
1614699900,0.18,0.18
1614700800,0.18,0.18
1614701700,0.18,0.18
1614702600,0.18,0.18
1614703500,0.18,0.18
1614704400,0.18,0.18
1614705300,0.18,0.18
1614706200,0.18,0.18
1614707100,0.18,0.18
1614708000,0.18,0.18
1614708900,0.18,0.18
1614709800,0.18,0.18
1614710700,0.18,0.18
1614711600,0.18,0.18
1614712500,0.18,0.18
1614713400,0.18,0.18
1614714300,0.18,0.18
1614715200,0.18,0.18
1614716100,0.18,0.18
1614717000,0.18,0.18
1614717900,0.18,0.18
1614718800,0.18,0.18
1614719700,0.18,0.18
1614720600,0.18,0.18
1614721500,0.18,0.18
1614722400,0.18,0.18
1614723300,0.18,0.18
1614724200,0.18,0.18
1614725100,0.18,0.18
1614726000,0.18,0.18
1614726900,0.18,0.18
1614727800,0.18,0.18
1614728700,0.18,0.18
1614729600,0.18,0.18
1614730500,0.18,0.18
1614731400,0.18,0.18
1614732300,0.18,0.18
1614733200,0.18,0.18
1614734100,0.18,0.18
1614735000,0.18,0.18
1614735900,0.18,0.18
1614736800,0.18,0.18
1614737700,0.18,0.18
1614738600,0.18,0.18
1614739500,0.18,0.18
1614740400,0.18,0.18
1614741300,0.18,0.18
1614742200,0.18,0.18
1614743100,0.18,0.18
1614744000,0.18,0.18
1614744900,0.18,0.18
1614745800,0.18,0.18
1614746700,0.18,0.18
1614747600,0.18,0.18
1614748500,0.18,0.18
1614749400,0.18,0.18
1614750300,0.18,0.18
1614751200,0.18,0.18
1614752100,0.18,0.18
1614753000,0.18,0.18
1614753900,0.18,0.18
1614754800,0.18,0.18
1614755700,0.18,0.18
1614756600,0.18,0.18
1614757500,0.18,0.18
1614758400,0.18,0.18
1614759300,0.18,0.18
1614760200,0.18,0.18
1614761100,0.18,0.18
1614762000,0.18,0.18
1614762900,0.18,0.18
1614763800,0.18,0.18
1614764700,0.18,0.18
1614765600,0.18,0.18
1614766500,0.18,0.18
1614767400,0.18,0.18
1614768300,0.18,0.18
1614769200,0.18,0.18
1614770100,0.18,0.18
1614771000,0.18,0.18
1614771900,0.18,0.18
1614772800,0.18,0.18
1614773700,0.18,0.18
1614774600,0.18,0.18
1614775500,0.18,0.18
1614776400,0.18,0.18
1614777300,0.18,0.18
1614778200,0.18,0.18
1614779100,0.18,0.18
1614780000,0.18,0.18
1614780900,0.18,0.18
1614781800,0.18,0.18
1614782700,0.18,0.18
1614783600,0.18,0.18
1614784500,0.18,0.18
1614785400,0.18,0.18
1614786300,0.18,0.18
1614787200,0.18,0.18
1614788100,0.18,0.18
1614789000,0.18,0.18
1614789900,0.18,0.18
1614790800,0.18,0.18
1614791700,0.18,0.18
1614792600,0.18,0.18
1614793500,0.18,0.18
1614794400,0.18,0.18
1614795300,0.18,0.18
1614796200,0.18,0.18
1614797100,0.18,0.18
1614798000,0.18,0.18
1614798900,0.18,0.18
1614799800,0.18,0.18
1614800700,0.18,0.18
1614801600,0.18,0.18
1614802500,0.18,0.18
1614803400,0.18,0.18
1614804300,0.18,0.18
1614805200,0.18,0.18
1614806100,0.18,0.18
1614807000,0.18,0.18
1614807900,0.18,0.18
1614808800,0.18,0.18
1614809700,0.18,0.18
1614810600,0.18,0.18
1614811500,0.18,0.18
1614812400,0.18,0.18
1614813300,0.18,0.18
1614814200,0.18,0.18
1614815100,0.18,0.18
1614816000,0.18,0.18
1614816900,0.18,0.18
1614817800,0.18,0.18
1614818700,0.18,0.18
1614819600,0.18,0.18
1614820500,0.18,0.18
1614821400,0.18,0.18
1614822300,0.18,0.18
1614823200,0.18,0.18
1614824100,0.18,0.18
1614825000,0.18,0.18
1614825900,0.18,0.18
1614826800,0.18,0.18
1614827700,0.18,0.18
1614828600,0.18,0.18
1614829500,0.18,0.18
1614830400,0.18,0.18
1614831300,0.18,0.18
1614832200,0.18,0.18
1614833100,0.18,0.18
1614834000,0.18,0.18
1614834900,0.18,0.18
1614835800,0.18,0.18
1614836700,0.18,0.18
1614837600,0.18,0.18
1614838500,0.18,0.18
1614839400,0.18,0.18
1614840300,0.18,0.18
1614841200,0.18,0.18
1614842100,0.18,0.18
1614843000,0.18,0.18
1614843900,0.18,0.18
1614844800,0.18,0.18
1614845700,0.18,0.18
1614846600,0.18,0.18
1614847500,0.18,0.18
1614848400,0.18,0.18
1614849300,0.18,0.18
1614850200,0.18,0.18
1614851100,0.18,0.18
1614852000,0.18,0.18
1614852900,0.18,0.18
1614853800,0.18,0.18
1614854700,0.18,0.18
1614855600,0.18,0.18
1614856500,0.18,0.18
1614857400,0.18,0.18
1614858300,0.18,0.18
1614859200,0.18,0.18
1614860100,0.18,0.18
1614861000,0.18,0.18
1614861900,0.18,0.18
1614862800,0.18,0.18
1614863700,0.18,0.18
1614864600,0.18,0.18
1614865500,0.18,0.18
1614866400,0.18,0.18
1614867300,0.18,0.18
1614868200,0.18,0.18
1614869100,0.18,0.18
1614870000,0.18,0.18
1614870900,0.18,0.18
1614871800,0.18,0.18
1614872700,0.18,0.18
1614873600,0.18,0.18
1614874500,0.18,0.18
1614875400,0.18,0.18
1614876300,0.18,0.18
1614877200,0.18,0.18
1614878100,0.18,0.18
1614879000,0.18,0.18
1614879900,0.18,0.18
1614880800,0.18,0.18
1614881700,0.18,0.18
1614882600,0.18,0.18
1614883500,0.18,0.18
1614884400,0.18,0.18
1614885300,0.18,0.18
1614886200,0.18,0.18
1614887100,0.18,0.18
1614888000,0.18,0.18
1614888900,0.18,0.18
1614889800,0.18,0.18
1614890700,0.18,0.18
1614891600,0.18,0.18
1614892500,0.18,0.18
1614893400,0.18,0.18
1614894300,0.18,0.18
1614895200,0.18,0.18
1614896100,0.18,0.18
1614897000,0.18,0.18
1614897900,0.18,0.18
1614898800,0.18,0.18
1614899700,0.18,0.18
1614900600,0.18,0.18
1614901500,0.18,0.18
1614902400,0.18,0.18
1614903300,0.18,0.18
1614904200,0.18,0.18
1614905100,0.18,0.18
1614906000,0.18,0.18
1614906900,0.18,0.18
1614907800,0.18,0.18
1614908700,0.18,0.18
1614909600,0.18,0.18
1614910500,0.18,0.18
1614911400,0.18,0.18
1614912300,0.18,0.18
1614913200,0.18,0.18
1614914100,0.18,0.18
1614915000,0.18,0.18
1614915900,0.18,0.18
1614916800,0.18,0.18
1614917700,0.18,0.18
1614918600,0.18,0.18
1614919500,0.18,0.18
1614920400,0.18,0.18
1614921300,0.18,0.18
1614922200,0.18,0.18
1614923100,0.18,0.18
1614924000,0.18,0.18
1614924900,0.18,0.18
1614925800,0.18,0.18
1614926700,0.18,0.18
1614927600,0.18,0.18
1614928500,0.18,0.18
1614929400,0.18,0.18
1614930300,0.18,0.18
1614931200,0.18,0.18
1614932100,0.18,0.18
1614933000,0.18,0.18
1614933900,0.18,0.18
1614934800,0.18,0.18
1614935700,0.18,0.18
1614936600,0.18,0.18
1614937500,0.18,0.18
1614938400,0.18,0.18
1614939300,0.18,0.18
1614940200,0.18,0.18
1614941100,0.18,0.18
1614942000,0.18,0.18
1614942900,0.18,0.18
1614943800,0.18,0.18
1614944700,0.18,0.18
1614945600,0.18,0.18
1614946500,0.18,0.18
1614947400,0.18,0.18
1614948300,0.18,0.18
1614949200,0.18,0.18
1614950100,0.18,0.18
1614951000,0.18,0.18
1614951900,0.18,0.18
1614952800,0.18,0.18
1614953700,0.18,0.18
1614954600,0.18,0.18
1614955500,0.18,0.18
1614956400,0.18,0.18
1614957300,0.18,0.18
1614958200,0.18,0.18
1614959100,0.18,0.18
1614960000,0.18,0.18
1614960900,0.18,0.18
1614961800,0.18,0.18
1614962700,0.18,0.18
1614963600,0.18,0.18
1614964500,0.18,0.18
1614965400,0.18,0.18
1614966300,0.18,0.18
1614967200,0.18,0.18
1614968100,0.18,0.18
1614969000,0.18,0.18
1614969900,0.18,0.18
1614970800,0.18,0.18
1614971700,0.18,0.18
1614972600,0.18,0.18
1614973500,0.18,0.18
1614974400,0.18,0.18
1614975300,0.18,0.18
1614976200,0.18,0.18
1614977100,0.18,0.18
1614978000,0.18,0.18
1614978900,0.18,0.18
1614979800,0.18,0.18
1614980700,0.18,0.18
1614981600,0.18,0.18
1614982500,0.18,0.18
1614983400,0.18,0.18
1614984300,0.18,0.18
1614985200,0.18,0.18
1614986100,0.18,0.18
1614987000,0.18,0.18
1614987900,0.18,0.18
1614988800,0.18,0.18
1614989700,0.18,0.18
1614990600,0.18,0.18
1614991500,0.18,0.18
1614992400,0.18,0.18
1614993300,0.18,0.18
1614994200,0.18,0.18
1614995100,0.18,0.18
1614996000,0.18,0.18
1614996900,0.18,0.18
1614997800,0.18,0.18
1614998700,0.18,0.18
1614999600,0.18,0.18
1615000500,0.18,0.18
1615001400,0.18,0.18
1615002300,0.18,0.18
1615003200,0.18,0.18
1615004100,0.18,0.18
1615005000,0.18,0.18
1615005900,0.18,0.18
1615006800,0.18,0.18
1615007700,0.18,0.18
1615008600,0.18,0.18
1615009500,0.18,0.18
1615010400,0.18,0.18
1615011300,0.18,0.18
1615012200,0.18,0.18
1615013100,0.18,0.18
1615014000,0.18,0.18
1615014900,0.18,0.18
1615015800,0.18,0.18
1615016700,0.18,0.18
1615017600,0.18,0.18
1615018500,0.18,0.18
1615019400,0.18,0.18
1615020300,0.18,0.18
1615021200,0.18,0.18
1615022100,0.18,0.18
1615023000,0.18,0.18
1615023900,0.18,0.18
1615024800,0.18,0.18
1615025700,0.18,0.18
1615026600,0.18,0.18
1615027500,0.18,0.18
1615028400,0.18,0.18
1615029300,0.18,0.18
1615030200,0.18,0.18
1615031100,0.18,0.18
1615032000,0.18,0.18
1615032900,0.18,0.18
1615033800,0.18,0.18
1615034700,0.18,0.18
1615035600,0.18,0.18
1615036500,0.18,0.18
1615037400,0.18,0.18
1615038300,0.18,0.18
1615039200,0.18,0.18
1615040100,0.18,0.18
1615041000,0.18,0.18
1615041900,0.18,0.18
1615042800,0.18,0.18
1615043700,0.18,0.18
1615044600,0.18,0.18
1615045500,0.18,0.18
1615046400,0.18,0.18
1615047300,0.18,0.18
1615048200,0.18,0.18
1615049100,0.18,0.18
1615050000,0.18,0.18
1615050900,0.18,0.18
1615051800,0.18,0.18
1615052700,0.18,0.18
1615053600,0.18,0.18
1615054500,0.18,0.18
1615055400,0.18,0.18
1615056300,0.18,0.18
1615057200,0.18,0.18
1615058100,0.18,0.18
1615059000,0.18,0.18
1615059900,0.18,0.18
1615060800,0.18,0.18
1615061700,0.18,0.18
1615062600,0.18,0.18
1615063500,0.18,0.18
1615064400,0.18,0.18
1615065300,0.18,0.18
1615066200,0.18,0.18
1615067100,0.18,0.18
1615068000,0.18,0.18
1615068900,0.18,0.18
1615069800,0.18,0.18
1615070700,0.18,0.18
1615071600,0.18,0.18
1615072500,0.18,0.18
1615073400,0.18,0.18
1615074300,0.18,0.18
1615075200,0.18,0.18
1615076100,0.18,0.18
1615077000,0.18,0.18
1615077900,0.18,0.18
1615078800,0.18,0.18
1615079700,0.18,0.18
1615080600,0.18,0.18
1615081500,0.18,0.18
1615082400,0.18,0.18
1615083300,0.18,0.18
1615084200,0.18,0.18
1615085100,0.18,0.18
1615086000,0.18,0.18
1615086900,0.18,0.18
1615087800,0.18,0.18
1615088700,0.18,0.18
1615089600,0.18,0.18
1615090500,0.18,0.18
1615091400,0.18,0.18
1615092300,0.18,0.18
1615093200,0.18,0.18
1615094100,0.18,0.18
1615095000,0.18,0.18
1615095900,0.18,0.18
1615096800,0.18,0.18
1615097700,0.18,0.18
1615098600,0.18,0.18
1615099500,0.18,0.18
1615100400,0.18,0.18
1615101300,0.18,0.18
1615102200,0.18,0.18
1615103100,0.18,0.18
1615104000,0.18,0.18
1615104900,0.18,0.18
1615105800,0.18,0.18
1615106700,0.18,0.18
1615107600,0.18,0.18
1615108500,0.18,0.18
1615109400,0.18,0.18
1615110300,0.18,0.18
1615111200,0.18,0.18
1615112100,0.18,0.18
1615113000,0.18,0.18
1615113900,0.18,0.18
1615114800,0.18,0.18
1615115700,0.18,0.18
1615116600,0.18,0.18
1615117500,0.18,0.18
1615118400,0.18,0.18
1615119300,0.18,0.18
1615120200,0.18,0.18
1615121100,0.18,0.18
1615122000,0.18,0.18
1615122900,0.18,0.18
1615123800,0.18,0.18
1615124700,0.18,0.18
1615125600,0.18,0.18
1615126500,0.18,0.18
1615127400,0.18,0.18
1615128300,0.18,0.18
1615129200,0.18,0.18
1615130100,0.18,0.18
1615131000,0.18,0.18
1615131900,0.18,0.18
1615132800,0.18,0.18
1615133700,0.18,0.18
1615134600,0.18,0.18
1615135500,0.18,0.18
1615136400,0.18,0.18
1615137300,0.18,0.18
1615138200,0.18,0.18
1615139100,0.18,0.18
1615140000,0.18,0.18
1615140900,0.18,0.18
1615141800,0.18,0.18
1615142700,0.18,0.18
1615143600,0.18,0.18
1615144500,0.18,0.18
1615145400,0.18,0.18
1615146300,0.18,0.18
1615147200,0.18,0.18
1615148100,0.18,0.18
1615149000,0.18,0.18
1615149900,0.18,0.18
1615150800,0.18,0.18
1615151700,0.18,0.18
1615152600,0.18,0.18
1615153500,0.18,0.18
1615154400,0.18,0.18
1615155300,0.18,0.18
1615156200,0.18,0.18
1615157100,0.18,0.18
1615158000,0.18,0.18
1615158900,0.18,0.18
1615159800,0.18,0.18
1615160700,0.18,0.18
1615161600,0.18,0.18
1615162500,0.18,0.18
1615163400,0.18,0.18
1615164300,0.18,0.18
1615165200,0.18,0.18
1615166100,0.18,0.18
1615167000,0.18,0.18
1615167900,0.18,0.18
1615168800,0.18,0.18
1615169700,0.18,0.18
1615170600,0.18,0.18
1615171500,0.18,0.18
1615172400,0.18,0.18
1615173300,0.18,0.18
1615174200,0.18,0.18
1615175100,0.18,0.18
1615176000,0.18,0.18
1615176900,0.18,0.18
1615177800,0.18,0.18
1615178700,0.18,0.18
1615179600,0.18,0.18
1615180500,0.18,0.18
1615181400,0.18,0.18
1615182300,0.18,0.18
1615183200,0.18,0.18
1615184100,0.18,0.18
1615185000,0.18,0.18
1615185900,0.18,0.18
1615186800,0.18,0.18
1615187700,0.18,0.18
1615188600,0.18,0.18
1615189500,0.18,0.18
1615190400,0.18,0.18
1615191300,0.18,0.18
1615192200,0.18,0.18
1615193100,0.18,0.18
1615194000,0.18,0.18
1615194900,0.18,0.18
1615195800,0.18,0.18
1615196700,0.18,0.18
1615197600,0.18,0.18
1615198500,0.18,0.18
1615199400,0.18,0.18
1615200300,0.18,0.18
1615201200,0.18,0.18
1615202100,0.18,0.18
1615203000,0.18,0.18
1615203900,0.18,0.18
1615204800,0.18,0.18
1615205700,0.18,0.18
1615206600,0.18,0.18
1615207500,0.18,0.18
1615208400,0.18,0.18
1615209300,0.18,0.18
1615210200,0.18,0.18
1615211100,0.18,0.18
1615212000,0.18,0.18
1615212900,0.18,0.18
1615213800,0.18,0.18
1615214700,0.18,0.18
1615215600,0.18,0.18
1615216500,0.18,0.18
1615217400,0.18,0.18
1615218300,0.18,0.18
1615219200,0.18,0.18
1615220100,0.18,0.18
1615221000,0.18,0.18
1615221900,0.18,0.18
1615222800,0.18,0.18
1615223700,0.18,0.18
1615224600,0.18,0.18
1615225500,0.18,0.18
1615226400,0.18,0.18
1615227300,0.18,0.18
1615228200,0.18,0.18
1615229100,0.18,0.18
1615230000,0.18,0.18
1615230900,0.18,0.18
1615231800,0.18,0.18
1615232700,0.18,0.18
1615233600,0.18,0.18
1615234500,0.18,0.18
1615235400,0.18,0.18
1615236300,0.18,0.18
1615237200,0.18,0.18
1615238100,0.18,0.18
1615239000,0.18,0.18
1615239900,0.18,0.18
1615240800,0.18,0.18
1615241700,0.18,0.18
1615242600,0.18,0.18
1615243500,0.18,0.18
1615244400,0.18,0.18
1615245300,0.18,0.18
1615246200,0.18,0.18
1615247100,0.18,0.18
1615248000,0.18,0.18
1615248900,0.18,0.18
1615249800,0.18,0.18
1615250700,0.18,0.18
1615251600,0.18,0.18
1615252500,0.18,0.18
1615253400,0.18,0.18
1615254300,0.18,0.18
1615255200,0.18,0.18
1615256100,0.18,0.18
1615257000,0.18,0.18
1615257900,0.18,0.18
1615258800,0.18,0.18
1615259700,0.18,0.18
1615260600,0.18,0.18
1615261500,0.18,0.18
1615262400,0.18,0.18
1615263300,0.18,0.18
1615264200,0.18,0.18
1615265100,0.18,0.18
1615266000,0.18,0.18
1615266900,0.18,0.18
1615267800,0.18,0.18
1615268700,0.18,0.18
1615269600,0.18,0.18
1615270500,0.18,0.18
1615271400,0.18,0.18
1615272300,0.18,0.18
1615273200,0.18,0.18
1615274100,0.18,0.18
1615275000,0.18,0.18
1615275900,0.18,0.18
1615276800,0.18,0.18
1615277700,0.18,0.18
1615278600,0.18,0.18
1615279500,0.18,0.18
1615280400,0.18,0.18
1615281300,0.18,0.18
1615282200,0.18,0.18
1615283100,0.18,0.18
1615284000,0.18,0.18
1615284900,0.18,0.18
1615285800,0.18,0.18
1615286700,0.18,0.18
1615287600,0.18,0.18
1615288500,0.18,0.18
1615289400,0.18,0.18
1615290300,0.18,0.18
1615291200,0.18,0.18
1615292100,0.18,0.18
1615293000,0.18,0.18
1615293900,0.18,0.18
1615294800,0.18,0.18
1615295700,0.18,0.18
1615296600,0.18,0.18
1615297500,0.18,0.18
1615298400,0.18,0.18
1615299300,0.18,0.18
1615300200,0.18,0.18
1615301100,0.18,0.18
1615302000,0.18,0.18
1615302900,0.18,0.18
1615303800,0.18,0.18
1615304700,0.18,0.18
1615305600,0.18,0.18
1615306500,0.18,0.18
1615307400,0.18,0.18
1615308300,0.18,0.18
1615309200,0.18,0.18
1615310100,0.18,0.18
1615311000,0.18,0.18
1615311900,0.18,0.18
1615312800,0.18,0.18
1615313700,0.18,0.18
1615314600,0.18,0.18
1615315500,0.18,0.18
1615316400,0.18,0.18
1615317300,0.18,0.18
1615318200,0.18,0.18
1615319100,0.18,0.18
1615320000,0.18,0.18
1615320900,0.18,0.18
1615321800,0.18,0.18
1615322700,0.18,0.18
1615323600,0.18,0.18
1615324500,0.18,0.18
1615325400,0.18,0.18
1615326300,0.18,0.18
1615327200,0.18,0.18
1615328100,0.18,0.18
1615329000,0.18,0.18
1615329900,0.18,0.18
1615330800,0.18,0.18
1615331700,0.18,0.18
1615332600,0.18,0.18
1615333500,0.18,0.18
1615334400,0.18,0.18
1615335300,0.18,0.18
1615336200,0.18,0.18
1615337100,0.18,0.18
1615338000,0.18,0.18
1615338900,0.18,0.18
1615339800,0.18,0.18
1615340700,0.18,0.18
1615341600,0.18,0.18
1615342500,0.18,0.18
1615343400,0.18,0.18
1615344300,0.18,0.18
1615345200,0.18,0.18
1615346100,0.18,0.18
1615347000,0.18,0.18
1615347900,0.18,0.18
1615348800,0.18,0.18
1615349700,0.18,0.18
1615350600,0.18,0.18
1615351500,0.18,0.18
1615352400,0.18,0.18
1615353300,0.18,0.18
1615354200,0.18,0.18
1615355100,0.18,0.18
1615356000,0.18,0.18
1615356900,0.18,0.18
1615357800,0.18,0.18
1615358700,0.18,0.18
1615359600,0.18,0.18
1615360500,0.18,0.18
1615361400,0.18,0.18
1615362300,0.18,0.18
1615363200,0.18,0.18
1615364100,0.18,0.18
1615365000,0.18,0.18
1615365900,0.18,0.18
1615366800,0.18,0.18
1615367700,0.18,0.18
1615368600,0.18,0.18
1615369500,0.18,0.18
1615370400,0.18,0.18
1615371300,0.18,0.18
1615372200,0.18,0.18
1615373100,0.18,0.18
1615374000,0.18,0.18
1615374900,0.18,0.18
1615375800,0.18,0.18
1615376700,0.18,0.18
1615377600,0.18,0.18
1615378500,0.18,0.18
1615379400,0.18,0.18
1615380300,0.18,0.18
1615381200,0.18,0.18
1615382100,0.18,0.18
1615383000,0.18,0.18
1615383900,0.18,0.18
1615384800,0.18,0.18
1615385700,0.18,0.18
1615386600,0.18,0.18
1615387500,0.18,0.18
1615388400,0.18,0.18
1615389300,0.18,0.18
1615390200,0.18,0.18
1615391100,0.18,0.18
1615392000,0.18,0.18
1615392900,0.18,0.18
1615393800,0.18,0.18
1615394700,0.18,0.18
1615395600,0.18,0.18
1615396500,0.18,0.18
1615397400,0.18,0.18
1615398300,0.18,0.18
1615399200,0.18,0.18
1615400100,0.18,0.18
1615401000,0.18,0.18
1615401900,0.18,0.18
1615402800,0.18,0.18
1615403700,0.18,0.18
1615404600,0.18,0.18
1615405500,0.18,0.18
1615406400,0.18,0.18
1615407300,0.18,0.18
1615408200,0.18,0.18
1615409100,0.18,0.18
1615410000,0.18,0.18
1615410900,0.18,0.18
1615411800,0.18,0.18
1615412700,0.18,0.18
1615413600,0.18,0.18
1615414500,0.18,0.18
1615415400,0.18,0.18
1615416300,0.18,0.18
1615417200,0.18,0.18
1615418100,0.18,0.18
1615419000,0.18,0.18
1615419900,0.18,0.18
1615420800,0.18,0.18
1615421700,0.18,0.18
1615422600,0.18,0.18
1615423500,0.18,0.18
1615424400,0.18,0.18
1615425300,0.18,0.18
1615426200,0.18,0.18
1615427100,0.18,0.18
1615428000,0.18,0.18
1615428900,0.18,0.18
1615429800,0.18,0.18
1615430700,0.18,0.18
1615431600,0.18,0.18
1615432500,0.18,0.18
1615433400,0.18,0.18
1615434300,0.18,0.18
1615435200,0.18,0.18
1615436100,0.18,0.18
1615437000,0.18,0.18
1615437900,0.18,0.18
1615438800,0.18,0.18
1615439700,0.18,0.18
1615440600,0.18,0.18
1615441500,0.18,0.18
1615442400,0.18,0.18
1615443300,0.18,0.18
1615444200,0.18,0.18
1615445100,0.18,0.18
1615446000,0.18,0.18
1615446900,0.18,0.18
1615447800,0.18,0.18
1615448700,0.18,0.18
1615449600,0.18,0.18
1615450500,0.18,0.18
1615451400,0.18,0.18
1615452300,0.18,0.18
1615453200,0.18,0.18
1615454100,0.18,0.18
1615455000,0.18,0.18
1615455900,0.18,0.18
1615456800,0.18,0.18
1615457700,0.18,0.18
1615458600,0.18,0.18
1615459500,0.18,0.18
1615460400,0.18,0.18
1615461300,0.18,0.18
1615462200,0.18,0.18
1615463100,0.18,0.18
1615464000,0.18,0.18
1615464900,0.18,0.18
1615465800,0.18,0.18
1615466700,0.18,0.18
1615467600,0.18,0.18
1615468500,0.18,0.18
1615469400,0.18,0.18
1615470300,0.18,0.18
1615471200,0.18,0.18
1615472100,0.18,0.18
1615473000,0.18,0.18
1615473900,0.18,0.18
1615474800,0.18,0.18
1615475700,0.18,0.18
1615476600,0.18,0.18
1615477500,0.18,0.18
1615478400,0.18,0.18
1615479300,0.18,0.18
1615480200,0.18,0.18
1615481100,0.18,0.18
1615482000,0.18,0.18
1615482900,0.18,0.18
1615483800,0.18,0.18
1615484700,0.18,0.18
1615485600,0.18,0.18
1615486500,0.18,0.18
1615487400,0.18,0.18
1615488300,0.18,0.18
1615489200,0.18,0.18
1615490100,0.18,0.18
1615491000,0.18,0.18
1615491900,0.18,0.18
1615492800,0.18,0.18
1615493700,0.18,0.18
1615494600,0.18,0.18
1615495500,0.18,0.18
1615496400,0.18,0.18
1615497300,0.18,0.18
1615498200,0.18,0.18
1615499100,0.18,0.18
1615500000,0.18,0.18
1615500900,0.18,0.18
1615501800,0.18,0.18
1615502700,0.18,0.18
1615503600,0.18,0.18
1615504500,0.18,0.18
1615505400,0.18,0.18
1615506300,0.18,0.18
1615507200,0.18,0.18
1615508100,0.18,0.18
1615509000,0.18,0.18
1615509900,0.18,0.18
1615510800,0.18,0.18
1615511700,0.18,0.18
1615512600,0.18,0.18
1615513500,0.18,0.18
1615514400,0.18,0.18
1615515300,0.18,0.18
1615516200,0.18,0.18
1615517100,0.18,0.18
1615518000,0.18,0.18
1615518900,0.18,0.18
1615519800,0.18,0.18
1615520700,0.18,0.18
1615521600,0.18,0.18
1615522500,0.18,0.18
1615523400,0.18,0.18
1615524300,0.18,0.18
1615525200,0.18,0.18
1615526100,0.18,0.18
1615527000,0.18,0.18
1615527900,0.18,0.18
1615528800,0.18,0.18
1615529700,0.18,0.18
1615530600,0.18,0.18
1615531500,0.18,0.18
1615532400,0.18,0.18
1615533300,0.18,0.18
1615534200,0.18,0.18
1615535100,0.18,0.18
1615536000,0.18,0.18
1615536900,0.18,0.18
1615537800,0.18,0.18
1615538700,0.18,0.18
1615539600,0.18,0.18
1615540500,0.18,0.18
1615541400,0.18,0.18
1615542300,0.18,0.18
1615543200,0.18,0.18
1615544100,0.18,0.18
1615545000,0.18,0.18
1615545900,0.18,0.18
1615546800,0.18,0.18
1615547700,0.18,0.18
1615548600,0.18,0.18
1615549500,0.18,0.18
1615550400,0.18,0.18
1615551300,0.18,0.18
1615552200,0.18,0.18
1615553100,0.18,0.18
1615554000,0.18,0.18
1615554900,0.18,0.18
1615555800,0.18,0.18
1615556700,0.18,0.18
1615557600,0.18,0.18
1615558500,0.18,0.18
1615559400,0.18,0.18
1615560300,0.18,0.18
1615561200,0.18,0.18
1615562100,0.18,0.18
1615563000,0.18,0.18
1615563900,0.18,0.18
1615564800,0.18,0.18
1615565700,0.18,0.18
1615566600,0.18,0.18
1615567500,0.18,0.18
1615568400,0.18,0.18
1615569300,0.18,0.18
1615570200,0.18,0.18
1615571100,0.18,0.18
1615572000,0.18,0.18
1615572900,0.18,0.18
1615573800,0.18,0.18
1615574700,0.18,0.18
1615575600,0.18,0.18
1615576500,0.18,0.18
1615577400,0.18,0.18
1615578300,0.18,0.18
1615579200,0.18,0.18
1615580100,0.18,0.18
1615581000,0.18,0.18
1615581900,0.18,0.18
1615582800,0.18,0.18
1615583700,0.18,0.18
1615584600,0.18,0.18
1615585500,0.18,0.18
1615586400,0.18,0.18
1615587300,0.18,0.18
1615588200,0.18,0.18
1615589100,0.18,0.18
1615590000,0.18,0.18
1615590900,0.18,0.18
1615591800,0.18,0.18
1615592700,0.18,0.18
1615593600,0.18,0.18
1615594500,0.18,0.18
1615595400,0.18,0.18
1615596300,0.18,0.18
1615597200,0.18,0.18
1615598100,0.18,0.18
1615599000,0.18,0.18
1615599900,0.18,0.18
1615600800,0.18,0.18
1615601700,0.18,0.18
1615602600,0.18,0.18
1615603500,0.18,0.18
1615604400,0.18,0.18
1615605300,0.18,0.18
1615606200,0.18,0.18
1615607100,0.18,0.18
1615608000,0.18,0.18
1615608900,0.18,0.18
1615609800,0.18,0.18
1615610700,0.18,0.18
1615611600,0.18,0.18
1615612500,0.18,0.18
1615613400,0.18,0.18
1615614300,0.18,0.18
1615615200,0.18,0.18
1615616100,0.18,0.18
1615617000,0.18,0.18
1615617900,0.18,0.18
1615618800,0.18,0.18
1615619700,0.18,0.18
1615620600,0.18,0.18
1615621500,0.18,0.18
1615622400,0.18,0.18
1615623300,0.18,0.18
1615624200,0.18,0.18
1615625100,0.18,0.18
1615626000,0.18,0.18
1615626900,0.18,0.18
1615627800,0.18,0.18
1615628700,0.18,0.18
1615629600,0.18,0.18
1615630500,0.18,0.18
1615631400,0.18,0.18
1615632300,0.18,0.18
1615633200,0.18,0.18
1615634100,0.18,0.18
1615635000,0.18,0.18
1615635900,0.18,0.18
1615636800,0.18,0.18
1615637700,0.18,0.18
1615638600,0.18,0.18
1615639500,0.18,0.18
1615640400,0.18,0.18
1615641300,0.18,0.18
1615642200,0.18,0.18
1615643100,0.18,0.18
1615644000,0.18,0.18
1615644900,0.18,0.18
1615645800,0.18,0.18
1615646700,0.18,0.18
1615647600,0.18,0.18
1615648500,0.18,0.18
1615649400,0.18,0.18
1615650300,0.18,0.18
1615651200,0.18,0.18
1615652100,0.18,0.18
1615653000,0.18,0.18
1615653900,0.18,0.18
1615654800,0.18,0.18
1615655700,0.18,0.18
1615656600,0.18,0.18
1615657500,0.18,0.18
1615658400,0.18,0.18
1615659300,0.18,0.18
1615660200,0.18,0.18
1615661100,0.18,0.18
1615662000,0.18,0.18
1615662900,0.18,0.18
1615663800,0.18,0.18
1615664700,0.18,0.18
1615665600,0.18,0.18
1615666500,0.18,0.18
1615667400,0.18,0.18
1615668300,0.18,0.18
1615669200,0.18,0.18
1615670100,0.18,0.18
1615671000,0.18,0.18
1615671900,0.18,0.18
1615672800,0.18,0.18
1615673700,0.18,0.18
1615674600,0.18,0.18
1615675500,0.18,0.18
1615676400,0.18,0.18
1615677300,0.18,0.18
1615678200,0.18,0.18
1615679100,0.18,0.18
1615680000,0.18,0.18
1615680900,0.18,0.18
1615681800,0.18,0.18
1615682700,0.18,0.18
1615683600,0.18,0.18
1615684500,0.18,0.18
1615685400,0.18,0.18
1615686300,0.18,0.18
1615687200,0.18,0.18
1615688100,0.18,0.18
1615689000,0.18,0.18
1615689900,0.18,0.18
1615690800,0.18,0.18
1615691700,0.18,0.18
1615692600,0.18,0.18
1615693500,0.18,0.18
1615694400,0.18,0.18
1615695300,0.18,0.18
1615696200,0.18,0.18
1615697100,0.18,0.18
1615698000,0.18,0.18
1615698900,0.18,0.18
1615699800,0.18,0.18
1615700700,0.18,0.18
1615701600,0.18,0.18
1615702500,0.18,0.18
1615703400,0.18,0.18
1615704300,0.18,0.18
1615705200,0.18,0.18
1615706100,0.18,0.18
1615707000,0.18,0.18
1615707900,0.18,0.18
1615708800,0.18,0.18
1615709700,0.18,0.18
1615710600,0.18,0.18
1615711500,0.18,0.18
1615712400,0.18,0.18
1615713300,0.18,0.18
1615714200,0.18,0.18
1615715100,0.18,0.18
1615716000,0.18,0.18
1615716900,0.18,0.18
1615717800,0.18,0.18
1615718700,0.18,0.18
1615719600,0.18,0.18
1615720500,0.18,0.18
1615721400,0.18,0.18
1615722300,0.18,0.18
1615723200,0.18,0.18
1615724100,0.18,0.18
1615725000,0.18,0.18
1615725900,0.18,0.18
1615726800,0.18,0.18
1615727700,0.18,0.18
1615728600,0.18,0.18
1615729500,0.18,0.18
1615730400,0.18,0.18
1615731300,0.18,0.18
1615732200,0.18,0.18
1615733100,0.18,0.18
1615734000,0.18,0.18
1615734900,0.18,0.18
1615735800,0.18,0.18
1615736700,0.18,0.18
1615737600,0.18,0.18
1615738500,0.18,0.18
1615739400,0.18,0.18
1615740300,0.18,0.18
1615741200,0.18,0.18
1615742100,0.18,0.18
1615743000,0.18,0.18
1615743900,0.18,0.18
1615744800,0.18,0.18
1615745700,0.18,0.18
1615746600,0.18,0.18
1615747500,0.18,0.18
1615748400,0.18,0.18
1615749300,0.18,0.18
1615750200,0.18,0.18
1615751100,0.18,0.18
1615752000,0.18,0.18
1615752900,0.18,0.18
1615753800,0.18,0.18
1615754700,0.18,0.18
1615755600,0.18,0.18
1615756500,0.18,0.18
1615757400,0.18,0.18
1615758300,0.18,0.18
1615759200,0.18,0.18
1615760100,0.18,0.18
1615761000,0.18,0.18
1615761900,0.18,0.18
1615762800,0.18,0.18
1615763700,0.18,0.18
1615764600,0.18,0.18
1615765500,0.18,0.18
1615766400,0.18,0.18
1615767300,0.18,0.18
1615768200,0.18,0.18
1615769100,0.18,0.18
1615770000,0.18,0.18
1615770900,0.18,0.18
1615771800,0.18,0.18
1615772700,0.18,0.18
1615773600,0.18,0.18
1615774500,0.18,0.18
1615775400,0.18,0.18
1615776300,0.18,0.18
1615777200,0.18,0.18
1615778100,0.18,0.18
1615779000,0.18,0.18
1615779900,0.18,0.18
1615780800,0.18,0.18
1615781700,0.18,0.18
1615782600,0.18,0.18
1615783500,0.18,0.18
1615784400,0.18,0.18
1615785300,0.18,0.18
1615786200,0.18,0.18
1615787100,0.18,0.18
1615788000,0.18,0.18
1615788900,0.18,0.18
1615789800,0.18,0.18
1615790700,0.18,0.18
1615791600,0.18,0.18
1615792500,0.18,0.18
1615793400,0.18,0.18
1615794300,0.18,0.18
1615795200,0.18,0.18
1615796100,0.18,0.18
1615797000,0.18,0.18
1615797900,0.18,0.18
1615798800,0.18,0.18
1615799700,0.18,0.18
1615800600,0.18,0.18
1615801500,0.18,0.18
1615802400,0.18,0.18
1615803300,0.18,0.18
1615804200,0.18,0.18
1615805100,0.18,0.18
1615806000,0.18,0.18
1615806900,0.18,0.18
1615807800,0.18,0.18
1615808700,0.18,0.18
1615809600,0.18,0.18
1615810500,0.18,0.18
1615811400,0.18,0.18
1615812300,0.18,0.18
1615813200,0.18,0.18
1615814100,0.18,0.18
1615815000,0.18,0.18
1615815900,0.18,0.18
1615816800,0.18,0.18
1615817700,0.18,0.18
1615818600,0.18,0.18
1615819500,0.18,0.18
1615820400,0.18,0.18
1615821300,0.18,0.18
1615822200,0.18,0.18
1615823100,0.18,0.18
1615824000,0.18,0.18
1615824900,0.18,0.18
1615825800,0.18,0.18
1615826700,0.18,0.18
1615827600,0.18,0.18
1615828500,0.18,0.18
1615829400,0.18,0.18
1615830300,0.18,0.18
1615831200,0.18,0.18
1615832100,0.18,0.18
1615833000,0.18,0.18
1615833900,0.18,0.18
1615834800,0.18,0.18
1615835700,0.18,0.18
1615836600,0.18,0.18
1615837500,0.18,0.18
1615838400,0.18,0.18
1615839300,0.18,0.18
1615840200,0.18,0.18
1615841100,0.18,0.18
1615842000,0.18,0.18
1615842900,0.18,0.18
1615843800,0.18,0.18
1615844700,0.18,0.18
1615845600,0.18,0.18
1615846500,0.18,0.18
1615847400,0.18,0.18
1615848300,0.18,0.18
1615849200,0.18,0.18
1615850100,0.18,0.18
1615851000,0.18,0.18
1615851900,0.18,0.18
1615852800,0.18,0.18
1615853700,0.18,0.18
1615854600,0.18,0.18
1615855500,0.18,0.18
1615856400,0.18,0.18
1615857300,0.18,0.18
1615858200,0.18,0.18
1615859100,0.18,0.18
1615860000,0.18,0.18
1615860900,0.18,0.18
1615861800,0.18,0.18
1615862700,0.18,0.18
1615863600,0.18,0.18
1615864500,0.18,0.18
1615865400,0.18,0.18
1615866300,0.18,0.18
1615867200,0.18,0.18
1615868100,0.18,0.18
1615869000,0.18,0.18
1615869900,0.18,0.18
1615870800,0.18,0.18
1615871700,0.18,0.18
1615872600,0.18,0.18
1615873500,0.18,0.18
1615874400,0.18,0.18
1615875300,0.18,0.18
1615876200,0.18,0.18
1615877100,0.18,0.18
1615878000,0.18,0.18
1615878900,0.18,0.18
1615879800,0.18,0.18
1615880700,0.18,0.18
1615881600,0.18,0.18
1615882500,0.18,0.18
1615883400,0.18,0.18
1615884300,0.18,0.18
1615885200,0.18,0.18
1615886100,0.18,0.18
1615887000,0.18,0.18
1615887900,0.18,0.18
1615888800,0.18,0.18
1615889700,0.18,0.18
1615890600,0.18,0.18
1615891500,0.18,0.18
1615892400,0.18,0.18
1615893300,0.18,0.18
1615894200,0.18,0.18
1615895100,0.18,0.18
1615896000,0.18,0.18
1615896900,0.18,0.18
1615897800,0.18,0.18
1615898700,0.18,0.18
1615899600,0.18,0.18
1615900500,0.18,0.18
1615901400,0.18,0.18
1615902300,0.18,0.18
1615903200,0.18,0.18
1615904100,0.18,0.18
1615905000,0.18,0.18
1615905900,0.18,0.18
1615906800,0.18,0.18
1615907700,0.18,0.18
1615908600,0.18,0.18
1615909500,0.18,0.18
1615910400,0.18,0.18
1615911300,0.18,0.18
1615912200,0.18,0.18
1615913100,0.18,0.18
1615914000,0.18,0.18
1615914900,0.18,0.18
1615915800,0.18,0.18
1615916700,0.18,0.18
1615917600,0.18,0.18
1615918500,0.18,0.18
1615919400,0.18,0.18
1615920300,0.18,0.18
1615921200,0.18,0.18
1615922100,0.18,0.18
1615923000,0.18,0.18
1615923900,0.18,0.18
1615924800,0.18,0.18
1615925700,0.18,0.18
1615926600,0.18,0.18
1615927500,0.18,0.18
1615928400,0.18,0.18
1615929300,0.18,0.18
1615930200,0.18,0.18
1615931100,0.18,0.18
1615932000,0.18,0.18
1615932900,0.18,0.18
1615933800,0.18,0.18
1615934700,0.18,0.18
1615935600,0.18,0.18
1615936500,0.18,0.18
1615937400,0.18,0.18
1615938300,0.18,0.18
1615939200,0.18,0.18
1615940100,0.18,0.18
1615941000,0.18,0.18
1615941900,0.18,0.18
1615942800,0.18,0.18
1615943700,0.18,0.18
1615944600,0.18,0.18
1615945500,0.18,0.18
1615946400,0.18,0.18
1615947300,0.18,0.18
1615948200,0.18,0.18
1615949100,0.18,0.18
1615950000,0.18,0.18
1615950900,0.18,0.18
1615951800,0.18,0.18
1615952700,0.18,0.18
1615953600,0.18,0.18
1615954500,0.18,0.18
1615955400,0.18,0.18
1615956300,0.18,0.18
1615957200,0.18,0.18
1615958100,0.18,0.18
1615959000,0.18,0.18
1615959900,0.18,0.18
1615960800,0.18,0.18
1615961700,0.18,0.18
1615962600,0.18,0.18
1615963500,0.18,0.18
1615964400,0.18,0.18
1615965300,0.18,0.18
1615966200,0.18,0.18
1615967100,0.18,0.18
1615968000,0.18,0.18
1615968900,0.18,0.18
1615969800,0.18,0.18
1615970700,0.18,0.18
1615971600,0.18,0.18
1615972500,0.18,0.18
1615973400,0.18,0.18
1615974300,0.18,0.18
1615975200,0.18,0.18
1615976100,0.18,0.18
1615977000,0.18,0.18
1615977900,0.18,0.18
1615978800,0.18,0.18
1615979700,0.18,0.18
1615980600,0.18,0.18
1615981500,0.18,0.18
1615982400,0.18,0.18
1615983300,0.18,0.18
1615984200,0.18,0.18
1615985100,0.18,0.18
1615986000,0.18,0.18
1615986900,0.18,0.18
1615987800,0.18,0.18
1615988700,0.18,0.18
1615989600,0.18,0.18
1615990500,0.18,0.18
1615991400,0.18,0.18
1615992300,0.18,0.18
1615993200,0.18,0.18
1615994100,0.18,0.18
1615995000,0.18,0.18
1615995900,0.18,0.18
1615996800,0.18,0.18
1615997700,0.18,0.18
1615998600,0.18,0.18
1615999500,0.18,0.18
1616000400,0.18,0.18
1616001300,0.18,0.18
1616002200,0.18,0.18
1616003100,0.18,0.18
1616004000,0.18,0.18
1616004900,0.18,0.18
1616005800,0.18,0.18
1616006700,0.18,0.18
1616007600,0.18,0.18
1616008500,0.18,0.18
1616009400,0.18,0.18
1616010300,0.18,0.18
1616011200,0.18,0.18
1616012100,0.18,0.18
1616013000,0.18,0.18
1616013900,0.18,0.18
1616014800,0.18,0.18
1616015700,0.18,0.18
1616016600,0.18,0.18
1616017500,0.18,0.18
1616018400,0.18,0.18
1616019300,0.18,0.18
1616020200,0.18,0.18
1616021100,0.18,0.18
1616022000,0.18,0.18
1616022900,0.18,0.18
1616023800,0.18,0.18
1616024700,0.18,0.18
1616025600,0.18,0.18
1616026500,0.18,0.18
1616027400,0.18,0.18
1616028300,0.18,0.18
1616029200,0.18,0.18
1616030100,0.18,0.18
1616031000,0.18,0.18
1616031900,0.18,0.18
1616032800,0.18,0.18
1616033700,0.18,0.18
1616034600,0.18,0.18
1616035500,0.18,0.18
1616036400,0.18,0.18
1616037300,0.18,0.18
1616038200,0.18,0.18
1616039100,0.18,0.18
1616040000,0.18,0.18
1616040900,0.18,0.18
1616041800,0.18,0.18
1616042700,0.18,0.18
1616043600,0.18,0.18
1616044500,0.18,0.18
1616045400,0.18,0.18
1616046300,0.18,0.18
1616047200,0.18,0.18
1616048100,0.18,0.18
1616049000,0.18,0.18
1616049900,0.18,0.18
1616050800,0.18,0.18
1616051700,0.18,0.18
1616052600,0.18,0.18
1616053500,0.18,0.18
1616054400,0.18,0.18
1616055300,0.18,0.18
1616056200,0.18,0.18
1616057100,0.18,0.18
1616058000,0.18,0.18
1616058900,0.18,0.18
1616059800,0.18,0.18
1616060700,0.18,0.18
1616061600,0.18,0.18
1616062500,0.18,0.18
1616063400,0.18,0.18
1616064300,0.18,0.18
1616065200,0.18,0.18
1616066100,0.18,0.18
1616067000,0.18,0.18
1616067900,0.18,0.18
1616068800,0.18,0.18
1616069700,0.18,0.18
1616070600,0.18,0.18
1616071500,0.18,0.18
1616072400,0.18,0.18
1616073300,0.18,0.18
1616074200,0.18,0.18
1616075100,0.18,0.18
1616076000,0.18,0.18
1616076900,0.18,0.18
1616077800,0.18,0.18
1616078700,0.18,0.18
1616079600,0.18,0.18
1616080500,0.18,0.18
1616081400,0.18,0.18
1616082300,0.18,0.18
1616083200,0.18,0.18
1616084100,0.18,0.18
1616085000,0.18,0.18
1616085900,0.18,0.18
1616086800,0.18,0.18
1616087700,0.18,0.18
1616088600,0.18,0.18
1616089500,0.18,0.18
1616090400,0.18,0.18
1616091300,0.18,0.18
1616092200,0.18,0.18
1616093100,0.18,0.18
1616094000,0.18,0.18
1616094900,0.18,0.18
1616095800,0.18,0.18
1616096700,0.18,0.18
1616097600,0.18,0.18
1616098500,0.18,0.18
1616099400,0.18,0.18
1616100300,0.18,0.18
1616101200,0.18,0.18
1616102100,0.18,0.18
1616103000,0.18,0.18
1616103900,0.18,0.18
1616104800,0.18,0.18
1616105700,0.18,0.18
1616106600,0.18,0.18
1616107500,0.18,0.18
1616108400,0.18,0.18
1616109300,0.18,0.18
1616110200,0.18,0.18
1616111100,0.18,0.18
1616112000,0.18,0.18
1616112900,0.18,0.18
1616113800,0.18,0.18
1616114700,0.18,0.18
1616115600,0.18,0.18
1616116500,0.18,0.18
1616117400,0.18,0.18
1616118300,0.18,0.18
1616119200,0.18,0.18
1616120100,0.18,0.18
1616121000,0.18,0.18
1616121900,0.18,0.18
1616122800,0.18,0.18
1616123700,0.18,0.18
1616124600,0.18,0.18
1616125500,0.18,0.18
1616126400,0.18,0.18
1616127300,0.18,0.18
1616128200,0.18,0.18
1616129100,0.18,0.18
1616130000,0.18,0.18
1616130900,0.18,0.18
1616131800,0.18,0.18
1616132700,0.18,0.18
1616133600,0.18,0.18
1616134500,0.18,0.18
1616135400,0.18,0.18
1616136300,0.18,0.18
1616137200,0.18,0.18
1616138100,0.18,0.18
1616139000,0.18,0.18
1616139900,0.18,0.18
1616140800,0.18,0.18
1616141700,0.18,0.18
1616142600,0.18,0.18
1616143500,0.18,0.18
1616144400,0.18,0.18
1616145300,0.18,0.18
1616146200,0.18,0.18
1616147100,0.18,0.18
1616148000,0.18,0.18
1616148900,0.18,0.18
1616149800,0.18,0.18
1616150700,0.18,0.18
1616151600,0.18,0.18
1616152500,0.18,0.18
1616153400,0.18,0.18
1616154300,0.18,0.18
1616155200,0.18,0.18
1616156100,0.18,0.18
1616157000,0.18,0.18
1616157900,0.18,0.18
1616158800,0.18,0.18
1616159700,0.18,0.18
1616160600,0.18,0.18
1616161500,0.18,0.18
1616162400,0.18,0.18
1616163300,0.18,0.18
1616164200,0.18,0.18
1616165100,0.18,0.18
1616166000,0.18,0.18
1616166900,0.18,0.18
1616167800,0.18,0.18
1616168700,0.18,0.18
1616169600,0.18,0.18
1616170500,0.18,0.18
1616171400,0.18,0.18
1616172300,0.18,0.18
1616173200,0.18,0.18
1616174100,0.18,0.18
1616175000,0.18,0.18
1616175900,0.18,0.18
1616176800,0.18,0.18
1616177700,0.18,0.18
1616178600,0.18,0.18
1616179500,0.18,0.18
1616180400,0.18,0.18
1616181300,0.18,0.18
1616182200,0.18,0.18
1616183100,0.18,0.18
1616184000,0.18,0.18
1616184900,0.18,0.18
1616185800,0.18,0.18
1616186700,0.18,0.18
1616187600,0.18,0.18
1616188500,0.18,0.18
1616189400,0.18,0.18
1616190300,0.18,0.18
1616191200,0.18,0.18
1616192100,0.18,0.18
1616193000,0.18,0.18
1616193900,0.18,0.18
1616194800,0.18,0.18
1616195700,0.18,0.18
1616196600,0.18,0.18
1616197500,0.18,0.18
1616198400,0.18,0.18
1616199300,0.18,0.18
1616200200,0.18,0.18
1616201100,0.18,0.18
1616202000,0.18,0.18
1616202900,0.18,0.18
1616203800,0.18,0.18
1616204700,0.18,0.18
1616205600,0.18,0.18
1616206500,0.18,0.18
1616207400,0.18,0.18
1616208300,0.18,0.18
1616209200,0.18,0.18
1616210100,0.18,0.18
1616211000,0.18,0.18
1616211900,0.18,0.18
1616212800,0.18,0.18
1616213700,0.18,0.18
1616214600,0.18,0.18
1616215500,0.18,0.18
1616216400,0.18,0.18
1616217300,0.18,0.18
1616218200,0.18,0.18
1616219100,0.18,0.18
1616220000,0.18,0.18
1616220900,0.18,0.18
1616221800,0.18,0.18
1616222700,0.18,0.18
1616223600,0.18,0.18
1616224500,0.18,0.18
1616225400,0.18,0.18
1616226300,0.18,0.18
1616227200,0.18,0.18
1616228100,0.18,0.18
1616229000,0.18,0.18
1616229900,0.18,0.18
1616230800,0.18,0.18
1616231700,0.18,0.18
1616232600,0.18,0.18
1616233500,0.18,0.18
1616234400,0.18,0.18
1616235300,0.18,0.18
1616236200,0.18,0.18
1616237100,0.18,0.18
1616238000,0.18,0.18
1616238900,0.18,0.18
1616239800,0.18,0.18
1616240700,0.18,0.18
1616241600,0.18,0.18
1616242500,0.18,0.18
1616243400,0.18,0.18
1616244300,0.18,0.18
1616245200,0.18,0.18
1616246100,0.18,0.18
1616247000,0.18,0.18
1616247900,0.18,0.18
1616248800,0.18,0.18
1616249700,0.18,0.18
1616250600,0.18,0.18
1616251500,0.18,0.18
1616252400,0.18,0.18
1616253300,0.18,0.18
1616254200,0.18,0.18
1616255100,0.18,0.18
1616256000,0.18,0.18
1616256900,0.18,0.18
1616257800,0.18,0.18
1616258700,0.18,0.18
1616259600,0.18,0.18
1616260500,0.18,0.18
1616261400,0.18,0.18
1616262300,0.18,0.18
1616263200,0.18,0.18
1616264100,0.18,0.18
1616265000,0.18,0.18
1616265900,0.18,0.18
1616266800,0.18,0.18
1616267700,0.18,0.18
1616268600,0.18,0.18
1616269500,0.18,0.18
1616270400,0.18,0.18
1616271300,0.18,0.18
1616272200,0.18,0.18
1616273100,0.18,0.18
1616274000,0.18,0.18
1616274900,0.18,0.18
1616275800,0.18,0.18
1616276700,0.18,0.18
1616277600,0.18,0.18
1616278500,0.18,0.18
1616279400,0.18,0.18
1616280300,0.18,0.18
1616281200,0.18,0.18
1616282100,0.18,0.18
1616283000,0.18,0.18
1616283900,0.18,0.18
1616284800,0.18,0.18
1616285700,0.18,0.18
1616286600,0.18,0.18
1616287500,0.18,0.18
1616288400,0.18,0.18
1616289300,0.18,0.18
1616290200,0.18,0.18
1616291100,0.18,0.18
1616292000,0.18,0.18
1616292900,0.18,0.18
1616293800,0.18,0.18
1616294700,0.18,0.18
1616295600,0.18,0.18
1616296500,0.18,0.18
1616297400,0.18,0.18
1616298300,0.18,0.18
1616299200,0.18,0.18
1616300100,0.18,0.18
1616301000,0.18,0.18
1616301900,0.18,0.18
1616302800,0.18,0.18
1616303700,0.18,0.18
1616304600,0.18,0.18
1616305500,0.18,0.18
1616306400,0.18,0.18
1616307300,0.18,0.18
1616308200,0.18,0.18
1616309100,0.18,0.18
1616310000,0.18,0.18
1616310900,0.18,0.18
1616311800,0.18,0.18
1616312700,0.18,0.18
1616313600,0.18,0.18
1616314500,0.18,0.18
1616315400,0.18,0.18
1616316300,0.18,0.18
1616317200,0.18,0.18
1616318100,0.18,0.18
1616319000,0.18,0.18
1616319900,0.18,0.18
1616320800,0.18,0.18
1616321700,0.18,0.18
1616322600,0.18,0.18
1616323500,0.18,0.18
1616324400,0.18,0.18
1616325300,0.18,0.18
1616326200,0.18,0.18
1616327100,0.18,0.18
1616328000,0.18,0.18
1616328900,0.18,0.18
1616329800,0.18,0.18
1616330700,0.18,0.18
1616331600,0.18,0.18
1616332500,0.18,0.18
1616333400,0.18,0.18
1616334300,0.18,0.18
1616335200,0.18,0.18
1616336100,0.18,0.18
1616337000,0.18,0.18
1616337900,0.18,0.18
1616338800,0.18,0.18
1616339700,0.18,0.18
1616340600,0.18,0.18
1616341500,0.18,0.18
1616342400,0.18,0.18
1616343300,0.18,0.18
1616344200,0.18,0.18
1616345100,0.18,0.18
1616346000,0.18,0.18
1616346900,0.18,0.18
1616347800,0.18,0.18
1616348700,0.18,0.18
1616349600,0.18,0.18
1616350500,0.18,0.18
1616351400,0.18,0.18
1616352300,0.18,0.18
1616353200,0.18,0.18
1616354100,0.18,0.18
1616355000,0.18,0.18
1616355900,0.18,0.18
1616356800,0.18,0.18
1616357700,0.18,0.18
1616358600,0.18,0.18
1616359500,0.18,0.18
1616360400,0.18,0.18
1616361300,0.18,0.18
1616362200,0.18,0.18
1616363100,0.18,0.18
1616364000,0.18,0.18
1616364900,0.18,0.18
1616365800,0.18,0.18
1616366700,0.18,0.18
1616367600,0.18,0.18
1616368500,0.18,0.18
1616369400,0.18,0.18
1616370300,0.18,0.18
1616371200,0.18,0.18
1616372100,0.18,0.18
1616373000,0.18,0.18
1616373900,0.18,0.18
1616374800,0.18,0.18
1616375700,0.18,0.18
1616376600,0.18,0.18
1616377500,0.18,0.18
1616378400,0.18,0.18
1616379300,0.18,0.18
1616380200,0.18,0.18
1616381100,0.18,0.18
1616382000,0.18,0.18
1616382900,0.18,0.18
1616383800,0.18,0.18
1616384700,0.18,0.18
1616385600,0.18,0.18
1616386500,0.18,0.18
1616387400,0.18,0.18
1616388300,0.18,0.18
1616389200,0.18,0.18
1616390100,0.18,0.18
1616391000,0.18,0.18
1616391900,0.18,0.18
1616392800,0.18,0.18
1616393700,0.18,0.18
1616394600,0.18,0.18
1616395500,0.18,0.18
1616396400,0.18,0.18
1616397300,0.18,0.18
1616398200,0.18,0.18
1616399100,0.18,0.18
1616400000,0.18,0.18
1616400900,0.18,0.18
1616401800,0.18,0.18
1616402700,0.18,0.18
1616403600,0.18,0.18
1616404500,0.18,0.18
1616405400,0.18,0.18
1616406300,0.18,0.18
1616407200,0.18,0.18
1616408100,0.18,0.18
1616409000,0.18,0.18
1616409900,0.18,0.18
1616410800,0.18,0.18
1616411700,0.18,0.18
1616412600,0.18,0.18
1616413500,0.18,0.18
1616414400,0.18,0.18
1616415300,0.18,0.18
1616416200,0.18,0.18
1616417100,0.18,0.18
1616418000,0.18,0.18
1616418900,0.18,0.18
1616419800,0.18,0.18
1616420700,0.18,0.18
1616421600,0.18,0.18
1616422500,0.18,0.18
1616423400,0.18,0.18
1616424300,0.18,0.18
1616425200,0.18,0.18
1616426100,0.18,0.18
1616427000,0.18,0.18
1616427900,0.18,0.18
1616428800,0.18,0.18
1616429700,0.18,0.18
1616430600,0.18,0.18
1616431500,0.18,0.18
1616432400,0.18,0.18
1616433300,0.18,0.18
1616434200,0.18,0.18
1616435100,0.18,0.18
1616436000,0.18,0.18
1616436900,0.18,0.18
1616437800,0.18,0.18
1616438700,0.18,0.18
1616439600,0.18,0.18
1616440500,0.18,0.18
1616441400,0.18,0.18
1616442300,0.18,0.18
1616443200,0.18,0.18
1616444100,0.18,0.18
1616445000,0.18,0.18
1616445900,0.18,0.18
1616446800,0.18,0.18
1616447700,0.18,0.18
1616448600,0.18,0.18
1616449500,0.18,0.18
1616450400,0.18,0.18
1616451300,0.18,0.18
1616452200,0.18,0.18
1616453100,0.18,0.18
1616454000,0.18,0.18
1616454900,0.18,0.18
1616455800,0.18,0.18
1616456700,0.18,0.18
1616457600,0.18,0.18
1616458500,0.18,0.18
1616459400,0.18,0.18
1616460300,0.18,0.18
1616461200,0.18,0.18
1616462100,0.18,0.18
1616463000,0.18,0.18
1616463900,0.18,0.18
1616464800,0.18,0.18
1616465700,0.18,0.18
1616466600,0.18,0.18
1616467500,0.18,0.18
1616468400,0.18,0.18
1616469300,0.18,0.18
1616470200,0.18,0.18
1616471100,0.18,0.18
1616472000,0.18,0.18
1616472900,0.18,0.18
1616473800,0.18,0.18
1616474700,0.18,0.18
1616475600,0.18,0.18
1616476500,0.18,0.18
1616477400,0.18,0.18
1616478300,0.18,0.18
1616479200,0.18,0.18
1616480100,0.18,0.18
1616481000,0.18,0.18
1616481900,0.18,0.18
1616482800,0.18,0.18
1616483700,0.18,0.18
1616484600,0.18,0.18
1616485500,0.18,0.18
1616486400,0.18,0.18
1616487300,0.18,0.18
1616488200,0.18,0.18
1616489100,0.18,0.18
1616490000,0.18,0.18
1616490900,0.18,0.18
1616491800,0.18,0.18
1616492700,0.18,0.18
1616493600,0.18,0.18
1616494500,0.18,0.18
1616495400,0.18,0.18
1616496300,0.18,0.18
1616497200,0.18,0.18
1616498100,0.18,0.18
1616499000,0.18,0.18
1616499900,0.18,0.18
1616500800,0.18,0.18
1616501700,0.18,0.18
1616502600,0.18,0.18
1616503500,0.18,0.18
1616504400,0.18,0.18
1616505300,0.18,0.18
1616506200,0.18,0.18
1616507100,0.18,0.18
1616508000,0.18,0.18
1616508900,0.18,0.18
1616509800,0.18,0.18
1616510700,0.18,0.18
1616511600,0.18,0.18
1616512500,0.18,0.18
1616513400,0.18,0.18
1616514300,0.18,0.18
1616515200,0.18,0.18
1616516100,0.18,0.18
1616517000,0.18,0.18
1616517900,0.18,0.18
1616518800,0.18,0.18
1616519700,0.18,0.18
1616520600,0.18,0.18
1616521500,0.18,0.18
1616522400,0.18,0.18
1616523300,0.18,0.18
1616524200,0.18,0.18
1616525100,0.18,0.18
1616526000,0.18,0.18
1616526900,0.18,0.18
1616527800,0.18,0.18
1616528700,0.18,0.18
1616529600,0.18,0.18
1616530500,0.18,0.18
1616531400,0.18,0.18
1616532300,0.18,0.18
1616533200,0.18,0.18
1616534100,0.18,0.18
1616535000,0.18,0.18
1616535900,0.18,0.18
1616536800,0.18,0.18
1616537700,0.18,0.18
1616538600,0.18,0.18
1616539500,0.18,0.18
1616540400,0.18,0.18
1616541300,0.18,0.18
1616542200,0.18,0.18
1616543100,0.18,0.18
1616544000,0.18,0.18
1616544900,0.18,0.18
1616545800,0.18,0.18
1616546700,0.18,0.18
1616547600,0.18,0.18
1616548500,0.18,0.18
1616549400,0.18,0.18
1616550300,0.18,0.18
1616551200,0.18,0.18
1616552100,0.18,0.18
1616553000,0.18,0.18
1616553900,0.18,0.18
1616554800,0.18,0.18
1616555700,0.18,0.18
1616556600,0.18,0.18
1616557500,0.18,0.18
1616558400,0.18,0.18
1616559300,0.18,0.18
1616560200,0.18,0.18
1616561100,0.18,0.18
1616562000,0.18,0.18
1616562900,0.18,0.18
1616563800,0.18,0.18
1616564700,0.18,0.18
1616565600,0.18,0.18
1616566500,0.18,0.18
1616567400,0.18,0.18
1616568300,0.18,0.18
1616569200,0.18,0.18
1616570100,0.18,0.18
1616571000,0.18,0.18
1616571900,0.18,0.18
1616572800,0.18,0.18
1616573700,0.18,0.18
1616574600,0.18,0.18
1616575500,0.18,0.18
1616576400,0.18,0.18
1616577300,0.18,0.18
1616578200,0.18,0.18
1616579100,0.18,0.18
1616580000,0.18,0.18
1616580900,0.18,0.18
1616581800,0.18,0.18
1616582700,0.18,0.18
1616583600,0.18,0.18
1616584500,0.18,0.18
1616585400,0.18,0.18
1616586300,0.18,0.18
1616587200,0.18,0.18
1616588100,0.18,0.18
1616589000,0.18,0.18
1616589900,0.18,0.18
1616590800,0.18,0.18
1616591700,0.18,0.18
1616592600,0.18,0.18
1616593500,0.18,0.18
1616594400,0.18,0.18
1616595300,0.18,0.18
1616596200,0.18,0.18
1616597100,0.18,0.18
1616598000,0.18,0.18
1616598900,0.18,0.18
1616599800,0.18,0.18
1616600700,0.18,0.18
1616601600,0.18,0.18
1616602500,0.18,0.18
1616603400,0.18,0.18
1616604300,0.18,0.18
1616605200,0.18,0.18
1616606100,0.18,0.18
1616607000,0.18,0.18
1616607900,0.18,0.18
1616608800,0.18,0.18
1616609700,0.18,0.18
1616610600,0.18,0.18
1616611500,0.18,0.18
1616612400,0.18,0.18
1616613300,0.18,0.18
1616614200,0.18,0.18
1616615100,0.18,0.18
1616616000,0.18,0.18
1616616900,0.18,0.18
1616617800,0.18,0.18
1616618700,0.18,0.18
1616619600,0.18,0.18
1616620500,0.18,0.18
1616621400,0.18,0.18
1616622300,0.18,0.18
1616623200,0.18,0.18
1616624100,0.18,0.18
1616625000,0.18,0.18
1616625900,0.18,0.18
1616626800,0.18,0.18
1616627700,0.18,0.18
1616628600,0.18,0.18
1616629500,0.18,0.18
1616630400,0.18,0.18
1616631300,0.18,0.18
1616632200,0.18,0.18
1616633100,0.18,0.18
1616634000,0.18,0.18
1616634900,0.18,0.18
1616635800,0.18,0.18
1616636700,0.18,0.18
1616637600,0.18,0.18
1616638500,0.18,0.18
1616639400,0.18,0.18
1616640300,0.18,0.18
1616641200,0.18,0.18
1616642100,0.18,0.18
1616643000,0.18,0.18
1616643900,0.18,0.18
1616644800,0.18,0.18
1616645700,0.18,0.18
1616646600,0.18,0.18
1616647500,0.18,0.18
1616648400,0.18,0.18
1616649300,0.18,0.18
1616650200,0.18,0.18
1616651100,0.18,0.18
1616652000,0.18,0.18
1616652900,0.18,0.18
1616653800,0.18,0.18
1616654700,0.18,0.18
1616655600,0.18,0.18
1616656500,0.18,0.18
1616657400,0.18,0.18
1616658300,0.18,0.18
1616659200,0.18,0.18
1616660100,0.18,0.18
1616661000,0.18,0.18
1616661900,0.18,0.18
1616662800,0.18,0.18
1616663700,0.18,0.18
1616664600,0.18,0.18
1616665500,0.18,0.18
1616666400,0.18,0.18
1616667300,0.18,0.18
1616668200,0.18,0.18
1616669100,0.18,0.18
1616670000,0.18,0.18
1616670900,0.18,0.18
1616671800,0.18,0.18
1616672700,0.18,0.18
1616673600,0.18,0.18
1616674500,0.18,0.18
1616675400,0.18,0.18
1616676300,0.18,0.18
1616677200,0.18,0.18
1616678100,0.18,0.18
1616679000,0.18,0.18
1616679900,0.18,0.18
1616680800,0.18,0.18
1616681700,0.18,0.18
1616682600,0.18,0.18
1616683500,0.18,0.18
1616684400,0.18,0.18
1616685300,0.18,0.18
1616686200,0.18,0.18
1616687100,0.18,0.18
1616688000,0.18,0.18
1616688900,0.18,0.18
1616689800,0.18,0.18
1616690700,0.18,0.18
1616691600,0.18,0.18
1616692500,0.18,0.18
1616693400,0.18,0.18
1616694300,0.18,0.18
1616695200,0.18,0.18
1616696100,0.18,0.18
1616697000,0.18,0.18
1616697900,0.18,0.18
1616698800,0.18,0.18
1616699700,0.18,0.18
1616700600,0.18,0.18
1616701500,0.18,0.18
1616702400,0.18,0.18
1616703300,0.18,0.18
1616704200,0.18,0.18
1616705100,0.18,0.18
1616706000,0.18,0.18
1616706900,0.18,0.18
1616707800,0.18,0.18
1616708700,0.18,0.18
1616709600,0.18,0.18
1616710500,0.18,0.18
1616711400,0.18,0.18
1616712300,0.18,0.18
1616713200,0.18,0.18
1616714100,0.18,0.18
1616715000,0.18,0.18
1616715900,0.18,0.18
1616716800,0.18,0.18
1616717700,0.18,0.18
1616718600,0.18,0.18
1616719500,0.18,0.18
1616720400,0.18,0.18
1616721300,0.18,0.18
1616722200,0.18,0.18
1616723100,0.18,0.18
1616724000,0.18,0.18
1616724900,0.18,0.18
1616725800,0.18,0.18
1616726700,0.18,0.18
1616727600,0.18,0.18
1616728500,0.18,0.18
1616729400,0.18,0.18
1616730300,0.18,0.18
1616731200,0.18,0.18
1616732100,0.18,0.18
1616733000,0.18,0.18
1616733900,0.18,0.18
1616734800,0.18,0.18
1616735700,0.18,0.18
1616736600,0.18,0.18
1616737500,0.18,0.18
1616738400,0.18,0.18
1616739300,0.18,0.18
1616740200,0.18,0.18
1616741100,0.18,0.18
1616742000,0.18,0.18
1616742900,0.18,0.18
1616743800,0.18,0.18
1616744700,0.18,0.18
1616745600,0.18,0.18
1616746500,0.18,0.18
1616747400,0.18,0.18
1616748300,0.18,0.18
1616749200,0.18,0.18
1616750100,0.18,0.18
1616751000,0.18,0.18
1616751900,0.18,0.18
1616752800,0.18,0.18
1616753700,0.18,0.18
1616754600,0.18,0.18
1616755500,0.18,0.18
1616756400,0.18,0.18
1616757300,0.18,0.18
1616758200,0.18,0.18
1616759100,0.18,0.18
1616760000,0.18,0.18
1616760900,0.18,0.18
1616761800,0.18,0.18
1616762700,0.18,0.18
1616763600,0.18,0.18
1616764500,0.18,0.18
1616765400,0.18,0.18
1616766300,0.18,0.18
1616767200,0.18,0.18
1616768100,0.18,0.18
1616769000,0.18,0.18
1616769900,0.18,0.18
1616770800,0.18,0.18
1616771700,0.18,0.18
1616772600,0.18,0.18
1616773500,0.18,0.18
1616774400,0.18,0.18
1616775300,0.18,0.18
1616776200,0.18,0.18
1616777100,0.18,0.18
1616778000,0.18,0.18
1616778900,0.18,0.18
1616779800,0.18,0.18
1616780700,0.18,0.18
1616781600,0.18,0.18
1616782500,0.18,0.18
1616783400,0.18,0.18
1616784300,0.18,0.18
1616785200,0.18,0.18
1616786100,0.18,0.18
1616787000,0.18,0.18
1616787900,0.18,0.18
1616788800,0.18,0.18
1616789700,0.18,0.18
1616790600,0.18,0.18
1616791500,0.18,0.18
1616792400,0.18,0.18
1616793300,0.18,0.18
1616794200,0.18,0.18
1616795100,0.18,0.18
1616796000,0.18,0.18
1616796900,0.18,0.18
1616797800,0.18,0.18
1616798700,0.18,0.18
1616799600,0.18,0.18
1616800500,0.18,0.18
1616801400,0.18,0.18
1616802300,0.18,0.18
1616803200,0.18,0.18
1616804100,0.18,0.18
1616805000,0.18,0.18
1616805900,0.18,0.18
1616806800,0.18,0.18
1616807700,0.18,0.18
1616808600,0.18,0.18
1616809500,0.18,0.18
1616810400,0.18,0.18
1616811300,0.18,0.18
1616812200,0.18,0.18
1616813100,0.18,0.18
1616814000,0.18,0.18
1616814900,0.18,0.18
1616815800,0.18,0.18
1616816700,0.18,0.18
1616817600,0.18,0.18
1616818500,0.18,0.18
1616819400,0.18,0.18
1616820300,0.18,0.18
1616821200,0.18,0.18
1616822100,0.18,0.18
1616823000,0.18,0.18
1616823900,0.18,0.18
1616824800,0.18,0.18
1616825700,0.18,0.18
1616826600,0.18,0.18
1616827500,0.18,0.18
1616828400,0.18,0.18
1616829300,0.18,0.18
1616830200,0.18,0.18
1616831100,0.18,0.18
1616832000,0.18,0.18
1616832900,0.18,0.18
1616833800,0.18,0.18
1616834700,0.18,0.18
1616835600,0.18,0.18
1616836500,0.18,0.18
1616837400,0.18,0.18
1616838300,0.18,0.18
1616839200,0.18,0.18
1616840100,0.18,0.18
1616841000,0.18,0.18
1616841900,0.18,0.18
1616842800,0.18,0.18
1616843700,0.18,0.18
1616844600,0.18,0.18
1616845500,0.18,0.18
1616846400,0.18,0.18
1616847300,0.18,0.18
1616848200,0.18,0.18
1616849100,0.18,0.18
1616850000,0.18,0.18
1616850900,0.18,0.18
1616851800,0.18,0.18
1616852700,0.18,0.18
1616853600,0.18,0.18
1616854500,0.18,0.18
1616855400,0.18,0.18
1616856300,0.18,0.18
1616857200,0.18,0.18
1616858100,0.18,0.18
1616859000,0.18,0.18
1616859900,0.18,0.18
1616860800,0.18,0.18
1616861700,0.18,0.18
1616862600,0.18,0.18
1616863500,0.18,0.18
1616864400,0.18,0.18
1616865300,0.18,0.18
1616866200,0.18,0.18
1616867100,0.18,0.18
1616868000,0.18,0.18
1616868900,0.18,0.18
1616869800,0.18,0.18
1616870700,0.18,0.18
1616871600,0.18,0.18
1616872500,0.18,0.18
1616873400,0.18,0.18
1616874300,0.18,0.18
1616875200,0.18,0.18
1616876100,0.18,0.18
1616877000,0.18,0.18
1616877900,0.18,0.18
1616878800,0.18,0.18
1616879700,0.18,0.18
1616880600,0.18,0.18
1616881500,0.18,0.18
1616882400,0.18,0.18
1616883300,0.18,0.18
1616884200,0.18,0.18
1616885100,0.18,0.18
1616886000,0.18,0.18
1616886900,0.18,0.18
1616887800,0.18,0.18
1616888700,0.18,0.18
1616889600,0.18,0.18
1616890500,0.18,0.18
1616891400,0.18,0.18
1616892300,0.18,0.18
1616893200,0.18,0.18
1616894100,0.18,0.18
1616895000,0.18,0.18
1616895900,0.18,0.18
1616896800,0.18,0.18
1616897700,0.18,0.18
1616898600,0.18,0.18
1616899500,0.18,0.18
1616900400,0.18,0.18
1616901300,0.18,0.18
1616902200,0.18,0.18
1616903100,0.18,0.18
1616904000,0.18,0.18
1616904900,0.18,0.18
1616905800,0.18,0.18
1616906700,0.18,0.18
1616907600,0.18,0.18
1616908500,0.18,0.18
1616909400,0.18,0.18
1616910300,0.18,0.18
1616911200,0.18,0.18
1616912100,0.18,0.18
1616913000,0.18,0.18
1616913900,0.18,0.18
1616914800,0.18,0.18
1616915700,0.18,0.18
1616916600,0.18,0.18
1616917500,0.18,0.18
1616918400,0.18,0.18
1616919300,0.18,0.18
1616920200,0.18,0.18
1616921100,0.18,0.18
1616922000,0.18,0.18
1616922900,0.18,0.18
1616923800,0.18,0.18
1616924700,0.18,0.18
1616925600,0.18,0.18
1616926500,0.18,0.18
1616927400,0.18,0.18
1616928300,0.18,0.18
1616929200,0.18,0.18
1616930100,0.18,0.18
1616931000,0.18,0.18
1616931900,0.18,0.18
1616932800,0.18,0.18
1616933700,0.18,0.18
1616934600,0.18,0.18
1616935500,0.18,0.18
1616936400,0.18,0.18
1616937300,0.18,0.18
1616938200,0.18,0.18
1616939100,0.18,0.18
1616940000,0.18,0.18
1616940900,0.18,0.18
1616941800,0.18,0.18
1616942700,0.18,0.18
1616943600,0.18,0.18
1616944500,0.18,0.18
1616945400,0.18,0.18
1616946300,0.18,0.18
1616947200,0.18,0.18
1616948100,0.18,0.18
1616949000,0.18,0.18
1616949900,0.18,0.18
1616950800,0.18,0.18
1616951700,0.18,0.18
1616952600,0.18,0.18
1616953500,0.18,0.18
1616954400,0.18,0.18
1616955300,0.18,0.18
1616956200,0.18,0.18
1616957100,0.18,0.18
1616958000,0.18,0.18
1616958900,0.18,0.18
1616959800,0.18,0.18
1616960700,0.18,0.18
1616961600,0.18,0.18
1616962500,0.18,0.18
1616963400,0.18,0.18
1616964300,0.18,0.18
1616965200,0.18,0.18
1616966100,0.18,0.18
1616967000,0.18,0.18
1616967900,0.18,0.18
1616968800,0.18,0.18
1616969700,0.18,0.18
1616970600,0.18,0.18
1616971500,0.18,0.18
1616972400,0.18,0.18
1616973300,0.18,0.18
1616974200,0.18,0.18
1616975100,0.18,0.18
1616976000,0.18,0.18
1616976900,0.18,0.18
1616977800,0.18,0.18
1616978700,0.18,0.18
1616979600,0.18,0.18
1616980500,0.18,0.18
1616981400,0.18,0.18
1616982300,0.18,0.18
1616983200,0.18,0.18
1616984100,0.18,0.18
1616985000,0.18,0.18
1616985900,0.18,0.18
1616986800,0.18,0.18
1616987700,0.18,0.18
1616988600,0.18,0.18
1616989500,0.18,0.18
1616990400,0.18,0.18
1616991300,0.18,0.18
1616992200,0.18,0.18
1616993100,0.18,0.18
1616994000,0.18,0.18
1616994900,0.18,0.18
1616995800,0.18,0.18
1616996700,0.18,0.18
1616997600,0.18,0.18
1616998500,0.18,0.18
1616999400,0.18,0.18
1617000300,0.18,0.18
1617001200,0.18,0.18
1617002100,0.18,0.18
1617003000,0.18,0.18
1617003900,0.18,0.18
1617004800,0.18,0.18
1617005700,0.18,0.18
1617006600,0.18,0.18
1617007500,0.18,0.18
1617008400,0.18,0.18
1617009300,0.18,0.18
1617010200,0.18,0.18
1617011100,0.18,0.18
1617012000,0.18,0.18
1617012900,0.18,0.18
1617013800,0.18,0.18
1617014700,0.18,0.18
1617015600,0.18,0.18
1617016500,0.18,0.18
1617017400,0.18,0.18
1617018300,0.18,0.18
1617019200,0.18,0.18
1617020100,0.18,0.18
1617021000,0.18,0.18
1617021900,0.18,0.18
1617022800,0.18,0.18
1617023700,0.18,0.18
1617024600,0.18,0.18
1617025500,0.18,0.18
1617026400,0.18,0.18
1617027300,0.18,0.18
1617028200,0.18,0.18
1617029100,0.18,0.18
1617030000,0.18,0.18
1617030900,0.18,0.18
1617031800,0.18,0.18
1617032700,0.18,0.18
1617033600,0.18,0.18
1617034500,0.18,0.18
1617035400,0.18,0.18
1617036300,0.18,0.18
1617037200,0.18,0.18
1617038100,0.18,0.18
1617039000,0.18,0.18
1617039900,0.18,0.18
1617040800,0.18,0.18
1617041700,0.18,0.18
1617042600,0.18,0.18
1617043500,0.18,0.18
1617044400,0.18,0.18
1617045300,0.18,0.18
1617046200,0.18,0.18
1617047100,0.18,0.18
1617048000,0.18,0.18
1617048900,0.18,0.18
1617049800,0.18,0.18
1617050700,0.18,0.18
1617051600,0.18,0.18
1617052500,0.18,0.18
1617053400,0.18,0.18
1617054300,0.18,0.18
1617055200,0.18,0.18
1617056100,0.18,0.18
1617057000,0.18,0.18
1617057900,0.18,0.18
1617058800,0.18,0.18
1617059700,0.18,0.18
1617060600,0.18,0.18
1617061500,0.18,0.18
1617062400,0.18,0.18
1617063300,0.18,0.18
1617064200,0.18,0.18
1617065100,0.18,0.18
1617066000,0.18,0.18
1617066900,0.18,0.18
1617067800,0.18,0.18
1617068700,0.18,0.18
1617069600,0.18,0.18
1617070500,0.18,0.18
1617071400,0.18,0.18
1617072300,0.18,0.18
1617073200,0.18,0.18
1617074100,0.18,0.18
1617075000,0.18,0.18
1617075900,0.18,0.18
1617076800,0.18,0.18
1617077700,0.18,0.18
1617078600,0.18,0.18
1617079500,0.18,0.18
1617080400,0.18,0.18
1617081300,0.18,0.18
1617082200,0.18,0.18
1617083100,0.18,0.18
1617084000,0.18,0.18
1617084900,0.18,0.18
1617085800,0.18,0.18
1617086700,0.18,0.18
1617087600,0.18,0.18
1617088500,0.18,0.18
1617089400,0.18,0.18
1617090300,0.18,0.18
1617091200,0.18,0.18
1617092100,0.18,0.18
1617093000,0.18,0.18
1617093900,0.18,0.18
1617094800,0.18,0.18
1617095700,0.18,0.18
1617096600,0.18,0.18
1617097500,0.18,0.18
1617098400,0.18,0.18
1617099300,0.18,0.18
1617100200,0.18,0.18
1617101100,0.18,0.18
1617102000,0.18,0.18
1617102900,0.18,0.18
1617103800,0.18,0.18
1617104700,0.18,0.18
1617105600,0.18,0.18
1617106500,0.18,0.18
1617107400,0.18,0.18
1617108300,0.18,0.18
1617109200,0.18,0.18
1617110100,0.18,0.18
1617111000,0.18,0.18
1617111900,0.18,0.18
1617112800,0.18,0.18
1617113700,0.18,0.18
1617114600,0.18,0.18
1617115500,0.18,0.18
1617116400,0.18,0.18
1617117300,0.18,0.18
1617118200,0.18,0.18
1617119100,0.18,0.18
1617120000,0.18,0.18
1617120900,0.18,0.18
1617121800,0.18,0.18
1617122700,0.18,0.18
1617123600,0.18,0.18
1617124500,0.18,0.18
1617125400,0.18,0.18
1617126300,0.18,0.18
1617127200,0.18,0.18
1617128100,0.18,0.18
1617129000,0.18,0.18
1617129900,0.18,0.18
1617130800,0.18,0.18
1617131700,0.18,0.18
1617132600,0.18,0.18
1617133500,0.18,0.18
1617134400,0.18,0.18
1617135300,0.18,0.18
1617136200,0.18,0.18
1617137100,0.18,0.18
1617138000,0.18,0.18
1617138900,0.18,0.18
1617139800,0.18,0.18
1617140700,0.18,0.18
1617141600,0.18,0.18
1617142500,0.18,0.18
1617143400,0.18,0.18
1617144300,0.18,0.18
1617145200,0.18,0.18
1617146100,0.18,0.18
1617147000,0.18,0.18
1617147900,0.18,0.18
1617148800,0.18,0.18
1617149700,0.18,0.18
1617150600,0.18,0.18
1617151500,0.18,0.18
1617152400,0.18,0.18
1617153300,0.18,0.18
1617154200,0.18,0.18
1617155100,0.18,0.18
1617156000,0.18,0.18
1617156900,0.18,0.18
1617157800,0.18,0.18
1617158700,0.18,0.18
1617159600,0.18,0.18
1617160500,0.18,0.18
1617161400,0.18,0.18
1617162300,0.18,0.18
1617163200,0.18,0.18
1617164100,0.18,0.18
1617165000,0.18,0.18
1617165900,0.18,0.18
1617166800,0.18,0.18
1617167700,0.18,0.18
1617168600,0.18,0.18
1617169500,0.18,0.18
1617170400,0.18,0.18
1617171300,0.18,0.18
1617172200,0.18,0.18
1617173100,0.18,0.18
1617174000,0.18,0.18
1617174900,0.18,0.18
1617175800,0.18,0.18
1617176700,0.18,0.18
1617177600,0.18,0.18
1617178500,0.18,0.18
1617179400,0.18,0.18
1617180300,0.18,0.18
1617181200,0.18,0.18
1617182100,0.18,0.18
1617183000,0.18,0.18
1617183900,0.18,0.18
1617184800,0.18,0.18
1617185700,0.18,0.18
1617186600,0.18,0.18
1617187500,0.18,0.18
1617188400,0.18,0.18
1617189300,0.18,0.18
1617190200,0.18,0.18
1617191100,0.18,0.18
1617192000,0.18,0.18
1617192900,0.18,0.18
1617193800,0.18,0.18
1617194700,0.18,0.18
1617195600,0.18,0.18
1617196500,0.18,0.18
1617197400,0.18,0.18
1617198300,0.18,0.18
1617199200,0.18,0.18
1617200100,0.18,0.18
1617201000,0.18,0.18
1617201900,0.18,0.18
1617202800,0.18,0.18
1617203700,0.18,0.18
1617204600,0.18,0.18
1617205500,0.18,0.18
1617206400,0.18,0.18
1617207300,0.18,0.18
1617208200,0.18,0.18
1617209100,0.18,0.18
1617210000,0.18,0.18
1617210900,0.18,0.18
1617211800,0.18,0.18
1617212700,0.18,0.18
1617213600,0.18,0.18
1617214500,0.18,0.18
1617215400,0.18,0.18
1617216300,0.18,0.18
1617217200,0.18,0.18
1617218100,0.18,0.18
1617219000,0.18,0.18
1617219900,0.18,0.18
1617220800,0.18,0.18
1617221700,0.18,0.18
1617222600,0.18,0.18
1617223500,0.18,0.18
1617224400,0.18,0.18
1617225300,0.18,0.18
1617226200,0.18,0.18
1617227100,0.18,0.18
1617228000,0.18,0.18
1617228900,0.18,0.18
1617229800,0.18,0.18
1617230700,0.18,0.18
1617231600,0.18,0.18
1617232500,0.18,0.18
1617233400,0.18,0.18
1617234300,0.18,0.18
1617235200,0.18,0.18
1617236100,0.18,0.18
1617237000,0.18,0.18
1617237900,0.18,0.18
1617238800,0.18,0.18
1617239700,0.18,0.18
1617240600,0.18,0.18
1617241500,0.18,0.18
1617242400,0.18,0.18
1617243300,0.18,0.18
1617244200,0.18,0.18
1617245100,0.18,0.18
1617246000,0.18,0.18
1617246900,0.18,0.18
1617247800,0.18,0.18
1617248700,0.18,0.18
1617249600,0.18,0.18
1617250500,0.18,0.18
1617251400,0.18,0.18
1617252300,0.18,0.18
1617253200,0.18,0.18
1617254100,0.18,0.18
1617255000,0.18,0.18
1617255900,0.18,0.18
1617256800,0.18,0.18
1617257700,0.18,0.18
1617258600,0.18,0.18
1617259500,0.18,0.18
1617260400,0.18,0.18
1617261300,0.18,0.18
1617262200,0.18,0.18
1617263100,0.18,0.18
1617264000,0.18,0.18
1617264900,0.18,0.18
1617265800,0.18,0.18
1617266700,0.18,0.18
1617267600,0.18,0.18
1617268500,0.18,0.18
1617269400,0.18,0.18
1617270300,0.18,0.18
1617271200,0.18,0.18
1617272100,0.18,0.18
1617273000,0.18,0.18
1617273900,0.18,0.18
1617274800,0.18,0.18
1617275700,0.18,0.18
1617276600,0.18,0.18
1617277500,0.18,0.18
1617278400,0.18,0.18
1617279300,0.18,0.18
1617280200,0.18,0.18
1617281100,0.18,0.18
1617282000,0.18,0.18
1617282900,0.18,0.18
1617283800,0.18,0.18
1617284700,0.18,0.18
1617285600,0.18,0.18
1617286500,0.18,0.18
1617287400,0.18,0.18
1617288300,0.18,0.18
1617289200,0.18,0.18
1617290100,0.18,0.18
1617291000,0.18,0.18
1617291900,0.18,0.18
1617292800,0.18,0.18
1617293700,0.18,0.18
1617294600,0.18,0.18
1617295500,0.18,0.18
1617296400,0.18,0.18
1617297300,0.18,0.18
1617298200,0.18,0.18
1617299100,0.18,0.18
1617300000,0.18,0.18
1617300900,0.18,0.18
1617301800,0.18,0.18
1617302700,0.18,0.18
1617303600,0.18,0.18
1617304500,0.18,0.18
1617305400,0.18,0.18
1617306300,0.18,0.18
1617307200,0.18,0.18
1617308100,0.18,0.18
1617309000,0.18,0.18
1617309900,0.18,0.18
1617310800,0.18,0.18
1617311700,0.18,0.18
1617312600,0.18,0.18
1617313500,0.18,0.18
1617314400,0.18,0.18
1617315300,0.18,0.18
1617316200,0.18,0.18
1617317100,0.18,0.18
1617318000,0.18,0.18
1617318900,0.18,0.18
1617319800,0.18,0.18
1617320700,0.18,0.18
1617321600,0.18,0.18
1617322500,0.18,0.18
1617323400,0.18,0.18
1617324300,0.18,0.18
1617325200,0.18,0.18
1617326100,0.18,0.18
1617327000,0.18,0.18
1617327900,0.18,0.18
1617328800,0.18,0.18
1617329700,0.18,0.18
1617330600,0.18,0.18
1617331500,0.18,0.18
1617332400,0.18,0.18
1617333300,0.18,0.18
1617334200,0.18,0.18
1617335100,0.18,0.18
1617336000,0.18,0.18
1617336900,0.18,0.18
1617337800,0.18,0.18
1617338700,0.18,0.18
1617339600,0.18,0.18
1617340500,0.18,0.18
1617341400,0.18,0.18
1617342300,0.18,0.18
1617343200,0.18,0.18
1617344100,0.18,0.18
1617345000,0.18,0.18
1617345900,0.18,0.18
1617346800,0.18,0.18
1617347700,0.18,0.18
1617348600,0.18,0.18
1617349500,0.18,0.18
1617350400,0.18,0.18
1617351300,0.18,0.18
1617352200,0.18,0.18
1617353100,0.18,0.18
1617354000,0.18,0.18
1617354900,0.18,0.18
1617355800,0.18,0.18
1617356700,0.18,0.18
1617357600,0.18,0.18
1617358500,0.18,0.18
1617359400,0.18,0.18
1617360300,0.18,0.18
1617361200,0.18,0.18
1617362100,0.18,0.18
1617363000,0.18,0.18
1617363900,0.18,0.18
1617364800,0.18,0.18
1617365700,0.18,0.18
1617366600,0.18,0.18
1617367500,0.18,0.18
1617368400,0.18,0.18
1617369300,0.18,0.18
1617370200,0.18,0.18
1617371100,0.18,0.18
1617372000,0.18,0.18
1617372900,0.18,0.18
1617373800,0.18,0.18
1617374700,0.18,0.18
1617375600,0.18,0.18
1617376500,0.18,0.18
1617377400,0.18,0.18
1617378300,0.18,0.18
1617379200,0.18,0.18
1617380100,0.18,0.18
1617381000,0.18,0.18
1617381900,0.18,0.18
1617382800,0.18,0.18
1617383700,0.18,0.18
1617384600,0.18,0.18
1617385500,0.18,0.18
1617386400,0.18,0.18
1617387300,0.18,0.18
1617388200,0.18,0.18
1617389100,0.18,0.18
1617390000,0.18,0.18
1617390900,0.18,0.18
1617391800,0.18,0.18
1617392700,0.18,0.18
1617393600,0.18,0.18
1617394500,0.18,0.18
1617395400,0.18,0.18
1617396300,0.18,0.18
1617397200,0.18,0.18
1617398100,0.18,0.18
1617399000,0.18,0.18
1617399900,0.18,0.18
1617400800,0.18,0.18
1617401700,0.18,0.18
1617402600,0.18,0.18
1617403500,0.18,0.18
1617404400,0.18,0.18
1617405300,0.18,0.18
1617406200,0.18,0.18
1617407100,0.18,0.18
1617408000,0.18,0.18
1617408900,0.18,0.18
1617409800,0.18,0.18
1617410700,0.18,0.18
1617411600,0.18,0.18
1617412500,0.18,0.18
1617413400,0.18,0.18
1617414300,0.18,0.18
1617415200,0.18,0.18
1617416100,0.18,0.18
1617417000,0.18,0.18
1617417900,0.18,0.18
1617418800,0.18,0.18
1617419700,0.18,0.18
1617420600,0.18,0.18
1617421500,0.18,0.18
1617422400,0.18,0.18
1617423300,0.18,0.18
1617424200,0.18,0.18
1617425100,0.18,0.18
1617426000,0.18,0.18
1617426900,0.18,0.18
1617427800,0.18,0.18
1617428700,0.18,0.18
1617429600,0.18,0.18
1617430500,0.18,0.18
1617431400,0.18,0.18
1617432300,0.18,0.18
1617433200,0.18,0.18
1617434100,0.18,0.18
1617435000,0.18,0.18
1617435900,0.18,0.18
1617436800,0.18,0.18
1617437700,0.18,0.18
1617438600,0.18,0.18
1617439500,0.18,0.18
1617440400,0.18,0.18
1617441300,0.18,0.18
1617442200,0.18,0.18
1617443100,0.18,0.18
1617444000,0.18,0.18
1617444900,0.18,0.18
1617445800,0.18,0.18
1617446700,0.18,0.18
1617447600,0.18,0.18
1617448500,0.18,0.18
1617449400,0.18,0.18
1617450300,0.18,0.18
1617451200,0.18,0.18
1617452100,0.18,0.18
1617453000,0.18,0.18
1617453900,0.18,0.18
1617454800,0.18,0.18
1617455700,0.18,0.18
1617456600,0.18,0.18
1617457500,0.18,0.18
1617458400,0.18,0.18
1617459300,0.18,0.18
1617460200,0.18,0.18
1617461100,0.18,0.18
1617462000,0.18,0.18
1617462900,0.18,0.18
1617463800,0.18,0.18
1617464700,0.18,0.18
1617465600,0.18,0.18
1617466500,0.18,0.18
1617467400,0.18,0.18
1617468300,0.18,0.18
1617469200,0.18,0.18
1617470100,0.18,0.18
1617471000,0.18,0.18
1617471900,0.18,0.18
1617472800,0.18,0.18
1617473700,0.18,0.18
1617474600,0.18,0.18
1617475500,0.18,0.18
1617476400,0.18,0.18
1617477300,0.18,0.18
1617478200,0.18,0.18
1617479100,0.18,0.18
1617480000,0.18,0.18
1617480900,0.18,0.18
1617481800,0.18,0.18
1617482700,0.18,0.18
1617483600,0.18,0.18
1617484500,0.18,0.18
1617485400,0.18,0.18
1617486300,0.18,0.18
1617487200,0.18,0.18
1617488100,0.18,0.18
1617489000,0.18,0.18
1617489900,0.18,0.18
1617490800,0.18,0.18
1617491700,0.18,0.18
1617492600,0.18,0.18
1617493500,0.18,0.18
1617494400,0.18,0.18
1617495300,0.18,0.18
1617496200,0.18,0.18
1617497100,0.18,0.18
1617498000,0.18,0.18
1617498900,0.18,0.18
1617499800,0.18,0.18
1617500700,0.18,0.18
1617501600,0.18,0.18
1617502500,0.18,0.18
1617503400,0.18,0.18
1617504300,0.18,0.18
1617505200,0.18,0.18
1617506100,0.18,0.18
1617507000,0.18,0.18
1617507900,0.18,0.18
1617508800,0.18,0.18
1617509700,0.18,0.18
1617510600,0.18,0.18
1617511500,0.18,0.18
1617512400,0.18,0.18
1617513300,0.18,0.18
1617514200,0.18,0.18
1617515100,0.18,0.18
1617516000,0.18,0.18
1617516900,0.18,0.18
1617517800,0.18,0.18
1617518700,0.18,0.18
1617519600,0.18,0.18
1617520500,0.18,0.18
1617521400,0.18,0.18
1617522300,0.18,0.18
1617523200,0.18,0.18
1617524100,0.18,0.18
1617525000,0.18,0.18
1617525900,0.18,0.18
1617526800,0.18,0.18
1617527700,0.18,0.18
1617528600,0.18,0.18
1617529500,0.18,0.18
1617530400,0.18,0.18
1617531300,0.18,0.18
1617532200,0.18,0.18
1617533100,0.18,0.18
1617534000,0.18,0.18
1617534900,0.18,0.18
1617535800,0.18,0.18
1617536700,0.18,0.18
1617537600,0.18,0.18
1617538500,0.18,0.18
1617539400,0.18,0.18
1617540300,0.18,0.18
1617541200,0.18,0.18
1617542100,0.18,0.18
1617543000,0.18,0.18
1617543900,0.18,0.18
1617544800,0.18,0.18
1617545700,0.18,0.18
1617546600,0.18,0.18
1617547500,0.18,0.18
1617548400,0.18,0.18
1617549300,0.18,0.18
1617550200,0.18,0.18
1617551100,0.18,0.18
1617552000,0.18,0.18
1617552900,0.18,0.18
1617553800,0.18,0.18
1617554700,0.18,0.18
1617555600,0.18,0.18
1617556500,0.18,0.18
1617557400,0.18,0.18
1617558300,0.18,0.18
1617559200,0.18,0.18
1617560100,0.18,0.18
1617561000,0.18,0.18
1617561900,0.18,0.18
1617562800,0.18,0.18
1617563700,0.18,0.18
1617564600,0.18,0.18
1617565500,0.18,0.18
1617566400,0.18,0.18
1617567300,0.18,0.18
1617568200,0.18,0.18
1617569100,0.18,0.18
1617570000,0.18,0.18
1617570900,0.18,0.18
1617571800,0.18,0.18
1617572700,0.18,0.18
1617573600,0.18,0.18
1617574500,0.18,0.18
1617575400,0.18,0.18
1617576300,0.18,0.18
1617577200,0.18,0.18
1617578100,0.18,0.18
1617579000,0.18,0.18
1617579900,0.18,0.18
1617580800,0.18,0.18
1617581700,0.18,0.18
1617582600,0.18,0.18
1617583500,0.18,0.18
1617584400,0.18,0.18
1617585300,0.18,0.18
1617586200,0.18,0.18
1617587100,0.18,0.18
1617588000,0.18,0.18
1617588900,0.18,0.18
1617589800,0.18,0.18
1617590700,0.18,0.18
1617591600,0.18,0.18
1617592500,0.18,0.18
1617593400,0.18,0.18
1617594300,0.18,0.18
1617595200,0.18,0.18
1617596100,0.18,0.18
1617597000,0.18,0.18
1617597900,0.18,0.18
1617598800,0.18,0.18
1617599700,0.18,0.18
1617600600,0.18,0.18
1617601500,0.18,0.18
1617602400,0.18,0.18
1617603300,0.18,0.18
1617604200,0.18,0.18
1617605100,0.18,0.18
1617606000,0.18,0.18
1617606900,0.18,0.18
1617607800,0.18,0.18
1617608700,0.18,0.18
1617609600,0.18,0.18
1617610500,0.18,0.18
1617611400,0.18,0.18
1617612300,0.18,0.18
1617613200,0.18,0.18
1617614100,0.18,0.18
1617615000,0.18,0.18
1617615900,0.18,0.18
1617616800,0.18,0.18
1617617700,0.18,0.18
1617618600,0.18,0.18
1617619500,0.18,0.18
1617620400,0.18,0.18
1617621300,0.18,0.18
1617622200,0.18,0.18
1617623100,0.18,0.18
1617624000,0.18,0.18
1617624900,0.18,0.18
1617625800,0.18,0.18
1617626700,0.18,0.18
1617627600,0.18,0.18
1617628500,0.18,0.18
1617629400,0.18,0.18
1617630300,0.18,0.18
1617631200,0.18,0.18
1617632100,0.18,0.18
1617633000,0.18,0.18
1617633900,0.18,0.18
1617634800,0.18,0.18
1617635700,0.18,0.18
1617636600,0.18,0.18
1617637500,0.18,0.18
1617638400,0.18,0.18
1617639300,0.18,0.18
1617640200,0.18,0.18
1617641100,0.18,0.18
1617642000,0.18,0.18
1617642900,0.18,0.18
1617643800,0.18,0.18
1617644700,0.18,0.18
1617645600,0.18,0.18
1617646500,0.18,0.18
1617647400,0.18,0.18
1617648300,0.18,0.18
1617649200,0.18,0.18
1617650100,0.18,0.18
1617651000,0.18,0.18
1617651900,0.18,0.18
1617652800,0.18,0.18
1617653700,0.18,0.18
1617654600,0.18,0.18
1617655500,0.18,0.18
1617656400,0.18,0.18
1617657300,0.18,0.18
1617658200,0.18,0.18
1617659100,0.18,0.18
1617660000,0.18,0.18
1617660900,0.18,0.18
1617661800,0.18,0.18
1617662700,0.18,0.18
1617663600,0.18,0.18
1617664500,0.18,0.18
1617665400,0.18,0.18
1617666300,0.18,0.18
1617667200,0.18,0.18
1617668100,0.18,0.18
1617669000,0.18,0.18
1617669900,0.18,0.18
1617670800,0.18,0.18
1617671700,0.18,0.18
1617672600,0.18,0.18
1617673500,0.18,0.18
1617674400,0.18,0.18
1617675300,0.18,0.18
1617676200,0.18,0.18
1617677100,0.18,0.18
1617678000,0.18,0.18
1617678900,0.18,0.18
1617679800,0.18,0.18
1617680700,0.18,0.18
1617681600,0.18,0.18
1617682500,0.18,0.18
1617683400,0.18,0.18
1617684300,0.18,0.18
1617685200,0.18,0.18
1617686100,0.18,0.18
1617687000,0.18,0.18
1617687900,0.18,0.18
1617688800,0.18,0.18
1617689700,0.18,0.18
1617690600,0.18,0.18
1617691500,0.18,0.18
1617692400,0.18,0.18
1617693300,0.18,0.18
1617694200,0.18,0.18
1617695100,0.18,0.18
1617696000,0.18,0.18
1617696900,0.18,0.18
1617697800,0.18,0.18
1617698700,0.18,0.18
1617699600,0.18,0.18
1617700500,0.18,0.18
1617701400,0.18,0.18
1617702300,0.18,0.18
1617703200,0.18,0.18
1617704100,0.18,0.18
1617705000,0.18,0.18
1617705900,0.18,0.18
1617706800,0.18,0.18
1617707700,0.18,0.18
1617708600,0.18,0.18
1617709500,0.18,0.18
1617710400,0.18,0.18
1617711300,0.18,0.18
1617712200,0.18,0.18
1617713100,0.18,0.18
1617714000,0.18,0.18
1617714900,0.18,0.18
1617715800,0.18,0.18
1617716700,0.18,0.18
1617717600,0.18,0.18
1617718500,0.18,0.18
1617719400,0.18,0.18
1617720300,0.18,0.18
1617721200,0.18,0.18
1617722100,0.18,0.18
1617723000,0.18,0.18
1617723900,0.18,0.18
1617724800,0.18,0.18
1617725700,0.18,0.18
1617726600,0.18,0.18
1617727500,0.18,0.18
1617728400,0.18,0.18
1617729300,0.18,0.18
1617730200,0.18,0.18
1617731100,0.18,0.18
1617732000,0.18,0.18
1617732900,0.18,0.18
1617733800,0.18,0.18
1617734700,0.18,0.18
1617735600,0.18,0.18
1617736500,0.18,0.18
1617737400,0.18,0.18
1617738300,0.18,0.18
1617739200,0.18,0.18
1617740100,0.18,0.18
1617741000,0.18,0.18
1617741900,0.18,0.18
1617742800,0.18,0.18
1617743700,0.18,0.18
1617744600,0.18,0.18
1617745500,0.18,0.18
1617746400,0.18,0.18
1617747300,0.18,0.18
1617748200,0.18,0.18
1617749100,0.18,0.18
1617750000,0.18,0.18
1617750900,0.18,0.18
1617751800,0.18,0.18
1617752700,0.18,0.18
1617753600,0.18,0.18
1617754500,0.18,0.18
1617755400,0.18,0.18
1617756300,0.18,0.18
1617757200,0.18,0.18
1617758100,0.18,0.18
1617759000,0.18,0.18
1617759900,0.18,0.18
1617760800,0.18,0.18
1617761700,0.18,0.18
1617762600,0.18,0.18
1617763500,0.18,0.18
1617764400,0.18,0.18
1617765300,0.18,0.18
1617766200,0.18,0.18
1617767100,0.18,0.18
1617768000,0.18,0.18
1617768900,0.18,0.18
1617769800,0.18,0.18
1617770700,0.18,0.18
1617771600,0.18,0.18
1617772500,0.18,0.18
1617773400,0.18,0.18
1617774300,0.18,0.18
1617775200,0.18,0.18
1617776100,0.18,0.18
1617777000,0.18,0.18
1617777900,0.18,0.18
1617778800,0.18,0.18
1617779700,0.18,0.18
1617780600,0.18,0.18
1617781500,0.18,0.18
1617782400,0.18,0.18
1617783300,0.18,0.18
1617784200,0.18,0.18
1617785100,0.18,0.18
1617786000,0.18,0.18
1617786900,0.18,0.18
1617787800,0.18,0.18
1617788700,0.18,0.18
1617789600,0.18,0.18
1617790500,0.18,0.18
1617791400,0.18,0.18
1617792300,0.18,0.18
1617793200,0.18,0.18
1617794100,0.18,0.18
1617795000,0.18,0.18
1617795900,0.18,0.18
1617796800,0.18,0.18
1617797700,0.18,0.18
1617798600,0.18,0.18
1617799500,0.18,0.18
1617800400,0.18,0.18
1617801300,0.18,0.18
1617802200,0.18,0.18
1617803100,0.18,0.18
1617804000,0.18,0.18
1617804900,0.18,0.18
1617805800,0.18,0.18
1617806700,0.18,0.18
1617807600,0.18,0.18
1617808500,0.18,0.18
1617809400,0.18,0.18
1617810300,0.18,0.18
1617811200,0.18,0.18
1617812100,0.18,0.18
1617813000,0.18,0.18
1617813900,0.18,0.18
1617814800,0.18,0.18
1617815700,0.18,0.18
1617816600,0.18,0.18
1617817500,0.18,0.18
1617818400,0.18,0.18
1617819300,0.18,0.18
1617820200,0.18,0.18
1617821100,0.18,0.18
1617822000,0.18,0.18
1617822900,0.18,0.18
1617823800,0.18,0.18
1617824700,0.18,0.18
1617825600,0.18,0.18
1617826500,0.18,0.18
1617827400,0.18,0.18
1617828300,0.18,0.18
1617829200,0.18,0.18
1617830100,0.18,0.18
1617831000,0.18,0.18
1617831900,0.18,0.18
1617832800,0.18,0.18
1617833700,0.18,0.18
1617834600,0.18,0.18
1617835500,0.18,0.18
1617836400,0.18,0.18
1617837300,0.18,0.18
1617838200,0.18,0.18
1617839100,0.18,0.18
1617840000,0.18,0.18
1617840900,0.18,0.18
1617841800,0.18,0.18
1617842700,0.18,0.18
1617843600,0.18,0.18
1617844500,0.18,0.18
1617845400,0.18,0.18
1617846300,0.18,0.18
1617847200,0.18,0.18
1617848100,0.18,0.18
1617849000,0.18,0.18
1617849900,0.18,0.18
1617850800,0.18,0.18
1617851700,0.18,0.18
1617852600,0.18,0.18
1617853500,0.18,0.18
1617854400,0.18,0.18
1617855300,0.18,0.18
1617856200,0.18,0.18
1617857100,0.18,0.18
1617858000,0.18,0.18
1617858900,0.18,0.18
1617859800,0.18,0.18
1617860700,0.18,0.18
1617861600,0.18,0.18
1617862500,0.18,0.18
1617863400,0.18,0.18
1617864300,0.18,0.18
1617865200,0.18,0.18
1617866100,0.18,0.18
1617867000,0.18,0.18
1617867900,0.18,0.18
1617868800,0.18,0.18
1617869700,0.18,0.18
1617870600,0.18,0.18
1617871500,0.18,0.18
1617872400,0.18,0.18
1617873300,0.18,0.18
1617874200,0.18,0.18
1617875100,0.18,0.18
1617876000,0.18,0.18
1617876900,0.18,0.18
1617877800,0.18,0.18
1617878700,0.18,0.18
1617879600,0.18,0.18
1617880500,0.18,0.18
1617881400,0.18,0.18
1617882300,0.18,0.18
1617883200,0.18,0.18
1617884100,0.18,0.18
1617885000,0.18,0.18
1617885900,0.18,0.18
1617886800,0.18,0.18
1617887700,0.18,0.18
1617888600,0.18,0.18
1617889500,0.18,0.18
1617890400,0.18,0.18
1617891300,0.18,0.18
1617892200,0.18,0.18
1617893100,0.18,0.18
1617894000,0.18,0.18
1617894900,0.18,0.18
1617895800,0.18,0.18
1617896700,0.18,0.18
1617897600,0.18,0.18
1617898500,0.18,0.18
1617899400,0.18,0.18
1617900300,0.18,0.18
1617901200,0.18,0.18
1617902100,0.18,0.18
1617903000,0.18,0.18
1617903900,0.18,0.18
1617904800,0.18,0.18
1617905700,0.18,0.18
1617906600,0.18,0.18
1617907500,0.18,0.18
1617908400,0.18,0.18
1617909300,0.18,0.18
1617910200,0.18,0.18
1617911100,0.18,0.18
1617912000,0.18,0.18
1617912900,0.18,0.18
1617913800,0.18,0.18
1617914700,0.18,0.18
1617915600,0.18,0.18
1617916500,0.18,0.18
1617917400,0.18,0.18
1617918300,0.18,0.18
1617919200,0.18,0.18
1617920100,0.18,0.18
1617921000,0.18,0.18
1617921900,0.18,0.18
1617922800,0.18,0.18
1617923700,0.18,0.18
1617924600,0.18,0.18
1617925500,0.18,0.18
1617926400,0.18,0.18
1617927300,0.18,0.18
1617928200,0.18,0.18
1617929100,0.18,0.18
1617930000,0.18,0.18
1617930900,0.18,0.18
1617931800,0.18,0.18
1617932700,0.18,0.18
1617933600,0.18,0.18
1617934500,0.18,0.18
1617935400,0.18,0.18
1617936300,0.18,0.18
1617937200,0.18,0.18
1617938100,0.18,0.18
1617939000,0.18,0.18
1617939900,0.18,0.18
1617940800,0.18,0.18
1617941700,0.18,0.18
1617942600,0.18,0.18
1617943500,0.18,0.18
1617944400,0.18,0.18
1617945300,0.18,0.18
1617946200,0.18,0.18
1617947100,0.18,0.18
1617948000,0.18,0.18
1617948900,0.18,0.18
1617949800,0.18,0.18
1617950700,0.18,0.18
1617951600,0.18,0.18
1617952500,0.18,0.18
1617953400,0.18,0.18
1617954300,0.18,0.18
1617955200,0.18,0.18
1617956100,0.18,0.18
1617957000,0.18,0.18
1617957900,0.18,0.18
1617958800,0.18,0.18
1617959700,0.18,0.18
1617960600,0.18,0.18
1617961500,0.18,0.18
1617962400,0.18,0.18
1617963300,0.18,0.18
1617964200,0.18,0.18
1617965100,0.18,0.18
1617966000,0.18,0.18
1617966900,0.18,0.18
1617967800,0.18,0.18
1617968700,0.18,0.18
1617969600,0.18,0.18
1617970500,0.18,0.18
1617971400,0.18,0.18
1617972300,0.18,0.18
1617973200,0.18,0.18
1617974100,0.18,0.18
1617975000,0.18,0.18
1617975900,0.18,0.18
1617976800,0.18,0.18
1617977700,0.18,0.18
1617978600,0.18,0.18
1617979500,0.18,0.18
1617980400,0.18,0.18
1617981300,0.18,0.18
1617982200,0.18,0.18
1617983100,0.18,0.18
1617984000,0.18,0.18
1617984900,0.18,0.18
1617985800,0.18,0.18
1617986700,0.18,0.18
1617987600,0.18,0.18
1617988500,0.18,0.18
1617989400,0.18,0.18
1617990300,0.18,0.18
1617991200,0.18,0.18
1617992100,0.18,0.18
1617993000,0.18,0.18
1617993900,0.18,0.18
1617994800,0.18,0.18
1617995700,0.18,0.18
1617996600,0.18,0.18
1617997500,0.18,0.18
1617998400,0.18,0.18
1617999300,0.18,0.18
1618000200,0.18,0.18
1618001100,0.18,0.18
1618002000,0.18,0.18
1618002900,0.18,0.18
1618003800,0.18,0.18
1618004700,0.18,0.18
1618005600,0.18,0.18
1618006500,0.18,0.18
1618007400,0.18,0.18
1618008300,0.18,0.18
1618009200,0.18,0.18
1618010100,0.18,0.18
1618011000,0.18,0.18
1618011900,0.18,0.18
1618012800,0.18,0.18
1618013700,0.18,0.18
1618014600,0.18,0.18
1618015500,0.18,0.18
1618016400,0.18,0.18
1618017300,0.18,0.18
1618018200,0.18,0.18
1618019100,0.18,0.18
1618020000,0.18,0.18
1618020900,0.18,0.18
1618021800,0.18,0.18
1618022700,0.18,0.18
1618023600,0.18,0.18
1618024500,0.18,0.18
1618025400,0.18,0.18
1618026300,0.18,0.18
1618027200,0.18,0.18
1618028100,0.18,0.18
1618029000,0.18,0.18
1618029900,0.18,0.18
1618030800,0.18,0.18
1618031700,0.18,0.18
1618032600,0.18,0.18
1618033500,0.18,0.18
1618034400,0.18,0.18
1618035300,0.18,0.18
1618036200,0.18,0.18
1618037100,0.18,0.18
1618038000,0.18,0.18
1618038900,0.18,0.18
1618039800,0.18,0.18
1618040700,0.18,0.18
1618041600,0.18,0.18
1618042500,0.18,0.18
1618043400,0.18,0.18
1618044300,0.18,0.18
1618045200,0.18,0.18
1618046100,0.18,0.18
1618047000,0.18,0.18
1618047900,0.18,0.18
1618048800,0.18,0.18
1618049700,0.18,0.18
1618050600,0.18,0.18
1618051500,0.18,0.18
1618052400,0.18,0.18
1618053300,0.18,0.18
1618054200,0.18,0.18
1618055100,0.18,0.18
1618056000,0.18,0.18
1618056900,0.18,0.18
1618057800,0.18,0.18
1618058700,0.18,0.18
1618059600,0.18,0.18
1618060500,0.18,0.18
1618061400,0.18,0.18
1618062300,0.18,0.18
1618063200,0.18,0.18
1618064100,0.18,0.18
1618065000,0.18,0.18
1618065900,0.18,0.18
1618066800,0.18,0.18
1618067700,0.18,0.18
1618068600,0.18,0.18
1618069500,0.18,0.18
1618070400,0.18,0.18
1618071300,0.18,0.18
1618072200,0.18,0.18
1618073100,0.18,0.18
1618074000,0.18,0.18
1618074900,0.18,0.18
1618075800,0.18,0.18
1618076700,0.18,0.18
1618077600,0.18,0.18
1618078500,0.18,0.18
1618079400,0.18,0.18
1618080300,0.18,0.18
1618081200,0.18,0.18
1618082100,0.18,0.18
1618083000,0.18,0.18
1618083900,0.18,0.18
1618084800,0.18,0.18
1618085700,0.18,0.18
1618086600,0.18,0.18
1618087500,0.18,0.18
1618088400,0.18,0.18
1618089300,0.18,0.18
1618090200,0.18,0.18
1618091100,0.18,0.18
1618092000,0.18,0.18
1618092900,0.18,0.18
1618093800,0.18,0.18
1618094700,0.18,0.18
1618095600,0.18,0.18
1618096500,0.18,0.18
1618097400,0.18,0.18
1618098300,0.18,0.18
1618099200,0.18,0.18
1618100100,0.18,0.18
1618101000,0.18,0.18
1618101900,0.18,0.18
1618102800,0.18,0.18
1618103700,0.18,0.18
1618104600,0.18,0.18
1618105500,0.18,0.18
1618106400,0.18,0.18
1618107300,0.18,0.18
1618108200,0.18,0.18
1618109100,0.18,0.18
1618110000,0.18,0.18
1618110900,0.18,0.18
1618111800,0.18,0.18
1618112700,0.18,0.18
1618113600,0.18,0.18
1618114500,0.18,0.18
1618115400,0.18,0.18
1618116300,0.18,0.18
1618117200,0.18,0.18
1618118100,0.18,0.18
1618119000,0.18,0.18
1618119900,0.18,0.18
1618120800,0.18,0.18
1618121700,0.18,0.18
1618122600,0.18,0.18
1618123500,0.18,0.18
1618124400,0.18,0.18
1618125300,0.18,0.18
1618126200,0.18,0.18
1618127100,0.18,0.18
1618128000,0.18,0.18
1618128900,0.18,0.18
1618129800,0.18,0.18
1618130700,0.18,0.18
1618131600,0.18,0.18
1618132500,0.18,0.18
1618133400,0.18,0.18
1618134300,0.18,0.18
1618135200,0.18,0.18
1618136100,0.18,0.18
1618137000,0.18,0.18
1618137900,0.18,0.18
1618138800,0.18,0.18
1618139700,0.18,0.18
1618140600,0.18,0.18
1618141500,0.18,0.18
1618142400,0.18,0.18
1618143300,0.18,0.18
1618144200,0.18,0.18
1618145100,0.18,0.18
1618146000,0.18,0.18
1618146900,0.18,0.18
1618147800,0.18,0.18
1618148700,0.18,0.18
1618149600,0.18,0.18
1618150500,0.18,0.18
1618151400,0.18,0.18
1618152300,0.18,0.18
1618153200,0.18,0.18
1618154100,0.18,0.18
1618155000,0.18,0.18
1618155900,0.18,0.18
1618156800,0.18,0.18
1618157700,0.18,0.18
1618158600,0.18,0.18
1618159500,0.18,0.18
1618160400,0.18,0.18
1618161300,0.18,0.18
1618162200,0.18,0.18
1618163100,0.18,0.18
1618164000,0.18,0.18
1618164900,0.18,0.18
1618165800,0.18,0.18
1618166700,0.18,0.18
1618167600,0.18,0.18
1618168500,0.18,0.18
1618169400,0.18,0.18
1618170300,0.18,0.18
1618171200,0.18,0.18
1618172100,0.18,0.18
1618173000,0.18,0.18
1618173900,0.18,0.18
1618174800,0.18,0.18
1618175700,0.18,0.18
1618176600,0.18,0.18
1618177500,0.18,0.18
1618178400,0.18,0.18
1618179300,0.18,0.18
1618180200,0.18,0.18
1618181100,0.18,0.18
1618182000,0.18,0.18
1618182900,0.18,0.18
1618183800,0.18,0.18
1618184700,0.18,0.18
1618185600,0.18,0.18
1618186500,0.18,0.18
1618187400,0.18,0.18
1618188300,0.18,0.18
1618189200,0.18,0.18
1618190100,0.18,0.18
1618191000,0.18,0.18
1618191900,0.18,0.18
1618192800,0.18,0.18
1618193700,0.18,0.18
1618194600,0.18,0.18
1618195500,0.18,0.18
1618196400,0.18,0.18
1618197300,0.18,0.18
1618198200,0.18,0.18
1618199100,0.18,0.18
1618200000,0.18,0.18
1618200900,0.18,0.18
1618201800,0.18,0.18
1618202700,0.18,0.18
1618203600,0.18,0.18
1618204500,0.18,0.18
1618205400,0.18,0.18
1618206300,0.18,0.18
1618207200,0.18,0.18
1618208100,0.18,0.18
1618209000,0.18,0.18
1618209900,0.18,0.18
1618210800,0.18,0.18
1618211700,0.18,0.18
1618212600,0.18,0.18
1618213500,0.18,0.18
1618214400,0.18,0.18
1618215300,0.18,0.18
1618216200,0.18,0.18
1618217100,0.18,0.18
1618218000,0.18,0.18
1618218900,0.18,0.18
1618219800,0.18,0.18
1618220700,0.18,0.18
1618221600,0.18,0.18
1618222500,0.18,0.18
1618223400,0.18,0.18
1618224300,0.18,0.18
1618225200,0.18,0.18
1618226100,0.18,0.18
1618227000,0.18,0.18
1618227900,0.18,0.18
1618228800,0.18,0.18
1618229700,0.18,0.18
1618230600,0.18,0.18
1618231500,0.18,0.18
1618232400,0.18,0.18
1618233300,0.18,0.18
1618234200,0.18,0.18
1618235100,0.18,0.18
1618236000,0.18,0.18
1618236900,0.18,0.18
1618237800,0.18,0.18
1618238700,0.18,0.18
1618239600,0.18,0.18
1618240500,0.18,0.18
1618241400,0.18,0.18
1618242300,0.18,0.18
1618243200,0.18,0.18
1618244100,0.18,0.18
1618245000,0.18,0.18
1618245900,0.18,0.18
1618246800,0.18,0.18
1618247700,0.18,0.18
1618248600,0.18,0.18
1618249500,0.18,0.18
1618250400,0.18,0.18
1618251300,0.18,0.18
1618252200,0.18,0.18
1618253100,0.18,0.18
1618254000,0.18,0.18
1618254900,0.18,0.18
1618255800,0.18,0.18
1618256700,0.18,0.18
1618257600,0.18,0.18
1618258500,0.18,0.18
1618259400,0.18,0.18
1618260300,0.18,0.18
1618261200,0.18,0.18
1618262100,0.18,0.18
1618263000,0.18,0.18
1618263900,0.18,0.18
1618264800,0.18,0.18
1618265700,0.18,0.18
1618266600,0.18,0.18
1618267500,0.18,0.18
1618268400,0.18,0.18
1618269300,0.18,0.18
1618270200,0.18,0.18
1618271100,0.18,0.18
1618272000,0.18,0.18
1618272900,0.18,0.18
1618273800,0.18,0.18
1618274700,0.18,0.18
1618275600,0.18,0.18
1618276500,0.18,0.18
1618277400,0.18,0.18
1618278300,0.18,0.18
1618279200,0.18,0.18
1618280100,0.18,0.18
1618281000,0.18,0.18
1618281900,0.18,0.18
1618282800,0.18,0.18
1618283700,0.18,0.18
1618284600,0.18,0.18
1618285500,0.18,0.18
1618286400,0.18,0.18
1618287300,0.18,0.18
1618288200,0.18,0.18
1618289100,0.18,0.18
1618290000,0.18,0.18
1618290900,0.18,0.18
1618291800,0.18,0.18
1618292700,0.18,0.18
1618293600,0.18,0.18
1618294500,0.18,0.18
1618295400,0.18,0.18
1618296300,0.18,0.18
1618297200,0.18,0.18
1618298100,0.18,0.18
1618299000,0.18,0.18
1618299900,0.18,0.18
1618300800,0.18,0.18
1618301700,0.18,0.18
1618302600,0.18,0.18
1618303500,0.18,0.18
1618304400,0.18,0.18
1618305300,0.18,0.18
1618306200,0.18,0.18
1618307100,0.18,0.18
1618308000,0.18,0.18
1618308900,0.18,0.18
1618309800,0.18,0.18
1618310700,0.18,0.18
1618311600,0.18,0.18
1618312500,0.18,0.18
1618313400,0.18,0.18
1618314300,0.18,0.18
1618315200,0.18,0.18
1618316100,0.18,0.18
1618317000,0.18,0.18
1618317900,0.18,0.18
1618318800,0.18,0.18
1618319700,0.18,0.18
1618320600,0.18,0.18
1618321500,0.18,0.18
1618322400,0.18,0.18
1618323300,0.18,0.18
1618324200,0.18,0.18
1618325100,0.18,0.18
1618326000,0.18,0.18
1618326900,0.18,0.18
1618327800,0.18,0.18
1618328700,0.18,0.18
1618329600,0.18,0.18
1618330500,0.18,0.18
1618331400,0.18,0.18
1618332300,0.18,0.18
1618333200,0.18,0.18
1618334100,0.18,0.18
1618335000,0.18,0.18
1618335900,0.18,0.18
1618336800,0.18,0.18
1618337700,0.18,0.18
1618338600,0.18,0.18
1618339500,0.18,0.18
1618340400,0.18,0.18
1618341300,0.18,0.18
1618342200,0.18,0.18
1618343100,0.18,0.18
1618344000,0.18,0.18
1618344900,0.18,0.18
1618345800,0.18,0.18
1618346700,0.18,0.18
1618347600,0.18,0.18
1618348500,0.18,0.18
1618349400,0.18,0.18
1618350300,0.18,0.18
1618351200,0.18,0.18
1618352100,0.18,0.18
1618353000,0.18,0.18
1618353900,0.18,0.18
1618354800,0.18,0.18
1618355700,0.18,0.18
1618356600,0.18,0.18
1618357500,0.18,0.18
1618358400,0.18,0.18
1618359300,0.18,0.18
1618360200,0.18,0.18
1618361100,0.18,0.18
1618362000,0.18,0.18
1618362900,0.18,0.18
1618363800,0.18,0.18
1618364700,0.18,0.18
1618365600,0.18,0.18
1618366500,0.18,0.18
1618367400,0.18,0.18
1618368300,0.18,0.18
1618369200,0.18,0.18
1618370100,0.18,0.18
1618371000,0.18,0.18
1618371900,0.18,0.18
1618372800,0.18,0.18
1618373700,0.18,0.18
1618374600,0.18,0.18
1618375500,0.18,0.18
1618376400,0.18,0.18
1618377300,0.18,0.18
1618378200,0.18,0.18
1618379100,0.18,0.18
1618380000,0.18,0.18
1618380900,0.18,0.18
1618381800,0.18,0.18
1618382700,0.18,0.18
1618383600,0.18,0.18
1618384500,0.18,0.18
1618385400,0.18,0.18
1618386300,0.18,0.18
1618387200,0.18,0.18
1618388100,0.18,0.18
1618389000,0.18,0.18
1618389900,0.18,0.18
1618390800,0.18,0.18
1618391700,0.18,0.18
1618392600,0.18,0.18
1618393500,0.18,0.18
1618394400,0.18,0.18
1618395300,0.18,0.18
1618396200,0.18,0.18
1618397100,0.18,0.18
1618398000,0.18,0.18
1618398900,0.18,0.18
1618399800,0.18,0.18
1618400700,0.18,0.18
1618401600,0.18,0.18
1618402500,0.18,0.18
1618403400,0.18,0.18
1618404300,0.18,0.18
1618405200,0.18,0.18
1618406100,0.18,0.18
1618407000,0.18,0.18
1618407900,0.18,0.18
1618408800,0.18,0.18
1618409700,0.18,0.18
1618410600,0.18,0.18
1618411500,0.18,0.18
1618412400,0.18,0.18
1618413300,0.18,0.18
1618414200,0.18,0.18
1618415100,0.18,0.18
1618416000,0.18,0.18
1618416900,0.18,0.18
1618417800,0.18,0.18
1618418700,0.18,0.18
1618419600,0.18,0.18
1618420500,0.18,0.18
1618421400,0.18,0.18
1618422300,0.18,0.18
1618423200,0.18,0.18
1618424100,0.18,0.18
1618425000,0.18,0.18
1618425900,0.18,0.18
1618426800,0.18,0.18
1618427700,0.18,0.18
1618428600,0.18,0.18
1618429500,0.18,0.18
1618430400,0.18,0.18
1618431300,0.18,0.18
1618432200,0.18,0.18
1618433100,0.18,0.18
1618434000,0.18,0.18
1618434900,0.18,0.18
1618435800,0.18,0.18
1618436700,0.18,0.18
1618437600,0.18,0.18
1618438500,0.18,0.18
1618439400,0.18,0.18
1618440300,0.18,0.18
1618441200,0.18,0.18
1618442100,0.18,0.18
1618443000,0.18,0.18
1618443900,0.18,0.18
1618444800,0.18,0.18
1618445700,0.18,0.18
1618446600,0.18,0.18
1618447500,0.18,0.18
1618448400,0.18,0.18
1618449300,0.18,0.18
1618450200,0.18,0.18
1618451100,0.18,0.18
1618452000,0.18,0.18
1618452900,0.18,0.18
1618453800,0.18,0.18
1618454700,0.18,0.18
1618455600,0.18,0.18
1618456500,0.18,0.18
1618457400,0.18,0.18
1618458300,0.18,0.18
1618459200,0.18,0.18
1618460100,0.18,0.18
1618461000,0.18,0.18
1618461900,0.18,0.18
1618462800,0.18,0.18
1618463700,0.18,0.18
1618464600,0.18,0.18
1618465500,0.18,0.18
1618466400,0.18,0.18
1618467300,0.18,0.18
1618468200,0.18,0.18
1618469100,0.18,0.18
1618470000,0.18,0.18
1618470900,0.18,0.18
1618471800,0.18,0.18
1618472700,0.18,0.18
1618473600,0.18,0.18
1618474500,0.18,0.18
1618475400,0.18,0.18
1618476300,0.18,0.18
1618477200,0.18,0.18
1618478100,0.18,0.18
1618479000,0.18,0.18
1618479900,0.18,0.18
1618480800,0.18,0.18
1618481700,0.18,0.18
1618482600,0.18,0.18
1618483500,0.18,0.18
1618484400,0.18,0.18
1618485300,0.18,0.18
1618486200,0.18,0.18
1618487100,0.18,0.18
1618488000,0.18,0.18
1618488900,0.18,0.18
1618489800,0.18,0.18
1618490700,0.18,0.18
1618491600,0.18,0.18
1618492500,0.18,0.18
1618493400,0.18,0.18
1618494300,0.18,0.18
1618495200,0.18,0.18
1618496100,0.18,0.18
1618497000,0.18,0.18
1618497900,0.18,0.18
1618498800,0.18,0.18
1618499700,0.18,0.18
1618500600,0.18,0.18
1618501500,0.18,0.18
1618502400,0.18,0.18
1618503300,0.18,0.18
1618504200,0.18,0.18
1618505100,0.18,0.18
1618506000,0.18,0.18
1618506900,0.18,0.18
1618507800,0.18,0.18
1618508700,0.18,0.18
1618509600,0.18,0.18
1618510500,0.18,0.18
1618511400,0.18,0.18
1618512300,0.18,0.18
1618513200,0.18,0.18
1618514100,0.18,0.18
1618515000,0.18,0.18
1618515900,0.18,0.18
1618516800,0.18,0.18
1618517700,0.18,0.18
1618518600,0.18,0.18
1618519500,0.18,0.18
1618520400,0.18,0.18
1618521300,0.18,0.18
1618522200,0.18,0.18
1618523100,0.18,0.18
1618524000,0.18,0.18
1618524900,0.18,0.18
1618525800,0.18,0.18
1618526700,0.18,0.18
1618527600,0.18,0.18
1618528500,0.18,0.18
1618529400,0.18,0.18
1618530300,0.18,0.18
1618531200,0.18,0.18
1618532100,0.18,0.18
1618533000,0.18,0.18
1618533900,0.18,0.18
1618534800,0.18,0.18
1618535700,0.18,0.18
1618536600,0.18,0.18
1618537500,0.18,0.18
1618538400,0.18,0.18
1618539300,0.18,0.18
1618540200,0.18,0.18
1618541100,0.18,0.18
1618542000,0.18,0.18
1618542900,0.18,0.18
1618543800,0.18,0.18
1618544700,0.18,0.18
1618545600,0.18,0.18
1618546500,0.18,0.18
1618547400,0.18,0.18
1618548300,0.18,0.18
1618549200,0.18,0.18
1618550100,0.18,0.18
1618551000,0.18,0.18
1618551900,0.18,0.18
1618552800,0.18,0.18
1618553700,0.18,0.18
1618554600,0.18,0.18
1618555500,0.18,0.18
1618556400,0.18,0.18
1618557300,0.18,0.18
1618558200,0.18,0.18
1618559100,0.18,0.18
1618560000,0.18,0.18
1618560900,0.18,0.18
1618561800,0.18,0.18
1618562700,0.18,0.18
1618563600,0.18,0.18
1618564500,0.18,0.18
1618565400,0.18,0.18
1618566300,0.18,0.18
1618567200,0.18,0.18
1618568100,0.18,0.18
1618569000,0.18,0.18
1618569900,0.18,0.18
1618570800,0.18,0.18
1618571700,0.18,0.18
1618572600,0.18,0.18
1618573500,0.18,0.18
1618574400,0.18,0.18
1618575300,0.18,0.18
1618576200,0.18,0.18
1618577100,0.18,0.18
1618578000,0.18,0.18
1618578900,0.18,0.18
1618579800,0.18,0.18
1618580700,0.18,0.18
1618581600,0.18,0.18
1618582500,0.18,0.18
1618583400,0.18,0.18
1618584300,0.18,0.18
1618585200,0.18,0.18
1618586100,0.18,0.18
1618587000,0.18,0.18
1618587900,0.18,0.18
1618588800,0.18,0.18
1618589700,0.18,0.18
1618590600,0.18,0.18
1618591500,0.18,0.18
1618592400,0.18,0.18
1618593300,0.18,0.18
1618594200,0.18,0.18
1618595100,0.18,0.18
1618596000,0.18,0.18
1618596900,0.18,0.18
1618597800,0.18,0.18
1618598700,0.18,0.18
1618599600,0.18,0.18
1618600500,0.18,0.18
1618601400,0.18,0.18
1618602300,0.18,0.18
1618603200,0.18,0.18
1618604100,0.18,0.18
1618605000,0.18,0.18
1618605900,0.18,0.18
1618606800,0.18,0.18
1618607700,0.18,0.18
1618608600,0.18,0.18
1618609500,0.18,0.18
1618610400,0.18,0.18
1618611300,0.18,0.18
1618612200,0.18,0.18
1618613100,0.18,0.18
1618614000,0.18,0.18
1618614900,0.18,0.18
1618615800,0.18,0.18
1618616700,0.18,0.18
1618617600,0.18,0.18
1618618500,0.18,0.18
1618619400,0.18,0.18
1618620300,0.18,0.18
1618621200,0.18,0.18
1618622100,0.18,0.18
1618623000,0.18,0.18
1618623900,0.18,0.18
1618624800,0.18,0.18
1618625700,0.18,0.18
1618626600,0.18,0.18
1618627500,0.18,0.18
1618628400,0.18,0.18
1618629300,0.18,0.18
1618630200,0.18,0.18
1618631100,0.18,0.18
1618632000,0.18,0.18
1618632900,0.18,0.18
1618633800,0.18,0.18
1618634700,0.18,0.18
1618635600,0.18,0.18
1618636500,0.18,0.18
1618637400,0.18,0.18
1618638300,0.18,0.18
1618639200,0.18,0.18
1618640100,0.18,0.18
1618641000,0.18,0.18
1618641900,0.18,0.18
1618642800,0.18,0.18
1618643700,0.18,0.18
1618644600,0.18,0.18
1618645500,0.18,0.18
1618646400,0.18,0.18
1618647300,0.18,0.18
1618648200,0.18,0.18
1618649100,0.18,0.18
1618650000,0.18,0.18
1618650900,0.18,0.18
1618651800,0.18,0.18
1618652700,0.18,0.18
1618653600,0.18,0.18
1618654500,0.18,0.18
1618655400,0.18,0.18
1618656300,0.18,0.18
1618657200,0.18,0.18
1618658100,0.18,0.18
1618659000,0.18,0.18
1618659900,0.18,0.18
1618660800,0.18,0.18
1618661700,0.18,0.18
1618662600,0.18,0.18
1618663500,0.18,0.18
1618664400,0.18,0.18
1618665300,0.18,0.18
1618666200,0.18,0.18
1618667100,0.18,0.18
1618668000,0.18,0.18
1618668900,0.18,0.18
1618669800,0.18,0.18
1618670700,0.18,0.18
1618671600,0.18,0.18
1618672500,0.18,0.18
1618673400,0.18,0.18
1618674300,0.18,0.18
1618675200,0.18,0.18
1618676100,0.18,0.18
1618677000,0.18,0.18
1618677900,0.18,0.18
1618678800,0.18,0.18
1618679700,0.18,0.18
1618680600,0.18,0.18
1618681500,0.18,0.18
1618682400,0.18,0.18
1618683300,0.18,0.18
1618684200,0.18,0.18
1618685100,0.18,0.18
1618686000,0.18,0.18
1618686900,0.18,0.18
1618687800,0.18,0.18
1618688700,0.18,0.18
1618689600,0.18,0.18
1618690500,0.18,0.18
1618691400,0.18,0.18
1618692300,0.18,0.18
1618693200,0.18,0.18
1618694100,0.18,0.18
1618695000,0.18,0.18
1618695900,0.18,0.18
1618696800,0.18,0.18
1618697700,0.18,0.18
1618698600,0.18,0.18
1618699500,0.18,0.18
1618700400,0.18,0.18
1618701300,0.18,0.18
1618702200,0.18,0.18
1618703100,0.18,0.18
1618704000,0.18,0.18
1618704900,0.18,0.18
1618705800,0.18,0.18
1618706700,0.18,0.18
1618707600,0.18,0.18
1618708500,0.18,0.18
1618709400,0.18,0.18
1618710300,0.18,0.18
1618711200,0.18,0.18
1618712100,0.18,0.18
1618713000,0.18,0.18
1618713900,0.18,0.18
1618714800,0.18,0.18
1618715700,0.18,0.18
1618716600,0.18,0.18
1618717500,0.18,0.18
1618718400,0.18,0.18
1618719300,0.18,0.18
1618720200,0.18,0.18
1618721100,0.18,0.18
1618722000,0.18,0.18
1618722900,0.18,0.18
1618723800,0.18,0.18
1618724700,0.18,0.18
1618725600,0.18,0.18
1618726500,0.18,0.18
1618727400,0.18,0.18
1618728300,0.18,0.18
1618729200,0.18,0.18
1618730100,0.18,0.18
1618731000,0.18,0.18
1618731900,0.18,0.18
1618732800,0.18,0.18
1618733700,0.18,0.18
1618734600,0.18,0.18
1618735500,0.18,0.18
1618736400,0.18,0.18
1618737300,0.18,0.18
1618738200,0.18,0.18
1618739100,0.18,0.18
1618740000,0.18,0.18
1618740900,0.18,0.18
1618741800,0.18,0.18
1618742700,0.18,0.18
1618743600,0.18,0.18
1618744500,0.18,0.18
1618745400,0.18,0.18
1618746300,0.18,0.18
1618747200,0.18,0.18
1618748100,0.18,0.18
1618749000,0.18,0.18
1618749900,0.18,0.18
1618750800,0.18,0.18
1618751700,0.18,0.18
1618752600,0.18,0.18
1618753500,0.18,0.18
1618754400,0.18,0.18
1618755300,0.18,0.18
1618756200,0.18,0.18
1618757100,0.18,0.18
1618758000,0.18,0.18
1618758900,0.18,0.18
1618759800,0.18,0.18
1618760700,0.18,0.18
1618761600,0.18,0.18
1618762500,0.18,0.18
1618763400,0.18,0.18
1618764300,0.18,0.18
1618765200,0.18,0.18
1618766100,0.18,0.18
1618767000,0.18,0.18
1618767900,0.18,0.18
1618768800,0.18,0.18
1618769700,0.18,0.18
1618770600,0.18,0.18
1618771500,0.18,0.18
1618772400,0.18,0.18
1618773300,0.18,0.18
1618774200,0.18,0.18
1618775100,0.18,0.18
1618776000,0.18,0.18
1618776900,0.18,0.18
1618777800,0.18,0.18
1618778700,0.18,0.18
1618779600,0.18,0.18
1618780500,0.18,0.18
1618781400,0.18,0.18
1618782300,0.18,0.18
1618783200,0.18,0.18
1618784100,0.18,0.18
1618785000,0.18,0.18
1618785900,0.18,0.18
1618786800,0.18,0.18
1618787700,0.18,0.18
1618788600,0.18,0.18
1618789500,0.18,0.18
1618790400,0.18,0.18
1618791300,0.18,0.18
1618792200,0.18,0.18
1618793100,0.18,0.18
1618794000,0.18,0.18
1618794900,0.18,0.18
1618795800,0.18,0.18
1618796700,0.18,0.18
1618797600,0.18,0.18
1618798500,0.18,0.18
1618799400,0.18,0.18
1618800300,0.18,0.18
1618801200,0.18,0.18
1618802100,0.18,0.18
1618803000,0.18,0.18
1618803900,0.18,0.18
1618804800,0.18,0.18
1618805700,0.18,0.18
1618806600,0.18,0.18
1618807500,0.18,0.18
1618808400,0.18,0.18
1618809300,0.18,0.18
1618810200,0.18,0.18
1618811100,0.18,0.18
1618812000,0.18,0.18
1618812900,0.18,0.18
1618813800,0.18,0.18
1618814700,0.18,0.18
1618815600,0.18,0.18
1618816500,0.18,0.18
1618817400,0.18,0.18
1618818300,0.18,0.18
1618819200,0.18,0.18
1618820100,0.18,0.18
1618821000,0.18,0.18
1618821900,0.18,0.18
1618822800,0.18,0.18
1618823700,0.18,0.18
1618824600,0.18,0.18
1618825500,0.18,0.18
1618826400,0.18,0.18
1618827300,0.18,0.18
1618828200,0.18,0.18
1618829100,0.18,0.18
1618830000,0.18,0.18
1618830900,0.18,0.18
1618831800,0.18,0.18
1618832700,0.18,0.18
1618833600,0.18,0.18
1618834500,0.18,0.18
1618835400,0.18,0.18
1618836300,0.18,0.18
1618837200,0.18,0.18
1618838100,0.18,0.18
1618839000,0.18,0.18
1618839900,0.18,0.18
1618840800,0.18,0.18
1618841700,0.18,0.18
1618842600,0.18,0.18
1618843500,0.18,0.18
1618844400,0.18,0.18
1618845300,0.18,0.18
1618846200,0.18,0.18
1618847100,0.18,0.18
1618848000,0.18,0.18
1618848900,0.18,0.18
1618849800,0.18,0.18
1618850700,0.18,0.18
1618851600,0.18,0.18
1618852500,0.18,0.18
1618853400,0.18,0.18
1618854300,0.18,0.18
1618855200,0.18,0.18
1618856100,0.18,0.18
1618857000,0.18,0.18
1618857900,0.18,0.18
1618858800,0.18,0.18
1618859700,0.18,0.18
1618860600,0.18,0.18
1618861500,0.18,0.18
1618862400,0.18,0.18
1618863300,0.18,0.18
1618864200,0.18,0.18
1618865100,0.18,0.18
1618866000,0.18,0.18
1618866900,0.18,0.18
1618867800,0.18,0.18
1618868700,0.18,0.18
1618869600,0.18,0.18
1618870500,0.18,0.18
1618871400,0.18,0.18
1618872300,0.18,0.18
1618873200,0.18,0.18
1618874100,0.18,0.18
1618875000,0.18,0.18
1618875900,0.18,0.18
1618876800,0.18,0.18
1618877700,0.18,0.18
1618878600,0.18,0.18
1618879500,0.18,0.18
1618880400,0.18,0.18
1618881300,0.18,0.18
1618882200,0.18,0.18
1618883100,0.18,0.18
1618884000,0.18,0.18
1618884900,0.18,0.18
1618885800,0.18,0.18
1618886700,0.18,0.18
1618887600,0.18,0.18
1618888500,0.18,0.18
1618889400,0.18,0.18
1618890300,0.18,0.18
1618891200,0.18,0.18
1618892100,0.18,0.18
1618893000,0.18,0.18
1618893900,0.18,0.18
1618894800,0.18,0.18
1618895700,0.18,0.18
1618896600,0.18,0.18
1618897500,0.18,0.18
1618898400,0.18,0.18
1618899300,0.18,0.18
1618900200,0.18,0.18
1618901100,0.18,0.18
1618902000,0.18,0.18
1618902900,0.18,0.18
1618903800,0.18,0.18
1618904700,0.18,0.18
1618905600,0.18,0.18
1618906500,0.18,0.18
1618907400,0.18,0.18
1618908300,0.18,0.18
1618909200,0.18,0.18
1618910100,0.18,0.18
1618911000,0.18,0.18
1618911900,0.18,0.18
1618912800,0.18,0.18
1618913700,0.18,0.18
1618914600,0.18,0.18
1618915500,0.18,0.18
1618916400,0.18,0.18
1618917300,0.18,0.18
1618918200,0.18,0.18
1618919100,0.18,0.18
1618920000,0.18,0.18
1618920900,0.18,0.18
1618921800,0.18,0.18
1618922700,0.18,0.18
1618923600,0.18,0.18
1618924500,0.18,0.18
1618925400,0.18,0.18
1618926300,0.18,0.18
1618927200,0.18,0.18
1618928100,0.18,0.18
1618929000,0.18,0.18
1618929900,0.18,0.18
1618930800,0.18,0.18
1618931700,0.18,0.18
1618932600,0.18,0.18
1618933500,0.18,0.18
1618934400,0.18,0.18
1618935300,0.18,0.18
1618936200,0.18,0.18
1618937100,0.18,0.18
1618938000,0.18,0.18
1618938900,0.18,0.18
1618939800,0.18,0.18
1618940700,0.18,0.18
1618941600,0.18,0.18
1618942500,0.18,0.18
1618943400,0.18,0.18
1618944300,0.18,0.18
1618945200,0.18,0.18
1618946100,0.18,0.18
1618947000,0.18,0.18
1618947900,0.18,0.18
1618948800,0.18,0.18
1618949700,0.18,0.18
1618950600,0.18,0.18
1618951500,0.18,0.18
1618952400,0.18,0.18
1618953300,0.18,0.18
1618954200,0.18,0.18
1618955100,0.18,0.18
1618956000,0.18,0.18
1618956900,0.18,0.18
1618957800,0.18,0.18
1618958700,0.18,0.18
1618959600,0.18,0.18
1618960500,0.18,0.18
1618961400,0.18,0.18
1618962300,0.18,0.18
1618963200,0.18,0.18
1618964100,0.18,0.18
1618965000,0.18,0.18
1618965900,0.18,0.18
1618966800,0.18,0.18
1618967700,0.18,0.18
1618968600,0.18,0.18
1618969500,0.18,0.18
1618970400,0.18,0.18
1618971300,0.18,0.18
1618972200,0.18,0.18
1618973100,0.18,0.18
1618974000,0.18,0.18
1618974900,0.18,0.18
1618975800,0.18,0.18
1618976700,0.18,0.18
1618977600,0.18,0.18
1618978500,0.18,0.18
1618979400,0.18,0.18
1618980300,0.18,0.18
1618981200,0.18,0.18
1618982100,0.18,0.18
1618983000,0.18,0.18
1618983900,0.18,0.18
1618984800,0.18,0.18
1618985700,0.18,0.18
1618986600,0.18,0.18
1618987500,0.18,0.18
1618988400,0.18,0.18
1618989300,0.18,0.18
1618990200,0.18,0.18
1618991100,0.18,0.18
1618992000,0.18,0.18
1618992900,0.18,0.18
1618993800,0.18,0.18
1618994700,0.18,0.18
1618995600,0.18,0.18
1618996500,0.18,0.18
1618997400,0.18,0.18
1618998300,0.18,0.18
1618999200,0.18,0.18
1619000100,0.18,0.18
1619001000,0.18,0.18
1619001900,0.18,0.18
1619002800,0.18,0.18
1619003700,0.18,0.18
1619004600,0.18,0.18
1619005500,0.18,0.18
1619006400,0.18,0.18
1619007300,0.18,0.18
1619008200,0.18,0.18
1619009100,0.18,0.18
1619010000,0.18,0.18
1619010900,0.18,0.18
1619011800,0.18,0.18
1619012700,0.18,0.18
1619013600,0.18,0.18
1619014500,0.18,0.18
1619015400,0.18,0.18
1619016300,0.18,0.18
1619017200,0.18,0.18
1619018100,0.18,0.18
1619019000,0.18,0.18
1619019900,0.18,0.18
1619020800,0.18,0.18
1619021700,0.18,0.18
1619022600,0.18,0.18
1619023500,0.18,0.18
1619024400,0.18,0.18
1619025300,0.18,0.18
1619026200,0.18,0.18
1619027100,0.18,0.18
1619028000,0.18,0.18
1619028900,0.18,0.18
1619029800,0.18,0.18
1619030700,0.18,0.18
1619031600,0.18,0.18
1619032500,0.18,0.18
1619033400,0.18,0.18
1619034300,0.18,0.18
1619035200,0.18,0.18
1619036100,0.18,0.18
1619037000,0.18,0.18
1619037900,0.18,0.18
1619038800,0.18,0.18
1619039700,0.18,0.18
1619040600,0.18,0.18
1619041500,0.18,0.18
1619042400,0.18,0.18
1619043300,0.18,0.18
1619044200,0.18,0.18
1619045100,0.18,0.18
1619046000,0.18,0.18
1619046900,0.18,0.18
1619047800,0.18,0.18
1619048700,0.18,0.18
1619049600,0.18,0.18
1619050500,0.18,0.18
1619051400,0.18,0.18
1619052300,0.18,0.18
1619053200,0.18,0.18
1619054100,0.18,0.18
1619055000,0.18,0.18
1619055900,0.18,0.18
1619056800,0.18,0.18
1619057700,0.18,0.18
1619058600,0.18,0.18
1619059500,0.18,0.18
1619060400,0.18,0.18
1619061300,0.18,0.18
1619062200,0.18,0.18
1619063100,0.18,0.18
1619064000,0.18,0.18
1619064900,0.18,0.18
1619065800,0.18,0.18
1619066700,0.18,0.18
1619067600,0.18,0.18
1619068500,0.18,0.18
1619069400,0.18,0.18
1619070300,0.18,0.18
1619071200,0.18,0.18
1619072100,0.18,0.18
1619073000,0.18,0.18
1619073900,0.18,0.18
1619074800,0.18,0.18
1619075700,0.18,0.18
1619076600,0.18,0.18
1619077500,0.18,0.18
1619078400,0.18,0.18
1619079300,0.18,0.18
1619080200,0.18,0.18
1619081100,0.18,0.18
1619082000,0.18,0.18
1619082900,0.18,0.18
1619083800,0.18,0.18
1619084700,0.18,0.18
1619085600,0.18,0.18
1619086500,0.18,0.18
1619087400,0.18,0.18
1619088300,0.18,0.18
1619089200,0.18,0.18
1619090100,0.18,0.18
1619091000,0.18,0.18
1619091900,0.18,0.18
1619092800,0.18,0.18
1619093700,0.18,0.18
1619094600,0.18,0.18
1619095500,0.18,0.18
1619096400,0.18,0.18
1619097300,0.18,0.18
1619098200,0.18,0.18
1619099100,0.18,0.18
1619100000,0.18,0.18
1619100900,0.18,0.18
1619101800,0.18,0.18
1619102700,0.18,0.18
1619103600,0.18,0.18
1619104500,0.18,0.18
1619105400,0.18,0.18
1619106300,0.18,0.18
1619107200,0.18,0.18
1619108100,0.18,0.18
1619109000,0.18,0.18
1619109900,0.18,0.18
1619110800,0.18,0.18
1619111700,0.18,0.18
1619112600,0.18,0.18
1619113500,0.18,0.18
1619114400,0.18,0.18
1619115300,0.18,0.18
1619116200,0.18,0.18
1619117100,0.18,0.18
1619118000,0.18,0.18
1619118900,0.18,0.18
1619119800,0.18,0.18
1619120700,0.18,0.18
1619121600,0.18,0.18
1619122500,0.18,0.18
1619123400,0.18,0.18
1619124300,0.18,0.18
1619125200,0.18,0.18
1619126100,0.18,0.18
1619127000,0.18,0.18
1619127900,0.18,0.18
1619128800,0.18,0.18
1619129700,0.18,0.18
1619130600,0.18,0.18
1619131500,0.18,0.18
1619132400,0.18,0.18
1619133300,0.18,0.18
1619134200,0.18,0.18
1619135100,0.18,0.18
1619136000,0.18,0.18
1619136900,0.18,0.18
1619137800,0.18,0.18
1619138700,0.18,0.18
1619139600,0.18,0.18
1619140500,0.18,0.18
1619141400,0.18,0.18
1619142300,0.18,0.18
1619143200,0.18,0.18
1619144100,0.18,0.18
1619145000,0.18,0.18
1619145900,0.18,0.18
1619146800,0.18,0.18
1619147700,0.18,0.18
1619148600,0.18,0.18
1619149500,0.18,0.18
1619150400,0.18,0.18
1619151300,0.18,0.18
1619152200,0.18,0.18
1619153100,0.18,0.18
1619154000,0.18,0.18
1619154900,0.18,0.18
1619155800,0.18,0.18
1619156700,0.18,0.18
1619157600,0.18,0.18
1619158500,0.18,0.18
1619159400,0.18,0.18
1619160300,0.18,0.18
1619161200,0.18,0.18
1619162100,0.18,0.18
1619163000,0.18,0.18
1619163900,0.18,0.18
1619164800,0.18,0.18
1619165700,0.18,0.18
1619166600,0.18,0.18
1619167500,0.18,0.18
1619168400,0.18,0.18
1619169300,0.18,0.18
1619170200,0.18,0.18
1619171100,0.18,0.18
1619172000,0.18,0.18
1619172900,0.18,0.18
1619173800,0.18,0.18
1619174700,0.18,0.18
1619175600,0.18,0.18
1619176500,0.18,0.18
1619177400,0.18,0.18
1619178300,0.18,0.18
1619179200,0.18,0.18
1619180100,0.18,0.18
1619181000,0.18,0.18
1619181900,0.18,0.18
1619182800,0.18,0.18
1619183700,0.18,0.18
1619184600,0.18,0.18
1619185500,0.18,0.18
1619186400,0.18,0.18
1619187300,0.18,0.18
1619188200,0.18,0.18
1619189100,0.18,0.18
1619190000,0.18,0.18
1619190900,0.18,0.18
1619191800,0.18,0.18
1619192700,0.18,0.18
1619193600,0.18,0.18
1619194500,0.18,0.18
1619195400,0.18,0.18
1619196300,0.18,0.18
1619197200,0.18,0.18
1619198100,0.18,0.18
1619199000,0.18,0.18
1619199900,0.18,0.18
1619200800,0.18,0.18
1619201700,0.18,0.18
1619202600,0.18,0.18
1619203500,0.18,0.18
1619204400,0.18,0.18
1619205300,0.18,0.18
1619206200,0.18,0.18
1619207100,0.18,0.18
1619208000,0.18,0.18
1619208900,0.18,0.18
1619209800,0.18,0.18
1619210700,0.18,0.18
1619211600,0.18,0.18
1619212500,0.18,0.18
1619213400,0.18,0.18
1619214300,0.18,0.18
1619215200,0.18,0.18
1619216100,0.18,0.18
1619217000,0.18,0.18
1619217900,0.18,0.18
1619218800,0.18,0.18
1619219700,0.18,0.18
1619220600,0.18,0.18
1619221500,0.18,0.18
1619222400,0.18,0.18
1619223300,0.18,0.18
1619224200,0.18,0.18
1619225100,0.18,0.18
1619226000,0.18,0.18
1619226900,0.18,0.18
1619227800,0.18,0.18
1619228700,0.18,0.18
1619229600,0.18,0.18
1619230500,0.18,0.18
1619231400,0.18,0.18
1619232300,0.18,0.18
1619233200,0.18,0.18
1619234100,0.18,0.18
1619235000,0.18,0.18
1619235900,0.18,0.18
1619236800,0.18,0.18
1619237700,0.18,0.18
1619238600,0.18,0.18
1619239500,0.18,0.18
1619240400,0.18,0.18
1619241300,0.18,0.18
1619242200,0.18,0.18
1619243100,0.18,0.18
1619244000,0.18,0.18
1619244900,0.18,0.18
1619245800,0.18,0.18
1619246700,0.18,0.18
1619247600,0.18,0.18
1619248500,0.18,0.18
1619249400,0.18,0.18
1619250300,0.18,0.18
1619251200,0.18,0.18
1619252100,0.18,0.18
1619253000,0.18,0.18
1619253900,0.18,0.18
1619254800,0.18,0.18
1619255700,0.18,0.18
1619256600,0.18,0.18
1619257500,0.18,0.18
1619258400,0.18,0.18
1619259300,0.18,0.18
1619260200,0.18,0.18
1619261100,0.18,0.18
1619262000,0.18,0.18
1619262900,0.18,0.18
1619263800,0.18,0.18
1619264700,0.18,0.18
1619265600,0.18,0.18
1619266500,0.18,0.18
1619267400,0.18,0.18
1619268300,0.18,0.18
1619269200,0.18,0.18
1619270100,0.18,0.18
1619271000,0.18,0.18
1619271900,0.18,0.18
1619272800,0.18,0.18
1619273700,0.18,0.18
1619274600,0.18,0.18
1619275500,0.18,0.18
1619276400,0.18,0.18
1619277300,0.18,0.18
1619278200,0.18,0.18
1619279100,0.18,0.18
1619280000,0.18,0.18
1619280900,0.18,0.18
1619281800,0.18,0.18
1619282700,0.18,0.18
1619283600,0.18,0.18
1619284500,0.18,0.18
1619285400,0.18,0.18
1619286300,0.18,0.18
1619287200,0.18,0.18
1619288100,0.18,0.18
1619289000,0.18,0.18
1619289900,0.18,0.18
1619290800,0.18,0.18
1619291700,0.18,0.18
1619292600,0.18,0.18
1619293500,0.18,0.18
1619294400,0.18,0.18
1619295300,0.18,0.18
1619296200,0.18,0.18
1619297100,0.18,0.18
1619298000,0.18,0.18
1619298900,0.18,0.18
1619299800,0.18,0.18
1619300700,0.18,0.18
1619301600,0.18,0.18
1619302500,0.18,0.18
1619303400,0.18,0.18
1619304300,0.18,0.18
1619305200,0.18,0.18
1619306100,0.18,0.18
1619307000,0.18,0.18
1619307900,0.18,0.18
1619308800,0.18,0.18
1619309700,0.18,0.18
1619310600,0.18,0.18
1619311500,0.18,0.18
1619312400,0.18,0.18
1619313300,0.18,0.18
1619314200,0.18,0.18
1619315100,0.18,0.18
1619316000,0.18,0.18
1619316900,0.18,0.18
1619317800,0.18,0.18
1619318700,0.18,0.18
1619319600,0.18,0.18
1619320500,0.18,0.18
1619321400,0.18,0.18
1619322300,0.18,0.18
1619323200,0.18,0.18
1619324100,0.18,0.18
1619325000,0.18,0.18
1619325900,0.18,0.18
1619326800,0.18,0.18
1619327700,0.18,0.18
1619328600,0.18,0.18
1619329500,0.18,0.18
1619330400,0.18,0.18
1619331300,0.18,0.18
1619332200,0.18,0.18
1619333100,0.18,0.18
1619334000,0.18,0.18
1619334900,0.18,0.18
1619335800,0.18,0.18
1619336700,0.18,0.18
1619337600,0.18,0.18
1619338500,0.18,0.18
1619339400,0.18,0.18
1619340300,0.18,0.18
1619341200,0.18,0.18
1619342100,0.18,0.18
1619343000,0.18,0.18
1619343900,0.18,0.18
1619344800,0.18,0.18
1619345700,0.18,0.18
1619346600,0.18,0.18
1619347500,0.18,0.18
1619348400,0.18,0.18
1619349300,0.18,0.18
1619350200,0.18,0.18
1619351100,0.18,0.18
1619352000,0.18,0.18
1619352900,0.18,0.18
1619353800,0.18,0.18
1619354700,0.18,0.18
1619355600,0.18,0.18
1619356500,0.18,0.18
1619357400,0.18,0.18
1619358300,0.18,0.18
1619359200,0.18,0.18
1619360100,0.18,0.18
1619361000,0.18,0.18
1619361900,0.18,0.18
1619362800,0.18,0.18
1619363700,0.18,0.18
1619364600,0.18,0.18
1619365500,0.18,0.18
1619366400,0.18,0.18
1619367300,0.18,0.18
1619368200,0.18,0.18
1619369100,0.18,0.18
1619370000,0.18,0.18
1619370900,0.18,0.18
1619371800,0.18,0.18
1619372700,0.18,0.18
1619373600,0.18,0.18
1619374500,0.18,0.18
1619375400,0.18,0.18
1619376300,0.18,0.18
1619377200,0.18,0.18
1619378100,0.18,0.18
1619379000,0.18,0.18
1619379900,0.18,0.18
1619380800,0.18,0.18
1619381700,0.18,0.18
1619382600,0.18,0.18
1619383500,0.18,0.18
1619384400,0.18,0.18
1619385300,0.18,0.18
1619386200,0.18,0.18
1619387100,0.18,0.18
1619388000,0.18,0.18
1619388900,0.18,0.18
1619389800,0.18,0.18
1619390700,0.18,0.18
1619391600,0.18,0.18
1619392500,0.18,0.18
1619393400,0.18,0.18
1619394300,0.18,0.18
1619395200,0.18,0.18
1619396100,0.18,0.18
1619397000,0.18,0.18
1619397900,0.18,0.18
1619398800,0.18,0.18
1619399700,0.18,0.18
1619400600,0.18,0.18
1619401500,0.18,0.18
1619402400,0.18,0.18
1619403300,0.18,0.18
1619404200,0.18,0.18
1619405100,0.18,0.18
1619406000,0.18,0.18
1619406900,0.18,0.18
1619407800,0.18,0.18
1619408700,0.18,0.18
1619409600,0.18,0.18
1619410500,0.18,0.18
1619411400,0.18,0.18
1619412300,0.18,0.18
1619413200,0.18,0.18
1619414100,0.18,0.18
1619415000,0.18,0.18
1619415900,0.18,0.18
1619416800,0.18,0.18
1619417700,0.18,0.18
1619418600,0.18,0.18
1619419500,0.18,0.18
1619420400,0.18,0.18
1619421300,0.18,0.18
1619422200,0.18,0.18
1619423100,0.18,0.18
1619424000,0.18,0.18
1619424900,0.18,0.18
1619425800,0.18,0.18
1619426700,0.18,0.18
1619427600,0.18,0.18
1619428500,0.18,0.18
1619429400,0.18,0.18
1619430300,0.18,0.18
1619431200,0.18,0.18
1619432100,0.18,0.18
1619433000,0.18,0.18
1619433900,0.18,0.18
1619434800,0.18,0.18
1619435700,0.18,0.18
1619436600,0.18,0.18
1619437500,0.18,0.18
1619438400,0.18,0.18
1619439300,0.18,0.18
1619440200,0.18,0.18
1619441100,0.18,0.18
1619442000,0.18,0.18
1619442900,0.18,0.18
1619443800,0.18,0.18
1619444700,0.18,0.18
1619445600,0.18,0.18
1619446500,0.18,0.18
1619447400,0.18,0.18
1619448300,0.18,0.18
1619449200,0.18,0.18
1619450100,0.18,0.18
1619451000,0.18,0.18
1619451900,0.18,0.18
1619452800,0.18,0.18
1619453700,0.18,0.18
1619454600,0.18,0.18
1619455500,0.18,0.18
1619456400,0.18,0.18
1619457300,0.18,0.18
1619458200,0.18,0.18
1619459100,0.18,0.18
1619460000,0.18,0.18
1619460900,0.18,0.18
1619461800,0.18,0.18
1619462700,0.18,0.18
1619463600,0.18,0.18
1619464500,0.18,0.18
1619465400,0.18,0.18
1619466300,0.18,0.18
1619467200,0.18,0.18
1619468100,0.18,0.18
1619469000,0.18,0.18
1619469900,0.18,0.18
1619470800,0.18,0.18
1619471700,0.18,0.18
1619472600,0.18,0.18
1619473500,0.18,0.18
1619474400,0.18,0.18
1619475300,0.18,0.18
1619476200,0.18,0.18
1619477100,0.18,0.18
1619478000,0.18,0.18
1619478900,0.18,0.18
1619479800,0.18,0.18
1619480700,0.18,0.18
1619481600,0.18,0.18
1619482500,0.18,0.18
1619483400,0.18,0.18
1619484300,0.18,0.18
1619485200,0.18,0.18
1619486100,0.18,0.18
1619487000,0.18,0.18
1619487900,0.18,0.18
1619488800,0.18,0.18
1619489700,0.18,0.18
1619490600,0.18,0.18
1619491500,0.18,0.18
1619492400,0.18,0.18
1619493300,0.18,0.18
1619494200,0.18,0.18
1619495100,0.18,0.18
1619496000,0.18,0.18
1619496900,0.18,0.18
1619497800,0.18,0.18
1619498700,0.18,0.18
1619499600,0.18,0.18
1619500500,0.18,0.18
1619501400,0.18,0.18
1619502300,0.18,0.18
1619503200,0.18,0.18
1619504100,0.18,0.18
1619505000,0.18,0.18
1619505900,0.18,0.18
1619506800,0.18,0.18
1619507700,0.18,0.18
1619508600,0.18,0.18
1619509500,0.18,0.18
1619510400,0.18,0.18
1619511300,0.18,0.18
1619512200,0.18,0.18
1619513100,0.18,0.18
1619514000,0.18,0.18
1619514900,0.18,0.18
1619515800,0.18,0.18
1619516700,0.18,0.18
1619517600,0.18,0.18
1619518500,0.18,0.18
1619519400,0.18,0.18
1619520300,0.18,0.18
1619521200,0.18,0.18
1619522100,0.18,0.18
1619523000,0.18,0.18
1619523900,0.18,0.18
1619524800,0.18,0.18
1619525700,0.18,0.18
1619526600,0.18,0.18
1619527500,0.18,0.18
1619528400,0.18,0.18
1619529300,0.18,0.18
1619530200,0.18,0.18
1619531100,0.18,0.18
1619532000,0.18,0.18
1619532900,0.18,0.18
1619533800,0.18,0.18
1619534700,0.18,0.18
1619535600,0.18,0.18
1619536500,0.18,0.18
1619537400,0.18,0.18
1619538300,0.18,0.18
1619539200,0.18,0.18
1619540100,0.18,0.18
1619541000,0.18,0.18
1619541900,0.18,0.18
1619542800,0.18,0.18
1619543700,0.18,0.18
1619544600,0.18,0.18
1619545500,0.18,0.18
1619546400,0.18,0.18
1619547300,0.18,0.18
1619548200,0.18,0.18
1619549100,0.18,0.18
1619550000,0.18,0.18
1619550900,0.18,0.18
1619551800,0.18,0.18
1619552700,0.18,0.18
1619553600,0.18,0.18
1619554500,0.18,0.18
1619555400,0.18,0.18
1619556300,0.18,0.18
1619557200,0.18,0.18
1619558100,0.18,0.18
1619559000,0.18,0.18
1619559900,0.18,0.18
1619560800,0.18,0.18
1619561700,0.18,0.18
1619562600,0.18,0.18
1619563500,0.18,0.18
1619564400,0.18,0.18
1619565300,0.18,0.18
1619566200,0.18,0.18
1619567100,0.18,0.18
1619568000,0.18,0.18
1619568900,0.18,0.18
1619569800,0.18,0.18
1619570700,0.18,0.18
1619571600,0.18,0.18
1619572500,0.18,0.18
1619573400,0.18,0.18
1619574300,0.18,0.18
1619575200,0.18,0.18
1619576100,0.18,0.18
1619577000,0.18,0.18
1619577900,0.18,0.18
1619578800,0.18,0.18
1619579700,0.18,0.18
1619580600,0.18,0.18
1619581500,0.18,0.18
1619582400,0.18,0.18
1619583300,0.18,0.18
1619584200,0.18,0.18
1619585100,0.18,0.18
1619586000,0.18,0.18
1619586900,0.18,0.18
1619587800,0.18,0.18
1619588700,0.18,0.18
1619589600,0.18,0.18
1619590500,0.18,0.18
1619591400,0.18,0.18
1619592300,0.18,0.18
1619593200,0.18,0.18
1619594100,0.18,0.18
1619595000,0.18,0.18
1619595900,0.18,0.18
1619596800,0.18,0.18
1619597700,0.18,0.18
1619598600,0.18,0.18
1619599500,0.18,0.18
1619600400,0.18,0.18
1619601300,0.18,0.18
1619602200,0.18,0.18
1619603100,0.18,0.18
1619604000,0.18,0.18
1619604900,0.18,0.18
1619605800,0.18,0.18
1619606700,0.18,0.18
1619607600,0.18,0.18
1619608500,0.18,0.18
1619609400,0.18,0.18
1619610300,0.18,0.18
1619611200,0.18,0.18
1619612100,0.18,0.18
1619613000,0.18,0.18
1619613900,0.18,0.18
1619614800,0.18,0.18
1619615700,0.18,0.18
1619616600,0.18,0.18
1619617500,0.18,0.18
1619618400,0.18,0.18
1619619300,0.18,0.18
1619620200,0.18,0.18
1619621100,0.18,0.18
1619622000,0.18,0.18
1619622900,0.18,0.18
1619623800,0.18,0.18
1619624700,0.18,0.18
1619625600,0.18,0.18
1619626500,0.18,0.18
1619627400,0.18,0.18
1619628300,0.18,0.18
1619629200,0.18,0.18
1619630100,0.18,0.18
1619631000,0.18,0.18
1619631900,0.18,0.18
1619632800,0.18,0.18
1619633700,0.18,0.18
1619634600,0.18,0.18
1619635500,0.18,0.18
1619636400,0.18,0.18
1619637300,0.18,0.18
1619638200,0.18,0.18
1619639100,0.18,0.18
1619640000,0.18,0.18
1619640900,0.18,0.18
1619641800,0.18,0.18
1619642700,0.18,0.18
1619643600,0.18,0.18
1619644500,0.18,0.18
1619645400,0.18,0.18
1619646300,0.18,0.18
1619647200,0.18,0.18
1619648100,0.18,0.18
1619649000,0.18,0.18
1619649900,0.18,0.18
1619650800,0.18,0.18
1619651700,0.18,0.18
1619652600,0.18,0.18
1619653500,0.18,0.18
1619654400,0.18,0.18
1619655300,0.18,0.18
1619656200,0.18,0.18
1619657100,0.18,0.18
1619658000,0.18,0.18
1619658900,0.18,0.18
1619659800,0.18,0.18
1619660700,0.18,0.18
1619661600,0.18,0.18
1619662500,0.18,0.18
1619663400,0.18,0.18
1619664300,0.18,0.18
1619665200,0.18,0.18
1619666100,0.18,0.18
1619667000,0.18,0.18
1619667900,0.18,0.18
1619668800,0.18,0.18
1619669700,0.18,0.18
1619670600,0.18,0.18
1619671500,0.18,0.18
1619672400,0.18,0.18
1619673300,0.18,0.18
1619674200,0.18,0.18
1619675100,0.18,0.18
1619676000,0.18,0.18
1619676900,0.18,0.18
1619677800,0.18,0.18
1619678700,0.18,0.18
1619679600,0.18,0.18
1619680500,0.18,0.18
1619681400,0.18,0.18
1619682300,0.18,0.18
1619683200,0.18,0.18
1619684100,0.18,0.18
1619685000,0.18,0.18
1619685900,0.18,0.18
1619686800,0.18,0.18
1619687700,0.18,0.18
1619688600,0.18,0.18
1619689500,0.18,0.18
1619690400,0.18,0.18
1619691300,0.18,0.18
1619692200,0.18,0.18
1619693100,0.18,0.18
1619694000,0.18,0.18
1619694900,0.18,0.18
1619695800,0.18,0.18
1619696700,0.18,0.18
1619697600,0.18,0.18
1619698500,0.18,0.18
1619699400,0.18,0.18
1619700300,0.18,0.18
1619701200,0.18,0.18
1619702100,0.18,0.18
1619703000,0.18,0.18
1619703900,0.18,0.18
1619704800,0.18,0.18
1619705700,0.18,0.18
1619706600,0.18,0.18
1619707500,0.18,0.18
1619708400,0.18,0.18
1619709300,0.18,0.18
1619710200,0.18,0.18
1619711100,0.18,0.18
1619712000,0.18,0.18
1619712900,0.18,0.18
1619713800,0.18,0.18
1619714700,0.18,0.18
1619715600,0.18,0.18
1619716500,0.18,0.18
1619717400,0.18,0.18
1619718300,0.18,0.18
1619719200,0.18,0.18
1619720100,0.18,0.18
1619721000,0.18,0.18
1619721900,0.18,0.18
1619722800,0.18,0.18
1619723700,0.18,0.18
1619724600,0.18,0.18
1619725500,0.18,0.18
1619726400,0.18,0.18
1619727300,0.18,0.18
1619728200,0.18,0.18
1619729100,0.18,0.18
1619730000,0.18,0.18
1619730900,0.18,0.18
1619731800,0.18,0.18
1619732700,0.18,0.18
1619733600,0.18,0.18
1619734500,0.18,0.18
1619735400,0.18,0.18
1619736300,0.18,0.18
1619737200,0.18,0.18
1619738100,0.18,0.18
1619739000,0.18,0.18
1619739900,0.18,0.18
1619740800,0.18,0.18
1619741700,0.18,0.18
1619742600,0.18,0.18
1619743500,0.18,0.18
1619744400,0.18,0.18
1619745300,0.18,0.18
1619746200,0.18,0.18
1619747100,0.18,0.18
1619748000,0.18,0.18
1619748900,0.18,0.18
1619749800,0.18,0.18
1619750700,0.18,0.18
1619751600,0.18,0.18
1619752500,0.18,0.18
1619753400,0.18,0.18
1619754300,0.18,0.18
1619755200,0.18,0.18
1619756100,0.18,0.18
1619757000,0.18,0.18
1619757900,0.18,0.18
1619758800,0.18,0.18
1619759700,0.18,0.18
1619760600,0.18,0.18
1619761500,0.18,0.18
1619762400,0.18,0.18
1619763300,0.18,0.18
1619764200,0.18,0.18
1619765100,0.18,0.18
1619766000,0.18,0.18
1619766900,0.18,0.18
1619767800,0.18,0.18
1619768700,0.18,0.18
1619769600,0.18,0.18
1619770500,0.18,0.18
1619771400,0.18,0.18
1619772300,0.18,0.18
1619773200,0.18,0.18
1619774100,0.18,0.18
1619775000,0.18,0.18
1619775900,0.18,0.18
1619776800,0.18,0.18
1619777700,0.18,0.18
1619778600,0.18,0.18
1619779500,0.18,0.18
1619780400,0.18,0.18
1619781300,0.18,0.18
1619782200,0.18,0.18
1619783100,0.18,0.18
1619784000,0.18,0.18
1619784900,0.18,0.18
1619785800,0.18,0.18
1619786700,0.18,0.18
1619787600,0.18,0.18
1619788500,0.18,0.18
1619789400,0.18,0.18
1619790300,0.18,0.18
1619791200,0.18,0.18
1619792100,0.18,0.18
1619793000,0.18,0.18
1619793900,0.18,0.18
1619794800,0.18,0.18
1619795700,0.18,0.18
1619796600,0.18,0.18
1619797500,0.18,0.18
1619798400,0.18,0.18
1619799300,0.18,0.18
1619800200,0.18,0.18
1619801100,0.18,0.18
1619802000,0.18,0.18
1619802900,0.18,0.18
1619803800,0.18,0.18
1619804700,0.18,0.18
1619805600,0.18,0.18
1619806500,0.18,0.18
1619807400,0.18,0.18
1619808300,0.18,0.18
1619809200,0.18,0.18
1619810100,0.18,0.18
1619811000,0.18,0.18
1619811900,0.18,0.18
1619812800,0.18,0.18
1619813700,0.18,0.18
1619814600,0.18,0.18
1619815500,0.18,0.18
1619816400,0.18,0.18
1619817300,0.18,0.18
1619818200,0.18,0.18
1619819100,0.18,0.18
1619820000,0.18,0.18
1619820900,0.18,0.18
1619821800,0.18,0.18
1619822700,0.18,0.18
1619823600,0.18,0.18
1619824500,0.18,0.18
1619825400,0.18,0.18
1619826300,0.18,0.18
1619827200,0.18,0.18
1619828100,0.18,0.18
1619829000,0.18,0.18
1619829900,0.18,0.18
1619830800,0.18,0.18
1619831700,0.18,0.18
1619832600,0.18,0.18
1619833500,0.18,0.18
1619834400,0.18,0.18
1619835300,0.18,0.18
1619836200,0.18,0.18
1619837100,0.18,0.18
1619838000,0.18,0.18
1619838900,0.18,0.18
1619839800,0.18,0.18
1619840700,0.18,0.18
1619841600,0.18,0.18
1619842500,0.18,0.18
1619843400,0.18,0.18
1619844300,0.18,0.18
1619845200,0.18,0.18
1619846100,0.18,0.18
1619847000,0.18,0.18
1619847900,0.18,0.18
1619848800,0.18,0.18
1619849700,0.18,0.18
1619850600,0.18,0.18
1619851500,0.18,0.18
1619852400,0.18,0.18
1619853300,0.18,0.18
1619854200,0.18,0.18
1619855100,0.18,0.18
1619856000,0.18,0.18
1619856900,0.18,0.18
1619857800,0.18,0.18
1619858700,0.18,0.18
1619859600,0.18,0.18
1619860500,0.18,0.18
1619861400,0.18,0.18
1619862300,0.18,0.18
1619863200,0.18,0.18
1619864100,0.18,0.18
1619865000,0.18,0.18
1619865900,0.18,0.18
1619866800,0.18,0.18
1619867700,0.18,0.18
1619868600,0.18,0.18
1619869500,0.18,0.18
1619870400,0.18,0.18
1619871300,0.18,0.18
1619872200,0.18,0.18
1619873100,0.18,0.18
1619874000,0.18,0.18
1619874900,0.18,0.18
1619875800,0.18,0.18
1619876700,0.18,0.18
1619877600,0.18,0.18
1619878500,0.18,0.18
1619879400,0.18,0.18
1619880300,0.18,0.18
1619881200,0.18,0.18
1619882100,0.18,0.18
1619883000,0.18,0.18
1619883900,0.18,0.18
1619884800,0.18,0.18
1619885700,0.18,0.18
1619886600,0.18,0.18
1619887500,0.18,0.18
1619888400,0.18,0.18
1619889300,0.18,0.18
1619890200,0.18,0.18
1619891100,0.18,0.18
1619892000,0.18,0.18
1619892900,0.18,0.18
1619893800,0.18,0.18
1619894700,0.18,0.18
1619895600,0.18,0.18
1619896500,0.18,0.18
1619897400,0.18,0.18
1619898300,0.18,0.18
1619899200,0.18,0.18
1619900100,0.18,0.18
1619901000,0.18,0.18
1619901900,0.18,0.18
1619902800,0.18,0.18
1619903700,0.18,0.18
1619904600,0.18,0.18
1619905500,0.18,0.18
1619906400,0.18,0.18
1619907300,0.18,0.18
1619908200,0.18,0.18
1619909100,0.18,0.18
1619910000,0.18,0.18
1619910900,0.18,0.18
1619911800,0.18,0.18
1619912700,0.18,0.18
1619913600,0.18,0.18
1619914500,0.18,0.18
1619915400,0.18,0.18
1619916300,0.18,0.18
1619917200,0.18,0.18
1619918100,0.18,0.18
1619919000,0.18,0.18
1619919900,0.18,0.18
1619920800,0.18,0.18
1619921700,0.18,0.18
1619922600,0.18,0.18
1619923500,0.18,0.18
1619924400,0.18,0.18
1619925300,0.18,0.18
1619926200,0.18,0.18
1619927100,0.18,0.18
1619928000,0.18,0.18
1619928900,0.18,0.18
1619929800,0.18,0.18
1619930700,0.18,0.18
1619931600,0.18,0.18
1619932500,0.18,0.18
1619933400,0.18,0.18
1619934300,0.18,0.18
1619935200,0.18,0.18
1619936100,0.18,0.18
1619937000,0.18,0.18
1619937900,0.18,0.18
1619938800,0.18,0.18
1619939700,0.18,0.18
1619940600,0.18,0.18
1619941500,0.18,0.18
1619942400,0.18,0.18
1619943300,0.18,0.18
1619944200,0.18,0.18
1619945100,0.18,0.18
1619946000,0.18,0.18
1619946900,0.18,0.18
1619947800,0.18,0.18
1619948700,0.18,0.18
1619949600,0.18,0.18
1619950500,0.18,0.18
1619951400,0.18,0.18
1619952300,0.18,0.18
1619953200,0.18,0.18
1619954100,0.18,0.18
1619955000,0.18,0.18
1619955900,0.18,0.18
1619956800,0.18,0.18
1619957700,0.18,0.18
1619958600,0.18,0.18
1619959500,0.18,0.18
1619960400,0.18,0.18
1619961300,0.18,0.18
1619962200,0.18,0.18
1619963100,0.18,0.18
1619964000,0.18,0.18
1619964900,0.18,0.18
1619965800,0.18,0.18
1619966700,0.18,0.18
1619967600,0.18,0.18
1619968500,0.18,0.18
1619969400,0.18,0.18
1619970300,0.18,0.18
1619971200,0.18,0.18
1619972100,0.18,0.18
1619973000,0.18,0.18
1619973900,0.18,0.18
1619974800,0.18,0.18
1619975700,0.18,0.18
1619976600,0.18,0.18
1619977500,0.18,0.18
1619978400,0.18,0.18
1619979300,0.18,0.18
1619980200,0.18,0.18
1619981100,0.18,0.18
1619982000,0.18,0.18
1619982900,0.18,0.18
1619983800,0.18,0.18
1619984700,0.18,0.18
1619985600,0.18,0.18
1619986500,0.18,0.18
1619987400,0.18,0.18
1619988300,0.18,0.18
1619989200,0.18,0.18
1619990100,0.18,0.18
1619991000,0.18,0.18
1619991900,0.18,0.18
1619992800,0.18,0.18
1619993700,0.18,0.18
1619994600,0.18,0.18
1619995500,0.18,0.18
1619996400,0.18,0.18
1619997300,0.18,0.18
1619998200,0.18,0.18
1619999100,0.18,0.18
1620000000,0.18,0.18
1620000900,0.18,0.18
1620001800,0.18,0.18
1620002700,0.18,0.18
1620003600,0.18,0.18
1620004500,0.18,0.18
1620005400,0.18,0.18
1620006300,0.18,0.18
1620007200,0.18,0.18
1620008100,0.18,0.18
1620009000,0.18,0.18
1620009900,0.18,0.18
1620010800,0.18,0.18
1620011700,0.18,0.18
1620012600,0.18,0.18
1620013500,0.18,0.18
1620014400,0.18,0.18
1620015300,0.18,0.18
1620016200,0.18,0.18
1620017100,0.18,0.18
1620018000,0.18,0.18
1620018900,0.18,0.18
1620019800,0.18,0.18
1620020700,0.18,0.18
1620021600,0.18,0.18
1620022500,0.18,0.18
1620023400,0.18,0.18
1620024300,0.18,0.18
1620025200,0.18,0.18
1620026100,0.18,0.18
1620027000,0.18,0.18
1620027900,0.18,0.18
1620028800,0.18,0.18
1620029700,0.18,0.18
1620030600,0.18,0.18
1620031500,0.18,0.18
1620032400,0.18,0.18
1620033300,0.18,0.18
1620034200,0.18,0.18
1620035100,0.18,0.18
1620036000,0.18,0.18
1620036900,0.18,0.18
1620037800,0.18,0.18
1620038700,0.18,0.18
1620039600,0.18,0.18
1620040500,0.18,0.18
1620041400,0.18,0.18
1620042300,0.18,0.18
1620043200,0.18,0.18
1620044100,0.18,0.18
1620045000,0.18,0.18
1620045900,0.18,0.18
1620046800,0.18,0.18
1620047700,0.18,0.18
1620048600,0.18,0.18
1620049500,0.18,0.18
1620050400,0.18,0.18
1620051300,0.18,0.18
1620052200,0.18,0.18
1620053100,0.18,0.18
1620054000,0.18,0.18
1620054900,0.18,0.18
1620055800,0.18,0.18
1620056700,0.18,0.18
1620057600,0.18,0.18
1620058500,0.18,0.18
1620059400,0.18,0.18
1620060300,0.18,0.18
1620061200,0.18,0.18
1620062100,0.18,0.18
1620063000,0.18,0.18
1620063900,0.18,0.18
1620064800,0.18,0.18
1620065700,0.18,0.18
1620066600,0.18,0.18
1620067500,0.18,0.18
1620068400,0.18,0.18
1620069300,0.18,0.18
1620070200,0.18,0.18
1620071100,0.18,0.18
1620072000,0.18,0.18
1620072900,0.18,0.18
1620073800,0.18,0.18
1620074700,0.18,0.18
1620075600,0.18,0.18
1620076500,0.18,0.18
1620077400,0.18,0.18
1620078300,0.18,0.18
1620079200,0.18,0.18
1620080100,0.18,0.18
1620081000,0.18,0.18
1620081900,0.18,0.18
1620082800,0.18,0.18
1620083700,0.18,0.18
1620084600,0.18,0.18
1620085500,0.18,0.18
1620086400,0.18,0.18
1620087300,0.18,0.18
1620088200,0.18,0.18
1620089100,0.18,0.18
1620090000,0.18,0.18
1620090900,0.18,0.18
1620091800,0.18,0.18
1620092700,0.18,0.18
1620093600,0.18,0.18
1620094500,0.18,0.18
1620095400,0.18,0.18
1620096300,0.18,0.18
1620097200,0.18,0.18
1620098100,0.18,0.18
1620099000,0.18,0.18
1620099900,0.18,0.18
1620100800,0.18,0.18
1620101700,0.18,0.18
1620102600,0.18,0.18
1620103500,0.18,0.18
1620104400,0.18,0.18
1620105300,0.18,0.18
1620106200,0.18,0.18
1620107100,0.18,0.18
1620108000,0.18,0.18
1620108900,0.18,0.18
1620109800,0.18,0.18
1620110700,0.18,0.18
1620111600,0.18,0.18
1620112500,0.18,0.18
1620113400,0.18,0.18
1620114300,0.18,0.18
1620115200,0.18,0.18
1620116100,0.18,0.18
1620117000,0.18,0.18
1620117900,0.18,0.18
1620118800,0.18,0.18
1620119700,0.18,0.18
1620120600,0.18,0.18
1620121500,0.18,0.18
1620122400,0.18,0.18
1620123300,0.18,0.18
1620124200,0.18,0.18
1620125100,0.18,0.18
1620126000,0.18,0.18
1620126900,0.18,0.18
1620127800,0.18,0.18
1620128700,0.18,0.18
1620129600,0.18,0.18
1620130500,0.18,0.18
1620131400,0.18,0.18
1620132300,0.18,0.18
1620133200,0.18,0.18
1620134100,0.18,0.18
1620135000,0.18,0.18
1620135900,0.18,0.18
1620136800,0.18,0.18
1620137700,0.18,0.18
1620138600,0.18,0.18
1620139500,0.18,0.18
1620140400,0.18,0.18
1620141300,0.18,0.18
1620142200,0.18,0.18
1620143100,0.18,0.18
1620144000,0.18,0.18
1620144900,0.18,0.18
1620145800,0.18,0.18
1620146700,0.18,0.18
1620147600,0.18,0.18
1620148500,0.18,0.18
1620149400,0.18,0.18
1620150300,0.18,0.18
1620151200,0.18,0.18
1620152100,0.18,0.18
1620153000,0.18,0.18
1620153900,0.18,0.18
1620154800,0.18,0.18
1620155700,0.18,0.18
1620156600,0.18,0.18
1620157500,0.18,0.18
1620158400,0.18,0.18
1620159300,0.18,0.18
1620160200,0.18,0.18
1620161100,0.18,0.18
1620162000,0.18,0.18
1620162900,0.18,0.18
1620163800,0.18,0.18
1620164700,0.18,0.18
1620165600,0.18,0.18
1620166500,0.18,0.18
1620167400,0.18,0.18
1620168300,0.18,0.18
1620169200,0.18,0.18
1620170100,0.18,0.18
1620171000,0.18,0.18
1620171900,0.18,0.18
1620172800,0.18,0.18
1620173700,0.18,0.18
1620174600,0.18,0.18
1620175500,0.18,0.18
1620176400,0.18,0.18
1620177300,0.18,0.18
1620178200,0.18,0.18
1620179100,0.18,0.18
1620180000,0.18,0.18
1620180900,0.18,0.18
1620181800,0.18,0.18
1620182700,0.18,0.18
1620183600,0.18,0.18
1620184500,0.18,0.18
1620185400,0.18,0.18
1620186300,0.18,0.18
1620187200,0.18,0.18
1620188100,0.18,0.18
1620189000,0.18,0.18
1620189900,0.18,0.18
1620190800,0.18,0.18
1620191700,0.18,0.18
1620192600,0.18,0.18
1620193500,0.18,0.18
1620194400,0.18,0.18
1620195300,0.18,0.18
1620196200,0.18,0.18
1620197100,0.18,0.18
1620198000,0.18,0.18
1620198900,0.18,0.18
1620199800,0.18,0.18
1620200700,0.18,0.18
1620201600,0.18,0.18
1620202500,0.18,0.18
1620203400,0.18,0.18
1620204300,0.18,0.18
1620205200,0.18,0.18
1620206100,0.18,0.18
1620207000,0.18,0.18
1620207900,0.18,0.18
1620208800,0.18,0.18
1620209700,0.18,0.18
1620210600,0.18,0.18
1620211500,0.18,0.18
1620212400,0.18,0.18
1620213300,0.18,0.18
1620214200,0.18,0.18
1620215100,0.18,0.18
1620216000,0.18,0.18
1620216900,0.18,0.18
1620217800,0.18,0.18
1620218700,0.18,0.18
1620219600,0.18,0.18
1620220500,0.18,0.18
1620221400,0.18,0.18
1620222300,0.18,0.18
1620223200,0.18,0.18
1620224100,0.18,0.18
1620225000,0.18,0.18
1620225900,0.18,0.18
1620226800,0.18,0.18
1620227700,0.18,0.18
1620228600,0.18,0.18
1620229500,0.18,0.18
1620230400,0.18,0.18
1620231300,0.18,0.18
1620232200,0.18,0.18
1620233100,0.18,0.18
1620234000,0.18,0.18
1620234900,0.18,0.18
1620235800,0.18,0.18
1620236700,0.18,0.18
1620237600,0.18,0.18
1620238500,0.18,0.18
1620239400,0.18,0.18
1620240300,0.18,0.18
1620241200,0.18,0.18
1620242100,0.18,0.18
1620243000,0.18,0.18
1620243900,0.18,0.18
1620244800,0.18,0.18
1620245700,0.18,0.18
1620246600,0.18,0.18
1620247500,0.18,0.18
1620248400,0.18,0.18
1620249300,0.18,0.18
1620250200,0.18,0.18
1620251100,0.18,0.18
1620252000,0.18,0.18
1620252900,0.18,0.18
1620253800,0.18,0.18
1620254700,0.18,0.18
1620255600,0.18,0.18
1620256500,0.18,0.18
1620257400,0.18,0.18
1620258300,0.18,0.18
1620259200,0.18,0.18
1620260100,0.18,0.18
1620261000,0.18,0.18
1620261900,0.18,0.18
1620262800,0.18,0.18
1620263700,0.18,0.18
1620264600,0.18,0.18
1620265500,0.18,0.18
1620266400,0.18,0.18
1620267300,0.18,0.18
1620268200,0.18,0.18
1620269100,0.18,0.18
1620270000,0.18,0.18
1620270900,0.18,0.18
1620271800,0.18,0.18
1620272700,0.18,0.18
1620273600,0.18,0.18
1620274500,0.18,0.18
1620275400,0.18,0.18
1620276300,0.18,0.18
1620277200,0.18,0.18
1620278100,0.18,0.18
1620279000,0.18,0.18
1620279900,0.18,0.18
1620280800,0.18,0.18
1620281700,0.18,0.18
1620282600,0.18,0.18
1620283500,0.18,0.18
1620284400,0.18,0.18
1620285300,0.18,0.18
1620286200,0.18,0.18
1620287100,0.18,0.18
1620288000,0.18,0.18
1620288900,0.18,0.18
1620289800,0.18,0.18
1620290700,0.18,0.18
1620291600,0.18,0.18
1620292500,0.18,0.18
1620293400,0.18,0.18
1620294300,0.18,0.18
1620295200,0.18,0.18
1620296100,0.18,0.18
1620297000,0.18,0.18
1620297900,0.18,0.18
1620298800,0.18,0.18
1620299700,0.18,0.18
1620300600,0.18,0.18
1620301500,0.18,0.18
1620302400,0.18,0.18
1620303300,0.18,0.18
1620304200,0.18,0.18
1620305100,0.18,0.18
1620306000,0.18,0.18
1620306900,0.18,0.18
1620307800,0.18,0.18
1620308700,0.18,0.18
1620309600,0.18,0.18
1620310500,0.18,0.18
1620311400,0.18,0.18
1620312300,0.18,0.18
1620313200,0.18,0.18
1620314100,0.18,0.18
1620315000,0.18,0.18
1620315900,0.18,0.18
1620316800,0.18,0.18
1620317700,0.18,0.18
1620318600,0.18,0.18
1620319500,0.18,0.18
1620320400,0.18,0.18
1620321300,0.18,0.18
1620322200,0.18,0.18
1620323100,0.18,0.18
1620324000,0.18,0.18
1620324900,0.18,0.18
1620325800,0.18,0.18
1620326700,0.18,0.18
1620327600,0.18,0.18
1620328500,0.18,0.18
1620329400,0.18,0.18
1620330300,0.18,0.18
1620331200,0.18,0.18
1620332100,0.18,0.18
1620333000,0.18,0.18
1620333900,0.18,0.18
1620334800,0.18,0.18
1620335700,0.18,0.18
1620336600,0.18,0.18
1620337500,0.18,0.18
1620338400,0.18,0.18
1620339300,0.18,0.18
1620340200,0.18,0.18
1620341100,0.18,0.18
1620342000,0.18,0.18
1620342900,0.18,0.18
1620343800,0.18,0.18
1620344700,0.18,0.18
1620345600,0.18,0.18
1620346500,0.18,0.18
1620347400,0.18,0.18
1620348300,0.18,0.18
1620349200,0.18,0.18
1620350100,0.18,0.18
1620351000,0.18,0.18
1620351900,0.18,0.18
1620352800,0.18,0.18
1620353700,0.18,0.18
1620354600,0.18,0.18
1620355500,0.18,0.18
1620356400,0.18,0.18
1620357300,0.18,0.18
1620358200,0.18,0.18
1620359100,0.18,0.18
1620360000,0.18,0.18
1620360900,0.18,0.18
1620361800,0.18,0.18
1620362700,0.18,0.18
1620363600,0.18,0.18
1620364500,0.18,0.18
1620365400,0.18,0.18
1620366300,0.18,0.18
1620367200,0.18,0.18
1620368100,0.18,0.18
1620369000,0.18,0.18
1620369900,0.18,0.18
1620370800,0.18,0.18
1620371700,0.18,0.18
1620372600,0.18,0.18
1620373500,0.18,0.18
1620374400,0.18,0.18
1620375300,0.18,0.18
1620376200,0.18,0.18
1620377100,0.18,0.18
1620378000,0.18,0.18
1620378900,0.18,0.18
1620379800,0.18,0.18
1620380700,0.18,0.18
1620381600,0.18,0.18
1620382500,0.18,0.18
1620383400,0.18,0.18
1620384300,0.18,0.18
1620385200,0.18,0.18
1620386100,0.18,0.18
1620387000,0.18,0.18
1620387900,0.18,0.18
1620388800,0.18,0.18
1620389700,0.18,0.18
1620390600,0.18,0.18
1620391500,0.18,0.18
1620392400,0.18,0.18
1620393300,0.18,0.18
1620394200,0.18,0.18
1620395100,0.18,0.18
1620396000,0.18,0.18
1620396900,0.18,0.18
1620397800,0.18,0.18
1620398700,0.18,0.18
1620399600,0.18,0.18
1620400500,0.18,0.18
1620401400,0.18,0.18
1620402300,0.18,0.18
1620403200,0.18,0.18
1620404100,0.18,0.18
1620405000,0.18,0.18
1620405900,0.18,0.18
1620406800,0.18,0.18
1620407700,0.18,0.18
1620408600,0.18,0.18
1620409500,0.18,0.18
1620410400,0.18,0.18
1620411300,0.18,0.18
1620412200,0.18,0.18
1620413100,0.18,0.18
1620414000,0.18,0.18
1620414900,0.18,0.18
1620415800,0.18,0.18
1620416700,0.18,0.18
1620417600,0.18,0.18
1620418500,0.18,0.18
1620419400,0.18,0.18
1620420300,0.18,0.18
1620421200,0.18,0.18
1620422100,0.18,0.18
1620423000,0.18,0.18
1620423900,0.18,0.18
1620424800,0.18,0.18
1620425700,0.18,0.18
1620426600,0.18,0.18
1620427500,0.18,0.18
1620428400,0.18,0.18
1620429300,0.18,0.18
1620430200,0.18,0.18
1620431100,0.18,0.18
1620432000,0.18,0.18
1620432900,0.18,0.18
1620433800,0.18,0.18
1620434700,0.18,0.18
1620435600,0.18,0.18
1620436500,0.18,0.18
1620437400,0.18,0.18
1620438300,0.18,0.18
1620439200,0.18,0.18
1620440100,0.18,0.18
1620441000,0.18,0.18
1620441900,0.18,0.18
1620442800,0.18,0.18
1620443700,0.18,0.18
1620444600,0.18,0.18
1620445500,0.18,0.18
1620446400,0.18,0.18
1620447300,0.18,0.18
1620448200,0.18,0.18
1620449100,0.18,0.18
1620450000,0.18,0.18
1620450900,0.18,0.18
1620451800,0.18,0.18
1620452700,0.18,0.18
1620453600,0.18,0.18
1620454500,0.18,0.18
1620455400,0.18,0.18
1620456300,0.18,0.18
1620457200,0.18,0.18
1620458100,0.18,0.18
1620459000,0.18,0.18
1620459900,0.18,0.18
1620460800,0.18,0.18
1620461700,0.18,0.18
1620462600,0.18,0.18
1620463500,0.18,0.18
1620464400,0.18,0.18
1620465300,0.18,0.18
1620466200,0.18,0.18
1620467100,0.18,0.18
1620468000,0.18,0.18
1620468900,0.18,0.18
1620469800,0.18,0.18
1620470700,0.18,0.18
1620471600,0.18,0.18
1620472500,0.18,0.18
1620473400,0.18,0.18
1620474300,0.18,0.18
1620475200,0.18,0.18
1620476100,0.18,0.18
1620477000,0.18,0.18
1620477900,0.18,0.18
1620478800,0.18,0.18
1620479700,0.18,0.18
1620480600,0.18,0.18
1620481500,0.18,0.18
1620482400,0.18,0.18
1620483300,0.18,0.18
1620484200,0.18,0.18
1620485100,0.18,0.18
1620486000,0.18,0.18
1620486900,0.18,0.18
1620487800,0.18,0.18
1620488700,0.18,0.18
1620489600,0.18,0.18
1620490500,0.18,0.18
1620491400,0.18,0.18
1620492300,0.18,0.18
1620493200,0.18,0.18
1620494100,0.18,0.18
1620495000,0.18,0.18
1620495900,0.18,0.18
1620496800,0.18,0.18
1620497700,0.18,0.18
1620498600,0.18,0.18
1620499500,0.18,0.18
1620500400,0.18,0.18
1620501300,0.18,0.18
1620502200,0.18,0.18
1620503100,0.18,0.18
1620504000,0.18,0.18
1620504900,0.18,0.18
1620505800,0.18,0.18
1620506700,0.18,0.18
1620507600,0.18,0.18
1620508500,0.18,0.18
1620509400,0.18,0.18
1620510300,0.18,0.18
1620511200,0.18,0.18
1620512100,0.18,0.18
1620513000,0.18,0.18
1620513900,0.18,0.18
1620514800,0.18,0.18
1620515700,0.18,0.18
1620516600,0.18,0.18
1620517500,0.18,0.18
1620518400,0.18,0.18
1620519300,0.18,0.18
1620520200,0.18,0.18
1620521100,0.18,0.18
1620522000,0.18,0.18
1620522900,0.18,0.18
1620523800,0.18,0.18
1620524700,0.18,0.18
1620525600,0.18,0.18
1620526500,0.18,0.18
1620527400,0.18,0.18
1620528300,0.18,0.18
1620529200,0.18,0.18
1620530100,0.18,0.18
1620531000,0.18,0.18
1620531900,0.18,0.18
1620532800,0.18,0.18
1620533700,0.18,0.18
1620534600,0.18,0.18
1620535500,0.18,0.18
1620536400,0.18,0.18
1620537300,0.18,0.18
1620538200,0.18,0.18
1620539100,0.18,0.18
1620540000,0.18,0.18
1620540900,0.18,0.18
1620541800,0.18,0.18
1620542700,0.18,0.18
1620543600,0.18,0.18
1620544500,0.18,0.18
1620545400,0.18,0.18
1620546300,0.18,0.18
1620547200,0.18,0.18
1620548100,0.18,0.18
1620549000,0.18,0.18
1620549900,0.18,0.18
1620550800,0.18,0.18
1620551700,0.18,0.18
1620552600,0.18,0.18
1620553500,0.18,0.18
1620554400,0.18,0.18
1620555300,0.18,0.18
1620556200,0.18,0.18
1620557100,0.18,0.18
1620558000,0.18,0.18
1620558900,0.18,0.18
1620559800,0.18,0.18
1620560700,0.18,0.18
1620561600,0.18,0.18
1620562500,0.18,0.18
1620563400,0.18,0.18
1620564300,0.18,0.18
1620565200,0.18,0.18
1620566100,0.18,0.18
1620567000,0.18,0.18
1620567900,0.18,0.18
1620568800,0.18,0.18
1620569700,0.18,0.18
1620570600,0.18,0.18
1620571500,0.18,0.18
1620572400,0.18,0.18
1620573300,0.18,0.18
1620574200,0.18,0.18
1620575100,0.18,0.18
1620576000,0.18,0.18
1620576900,0.18,0.18
1620577800,0.18,0.18
1620578700,0.18,0.18
1620579600,0.18,0.18
1620580500,0.18,0.18
1620581400,0.18,0.18
1620582300,0.18,0.18
1620583200,0.18,0.18
1620584100,0.18,0.18
1620585000,0.18,0.18
1620585900,0.18,0.18
1620586800,0.18,0.18
1620587700,0.18,0.18
1620588600,0.18,0.18
1620589500,0.18,0.18
1620590400,0.18,0.18
1620591300,0.18,0.18
1620592200,0.18,0.18
1620593100,0.18,0.18
1620594000,0.18,0.18
1620594900,0.18,0.18
1620595800,0.18,0.18
1620596700,0.18,0.18
1620597600,0.18,0.18
1620598500,0.18,0.18
1620599400,0.18,0.18
1620600300,0.18,0.18
1620601200,0.18,0.18
1620602100,0.18,0.18
1620603000,0.18,0.18
1620603900,0.18,0.18
1620604800,0.18,0.18
1620605700,0.18,0.18
1620606600,0.18,0.18
1620607500,0.18,0.18
1620608400,0.18,0.18
1620609300,0.18,0.18
1620610200,0.18,0.18
1620611100,0.18,0.18
1620612000,0.18,0.18
1620612900,0.18,0.18
1620613800,0.18,0.18
1620614700,0.18,0.18
1620615600,0.18,0.18
1620616500,0.18,0.18
1620617400,0.18,0.18
1620618300,0.18,0.18
1620619200,0.18,0.18
1620620100,0.18,0.18
1620621000,0.18,0.18
1620621900,0.18,0.18
1620622800,0.18,0.18
1620623700,0.18,0.18
1620624600,0.18,0.18
1620625500,0.18,0.18
1620626400,0.18,0.18
1620627300,0.18,0.18
1620628200,0.18,0.18
1620629100,0.18,0.18
1620630000,0.18,0.18
1620630900,0.18,0.18
1620631800,0.18,0.18
1620632700,0.18,0.18
1620633600,0.18,0.18
1620634500,0.18,0.18
1620635400,0.18,0.18
1620636300,0.18,0.18
1620637200,0.18,0.18
1620638100,0.18,0.18
1620639000,0.18,0.18
1620639900,0.18,0.18
1620640800,0.18,0.18
1620641700,0.18,0.18
1620642600,0.18,0.18
1620643500,0.18,0.18
1620644400,0.18,0.18
1620645300,0.18,0.18
1620646200,0.18,0.18
1620647100,0.18,0.18
1620648000,0.18,0.18
1620648900,0.18,0.18
1620649800,0.18,0.18
1620650700,0.18,0.18
1620651600,0.18,0.18
1620652500,0.18,0.18
1620653400,0.18,0.18
1620654300,0.18,0.18
1620655200,0.18,0.18
1620656100,0.18,0.18
1620657000,0.18,0.18
1620657900,0.18,0.18
1620658800,0.18,0.18
1620659700,0.18,0.18
1620660600,0.18,0.18
1620661500,0.18,0.18
1620662400,0.18,0.18
1620663300,0.18,0.18
1620664200,0.18,0.18
1620665100,0.18,0.18
1620666000,0.18,0.18
1620666900,0.18,0.18
1620667800,0.18,0.18
1620668700,0.18,0.18
1620669600,0.18,0.18
1620670500,0.18,0.18
1620671400,0.18,0.18
1620672300,0.18,0.18
1620673200,0.18,0.18
1620674100,0.18,0.18
1620675000,0.18,0.18
1620675900,0.18,0.18
1620676800,0.18,0.18
1620677700,0.18,0.18
1620678600,0.18,0.18
1620679500,0.18,0.18
1620680400,0.18,0.18
1620681300,0.18,0.18
1620682200,0.18,0.18
1620683100,0.18,0.18
1620684000,0.18,0.18
1620684900,0.18,0.18
1620685800,0.18,0.18
1620686700,0.18,0.18
1620687600,0.18,0.18
1620688500,0.18,0.18
1620689400,0.18,0.18
1620690300,0.18,0.18
1620691200,0.18,0.18
1620692100,0.18,0.18
1620693000,0.18,0.18
1620693900,0.18,0.18
1620694800,0.18,0.18
1620695700,0.18,0.18
1620696600,0.18,0.18
1620697500,0.18,0.18
1620698400,0.18,0.18
1620699300,0.18,0.18
1620700200,0.18,0.18
1620701100,0.18,0.18
1620702000,0.18,0.18
1620702900,0.18,0.18
1620703800,0.18,0.18
1620704700,0.18,0.18
1620705600,0.18,0.18
1620706500,0.18,0.18
1620707400,0.18,0.18
1620708300,0.18,0.18
1620709200,0.18,0.18
1620710100,0.18,0.18
1620711000,0.18,0.18
1620711900,0.18,0.18
1620712800,0.18,0.18
1620713700,0.18,0.18
1620714600,0.18,0.18
1620715500,0.18,0.18
1620716400,0.18,0.18
1620717300,0.18,0.18
1620718200,0.18,0.18
1620719100,0.18,0.18
1620720000,0.18,0.18
1620720900,0.18,0.18
1620721800,0.18,0.18
1620722700,0.18,0.18
1620723600,0.18,0.18
1620724500,0.18,0.18
1620725400,0.18,0.18
1620726300,0.18,0.18
1620727200,0.18,0.18
1620728100,0.18,0.18
1620729000,0.18,0.18
1620729900,0.18,0.18
1620730800,0.18,0.18
1620731700,0.18,0.18
1620732600,0.18,0.18
1620733500,0.18,0.18
1620734400,0.18,0.18
1620735300,0.18,0.18
1620736200,0.18,0.18
1620737100,0.18,0.18
1620738000,0.18,0.18
1620738900,0.18,0.18
1620739800,0.18,0.18
1620740700,0.18,0.18
1620741600,0.18,0.18
1620742500,0.18,0.18
1620743400,0.18,0.18
1620744300,0.18,0.18
1620745200,0.18,0.18
1620746100,0.18,0.18
1620747000,0.18,0.18
1620747900,0.18,0.18
1620748800,0.18,0.18
1620749700,0.18,0.18
1620750600,0.18,0.18
1620751500,0.18,0.18
1620752400,0.18,0.18
1620753300,0.18,0.18
1620754200,0.18,0.18
1620755100,0.18,0.18
1620756000,0.18,0.18
1620756900,0.18,0.18
1620757800,0.18,0.18
1620758700,0.18,0.18
1620759600,0.18,0.18
1620760500,0.18,0.18
1620761400,0.18,0.18
1620762300,0.18,0.18
1620763200,0.18,0.18
1620764100,0.18,0.18
1620765000,0.18,0.18
1620765900,0.18,0.18
1620766800,0.18,0.18
1620767700,0.18,0.18
1620768600,0.18,0.18
1620769500,0.18,0.18
1620770400,0.18,0.18
1620771300,0.18,0.18
1620772200,0.18,0.18
1620773100,0.18,0.18
1620774000,0.18,0.18
1620774900,0.18,0.18
1620775800,0.18,0.18
1620776700,0.18,0.18
1620777600,0.18,0.18
1620778500,0.18,0.18
1620779400,0.18,0.18
1620780300,0.18,0.18
1620781200,0.18,0.18
1620782100,0.18,0.18
1620783000,0.18,0.18
1620783900,0.18,0.18
1620784800,0.18,0.18
1620785700,0.18,0.18
1620786600,0.18,0.18
1620787500,0.18,0.18
1620788400,0.18,0.18
1620789300,0.18,0.18
1620790200,0.18,0.18
1620791100,0.18,0.18
1620792000,0.18,0.18
1620792900,0.18,0.18
1620793800,0.18,0.18
1620794700,0.18,0.18
1620795600,0.18,0.18
1620796500,0.18,0.18
1620797400,0.18,0.18
1620798300,0.18,0.18
1620799200,0.18,0.18
1620800100,0.18,0.18
1620801000,0.18,0.18
1620801900,0.18,0.18
1620802800,0.18,0.18
1620803700,0.18,0.18
1620804600,0.18,0.18
1620805500,0.18,0.18
1620806400,0.18,0.18
1620807300,0.18,0.18
1620808200,0.18,0.18
1620809100,0.18,0.18
1620810000,0.18,0.18
1620810900,0.18,0.18
1620811800,0.18,0.18
1620812700,0.18,0.18
1620813600,0.18,0.18
1620814500,0.18,0.18
1620815400,0.18,0.18
1620816300,0.18,0.18
1620817200,0.18,0.18
1620818100,0.18,0.18
1620819000,0.18,0.18
1620819900,0.18,0.18
1620820800,0.18,0.18
1620821700,0.18,0.18
1620822600,0.18,0.18
1620823500,0.18,0.18
1620824400,0.18,0.18
1620825300,0.18,0.18
1620826200,0.18,0.18
1620827100,0.18,0.18
1620828000,0.18,0.18
1620828900,0.18,0.18
1620829800,0.18,0.18
1620830700,0.18,0.18
1620831600,0.18,0.18
1620832500,0.18,0.18
1620833400,0.18,0.18
1620834300,0.18,0.18
1620835200,0.18,0.18
1620836100,0.18,0.18
1620837000,0.18,0.18
1620837900,0.18,0.18
1620838800,0.18,0.18
1620839700,0.18,0.18
1620840600,0.18,0.18
1620841500,0.18,0.18
1620842400,0.18,0.18
1620843300,0.18,0.18
1620844200,0.18,0.18
1620845100,0.18,0.18
1620846000,0.18,0.18
1620846900,0.18,0.18
1620847800,0.18,0.18
1620848700,0.18,0.18
1620849600,0.18,0.18
1620850500,0.18,0.18
1620851400,0.18,0.18
1620852300,0.18,0.18
1620853200,0.18,0.18
1620854100,0.18,0.18
1620855000,0.18,0.18
1620855900,0.18,0.18
1620856800,0.18,0.18
1620857700,0.18,0.18
1620858600,0.18,0.18
1620859500,0.18,0.18
1620860400,0.18,0.18
1620861300,0.18,0.18
1620862200,0.18,0.18
1620863100,0.18,0.18
1620864000,0.18,0.18
1620864900,0.18,0.18
1620865800,0.18,0.18
1620866700,0.18,0.18
1620867600,0.18,0.18
1620868500,0.18,0.18
1620869400,0.18,0.18
1620870300,0.18,0.18
1620871200,0.18,0.18
1620872100,0.18,0.18
1620873000,0.18,0.18
1620873900,0.18,0.18
1620874800,0.18,0.18
1620875700,0.18,0.18
1620876600,0.18,0.18
1620877500,0.18,0.18
1620878400,0.18,0.18
1620879300,0.18,0.18
1620880200,0.18,0.18
1620881100,0.18,0.18
1620882000,0.18,0.18
1620882900,0.18,0.18
1620883800,0.18,0.18
1620884700,0.18,0.18
1620885600,0.18,0.18
1620886500,0.18,0.18
1620887400,0.18,0.18
1620888300,0.18,0.18
1620889200,0.18,0.18
1620890100,0.18,0.18
1620891000,0.18,0.18
1620891900,0.18,0.18
1620892800,0.18,0.18
1620893700,0.18,0.18
1620894600,0.18,0.18
1620895500,0.18,0.18
1620896400,0.18,0.18
1620897300,0.18,0.18
1620898200,0.18,0.18
1620899100,0.18,0.18
1620900000,0.18,0.18
1620900900,0.18,0.18
1620901800,0.18,0.18
1620902700,0.18,0.18
1620903600,0.18,0.18
1620904500,0.18,0.18
1620905400,0.18,0.18
1620906300,0.18,0.18
1620907200,0.18,0.18
1620908100,0.18,0.18
1620909000,0.18,0.18
1620909900,0.18,0.18
1620910800,0.18,0.18
1620911700,0.18,0.18
1620912600,0.18,0.18
1620913500,0.18,0.18
1620914400,0.18,0.18
1620915300,0.18,0.18
1620916200,0.18,0.18
1620917100,0.18,0.18
1620918000,0.18,0.18
1620918900,0.18,0.18
1620919800,0.18,0.18
1620920700,0.18,0.18
1620921600,0.18,0.18
1620922500,0.18,0.18
1620923400,0.18,0.18
1620924300,0.18,0.18
1620925200,0.18,0.18
1620926100,0.18,0.18
1620927000,0.18,0.18
1620927900,0.18,0.18
1620928800,0.18,0.18
1620929700,0.18,0.18
1620930600,0.18,0.18
1620931500,0.18,0.18
1620932400,0.18,0.18
1620933300,0.18,0.18
1620934200,0.18,0.18
1620935100,0.18,0.18
1620936000,0.18,0.18
1620936900,0.18,0.18
1620937800,0.18,0.18
1620938700,0.18,0.18
1620939600,0.18,0.18
1620940500,0.18,0.18
1620941400,0.18,0.18
1620942300,0.18,0.18
1620943200,0.18,0.18
1620944100,0.18,0.18
1620945000,0.18,0.18
1620945900,0.18,0.18
1620946800,0.18,0.18
1620947700,0.18,0.18
1620948600,0.18,0.18
1620949500,0.18,0.18
1620950400,0.18,0.18
1620951300,0.18,0.18
1620952200,0.18,0.18
1620953100,0.18,0.18
1620954000,0.18,0.18
1620954900,0.18,0.18
1620955800,0.18,0.18
1620956700,0.18,0.18
1620957600,0.18,0.18
1620958500,0.18,0.18
1620959400,0.18,0.18
1620960300,0.18,0.18
1620961200,0.18,0.18
1620962100,0.18,0.18
1620963000,0.18,0.18
1620963900,0.18,0.18
1620964800,0.18,0.18
1620965700,0.18,0.18
1620966600,0.18,0.18
1620967500,0.18,0.18
1620968400,0.18,0.18
1620969300,0.18,0.18
1620970200,0.18,0.18
1620971100,0.18,0.18
1620972000,0.18,0.18
1620972900,0.18,0.18
1620973800,0.18,0.18
1620974700,0.18,0.18
1620975600,0.18,0.18
1620976500,0.18,0.18
1620977400,0.18,0.18
1620978300,0.18,0.18
1620979200,0.18,0.18
1620980100,0.18,0.18
1620981000,0.18,0.18
1620981900,0.18,0.18
1620982800,0.18,0.18
1620983700,0.18,0.18
1620984600,0.18,0.18
1620985500,0.18,0.18
1620986400,0.18,0.18
1620987300,0.18,0.18
1620988200,0.18,0.18
1620989100,0.18,0.18
1620990000,0.18,0.18
1620990900,0.18,0.18
1620991800,0.18,0.18
1620992700,0.18,0.18
1620993600,0.18,0.18
1620994500,0.18,0.18
1620995400,0.18,0.18
1620996300,0.18,0.18
1620997200,0.18,0.18
1620998100,0.18,0.18
1620999000,0.18,0.18
1620999900,0.18,0.18
1621000800,0.18,0.18
1621001700,0.18,0.18
1621002600,0.18,0.18
1621003500,0.18,0.18
1621004400,0.18,0.18
1621005300,0.18,0.18
1621006200,0.18,0.18
1621007100,0.18,0.18
1621008000,0.18,0.18
1621008900,0.18,0.18
1621009800,0.18,0.18
1621010700,0.18,0.18
1621011600,0.18,0.18
1621012500,0.18,0.18
1621013400,0.18,0.18
1621014300,0.18,0.18
1621015200,0.18,0.18
1621016100,0.18,0.18
1621017000,0.18,0.18
1621017900,0.18,0.18
1621018800,0.18,0.18
1621019700,0.18,0.18
1621020600,0.18,0.18
1621021500,0.18,0.18
1621022400,0.18,0.18
1621023300,0.18,0.18
1621024200,0.18,0.18
1621025100,0.18,0.18
1621026000,0.18,0.18
1621026900,0.18,0.18
1621027800,0.18,0.18
1621028700,0.18,0.18
1621029600,0.18,0.18
1621030500,0.18,0.18
1621031400,0.18,0.18
1621032300,0.18,0.18
1621033200,0.18,0.18
1621034100,0.18,0.18
1621035000,0.18,0.18
1621035900,0.18,0.18
1621036800,0.18,0.18
1621037700,0.18,0.18
1621038600,0.18,0.18
1621039500,0.18,0.18
1621040400,0.18,0.18
1621041300,0.18,0.18
1621042200,0.18,0.18
1621043100,0.18,0.18
1621044000,0.18,0.18
1621044900,0.18,0.18
1621045800,0.18,0.18
1621046700,0.18,0.18
1621047600,0.18,0.18
1621048500,0.18,0.18
1621049400,0.18,0.18
1621050300,0.18,0.18
1621051200,0.18,0.18
1621052100,0.18,0.18
1621053000,0.18,0.18
1621053900,0.18,0.18
1621054800,0.18,0.18
1621055700,0.18,0.18
1621056600,0.18,0.18
1621057500,0.18,0.18
1621058400,0.18,0.18
1621059300,0.18,0.18
1621060200,0.18,0.18
1621061100,0.18,0.18
1621062000,0.18,0.18
1621062900,0.18,0.18
1621063800,0.18,0.18
1621064700,0.18,0.18
1621065600,0.18,0.18
1621066500,0.18,0.18
1621067400,0.18,0.18
1621068300,0.18,0.18
1621069200,0.18,0.18
1621070100,0.18,0.18
1621071000,0.18,0.18
1621071900,0.18,0.18
1621072800,0.18,0.18
1621073700,0.18,0.18
1621074600,0.18,0.18
1621075500,0.18,0.18
1621076400,0.18,0.18
1621077300,0.18,0.18
1621078200,0.18,0.18
1621079100,0.18,0.18
1621080000,0.18,0.18
1621080900,0.18,0.18
1621081800,0.18,0.18
1621082700,0.18,0.18
1621083600,0.18,0.18
1621084500,0.18,0.18
1621085400,0.18,0.18
1621086300,0.18,0.18
1621087200,0.18,0.18
1621088100,0.18,0.18
1621089000,0.18,0.18
1621089900,0.18,0.18
1621090800,0.18,0.18
1621091700,0.18,0.18
1621092600,0.18,0.18
1621093500,0.18,0.18
1621094400,0.18,0.18
1621095300,0.18,0.18
1621096200,0.18,0.18
1621097100,0.18,0.18
1621098000,0.18,0.18
1621098900,0.18,0.18
1621099800,0.18,0.18
1621100700,0.18,0.18
1621101600,0.18,0.18
1621102500,0.18,0.18
1621103400,0.18,0.18
1621104300,0.18,0.18
1621105200,0.18,0.18
1621106100,0.18,0.18
1621107000,0.18,0.18
1621107900,0.18,0.18
1621108800,0.18,0.18
1621109700,0.18,0.18
1621110600,0.18,0.18
1621111500,0.18,0.18
1621112400,0.18,0.18
1621113300,0.18,0.18
1621114200,0.18,0.18
1621115100,0.18,0.18
1621116000,0.18,0.18
1621116900,0.18,0.18
1621117800,0.18,0.18
1621118700,0.18,0.18
1621119600,0.18,0.18
1621120500,0.18,0.18
1621121400,0.18,0.18
1621122300,0.18,0.18
1621123200,0.18,0.18
1621124100,0.18,0.18
1621125000,0.18,0.18
1621125900,0.18,0.18
1621126800,0.18,0.18
1621127700,0.18,0.18
1621128600,0.18,0.18
1621129500,0.18,0.18
1621130400,0.18,0.18
1621131300,0.18,0.18
1621132200,0.18,0.18
1621133100,0.18,0.18
1621134000,0.18,0.18
1621134900,0.18,0.18
1621135800,0.18,0.18
1621136700,0.18,0.18
1621137600,0.18,0.18
1621138500,0.18,0.18
1621139400,0.18,0.18
1621140300,0.18,0.18
1621141200,0.18,0.18
1621142100,0.18,0.18
1621143000,0.18,0.18
1621143900,0.18,0.18
1621144800,0.18,0.18
1621145700,0.18,0.18
1621146600,0.18,0.18
1621147500,0.18,0.18
1621148400,0.18,0.18
1621149300,0.18,0.18
1621150200,0.18,0.18
1621151100,0.18,0.18
1621152000,0.18,0.18
1621152900,0.18,0.18
1621153800,0.18,0.18
1621154700,0.18,0.18
1621155600,0.18,0.18
1621156500,0.18,0.18
1621157400,0.18,0.18
1621158300,0.18,0.18
1621159200,0.18,0.18
1621160100,0.18,0.18
1621161000,0.18,0.18
1621161900,0.18,0.18
1621162800,0.18,0.18
1621163700,0.18,0.18
1621164600,0.18,0.18
1621165500,0.18,0.18
1621166400,0.18,0.18
1621167300,0.18,0.18
1621168200,0.18,0.18
1621169100,0.18,0.18
1621170000,0.18,0.18
1621170900,0.18,0.18
1621171800,0.18,0.18
1621172700,0.18,0.18
1621173600,0.18,0.18
1621174500,0.18,0.18
1621175400,0.18,0.18
1621176300,0.18,0.18
1621177200,0.18,0.18
1621178100,0.18,0.18
1621179000,0.18,0.18
1621179900,0.18,0.18
1621180800,0.18,0.18
1621181700,0.18,0.18
1621182600,0.18,0.18
1621183500,0.18,0.18
1621184400,0.18,0.18
1621185300,0.18,0.18
1621186200,0.18,0.18
1621187100,0.18,0.18
1621188000,0.18,0.18
1621188900,0.18,0.18
1621189800,0.18,0.18
1621190700,0.18,0.18
1621191600,0.18,0.18
1621192500,0.18,0.18
1621193400,0.18,0.18
1621194300,0.18,0.18
1621195200,0.18,0.18
1621196100,0.18,0.18
1621197000,0.18,0.18
1621197900,0.18,0.18
1621198800,0.18,0.18
1621199700,0.18,0.18
1621200600,0.18,0.18
1621201500,0.18,0.18
1621202400,0.18,0.18
1621203300,0.18,0.18
1621204200,0.18,0.18
1621205100,0.18,0.18
1621206000,0.18,0.18
1621206900,0.18,0.18
1621207800,0.18,0.18
1621208700,0.18,0.18
1621209600,0.18,0.18
1621210500,0.18,0.18
1621211400,0.18,0.18
1621212300,0.18,0.18
1621213200,0.18,0.18
1621214100,0.18,0.18
1621215000,0.18,0.18
1621215900,0.18,0.18
1621216800,0.18,0.18
1621217700,0.18,0.18
1621218600,0.18,0.18
1621219500,0.18,0.18
1621220400,0.18,0.18
1621221300,0.18,0.18
1621222200,0.18,0.18
1621223100,0.18,0.18
1621224000,0.18,0.18
1621224900,0.18,0.18
1621225800,0.18,0.18
1621226700,0.18,0.18
1621227600,0.18,0.18
1621228500,0.18,0.18
1621229400,0.18,0.18
1621230300,0.18,0.18
1621231200,0.18,0.18
1621232100,0.18,0.18
1621233000,0.18,0.18
1621233900,0.18,0.18
1621234800,0.18,0.18
1621235700,0.18,0.18
1621236600,0.18,0.18
1621237500,0.18,0.18
1621238400,0.18,0.18
1621239300,0.18,0.18
1621240200,0.18,0.18
1621241100,0.18,0.18
1621242000,0.18,0.18
1621242900,0.18,0.18
1621243800,0.18,0.18
1621244700,0.18,0.18
1621245600,0.18,0.18
1621246500,0.18,0.18
1621247400,0.18,0.18
1621248300,0.18,0.18
1621249200,0.18,0.18
1621250100,0.18,0.18
1621251000,0.18,0.18
1621251900,0.18,0.18
1621252800,0.18,0.18
1621253700,0.18,0.18
1621254600,0.18,0.18
1621255500,0.18,0.18
1621256400,0.18,0.18
1621257300,0.18,0.18
1621258200,0.18,0.18
1621259100,0.18,0.18
1621260000,0.18,0.18
1621260900,0.18,0.18
1621261800,0.18,0.18
1621262700,0.18,0.18
1621263600,0.18,0.18
1621264500,0.18,0.18
1621265400,0.18,0.18
1621266300,0.18,0.18
1621267200,0.18,0.18
1621268100,0.18,0.18
1621269000,0.18,0.18
1621269900,0.18,0.18
1621270800,0.18,0.18
1621271700,0.18,0.18
1621272600,0.18,0.18
1621273500,0.18,0.18
1621274400,0.18,0.18
1621275300,0.18,0.18
1621276200,0.18,0.18
1621277100,0.18,0.18
1621278000,0.18,0.18
1621278900,0.18,0.18
1621279800,0.18,0.18
1621280700,0.18,0.18
1621281600,0.18,0.18
1621282500,0.18,0.18
1621283400,0.18,0.18
1621284300,0.18,0.18
1621285200,0.18,0.18
1621286100,0.18,0.18
1621287000,0.18,0.18
1621287900,0.18,0.18
1621288800,0.18,0.18
1621289700,0.18,0.18
1621290600,0.18,0.18
1621291500,0.18,0.18
1621292400,0.18,0.18
1621293300,0.18,0.18
1621294200,0.18,0.18
1621295100,0.18,0.18
1621296000,0.18,0.18
1621296900,0.18,0.18
1621297800,0.18,0.18
1621298700,0.18,0.18
1621299600,0.18,0.18
1621300500,0.18,0.18
1621301400,0.18,0.18
1621302300,0.18,0.18
1621303200,0.18,0.18
1621304100,0.18,0.18
1621305000,0.18,0.18
1621305900,0.18,0.18
1621306800,0.18,0.18
1621307700,0.18,0.18
1621308600,0.18,0.18
1621309500,0.18,0.18
1621310400,0.18,0.18
1621311300,0.18,0.18
1621312200,0.18,0.18
1621313100,0.18,0.18
1621314000,0.18,0.18
1621314900,0.18,0.18
1621315800,0.18,0.18
1621316700,0.18,0.18
1621317600,0.18,0.18
1621318500,0.18,0.18
1621319400,0.18,0.18
1621320300,0.18,0.18
1621321200,0.18,0.18
1621322100,0.18,0.18
1621323000,0.18,0.18
1621323900,0.18,0.18
1621324800,0.18,0.18
1621325700,0.18,0.18
1621326600,0.18,0.18
1621327500,0.18,0.18
1621328400,0.18,0.18
1621329300,0.18,0.18
1621330200,0.18,0.18
1621331100,0.18,0.18
1621332000,0.18,0.18
1621332900,0.18,0.18
1621333800,0.18,0.18
1621334700,0.18,0.18
1621335600,0.18,0.18
1621336500,0.18,0.18
1621337400,0.18,0.18
1621338300,0.18,0.18
1621339200,0.18,0.18
1621340100,0.18,0.18
1621341000,0.18,0.18
1621341900,0.18,0.18
1621342800,0.18,0.18
1621343700,0.18,0.18
1621344600,0.18,0.18
1621345500,0.18,0.18
1621346400,0.18,0.18
1621347300,0.18,0.18
1621348200,0.18,0.18
1621349100,0.18,0.18
1621350000,0.18,0.18
1621350900,0.18,0.18
1621351800,0.18,0.18
1621352700,0.18,0.18
1621353600,0.18,0.18
1621354500,0.18,0.18
1621355400,0.18,0.18
1621356300,0.18,0.18
1621357200,0.18,0.18
1621358100,0.18,0.18
1621359000,0.18,0.18
1621359900,0.18,0.18
1621360800,0.18,0.18
1621361700,0.18,0.18
1621362600,0.18,0.18
1621363500,0.18,0.18
1621364400,0.18,0.18
1621365300,0.18,0.18
1621366200,0.18,0.18
1621367100,0.18,0.18
1621368000,0.18,0.18
1621368900,0.18,0.18
1621369800,0.18,0.18
1621370700,0.18,0.18
1621371600,0.18,0.18
1621372500,0.18,0.18
1621373400,0.18,0.18
1621374300,0.18,0.18
1621375200,0.18,0.18
1621376100,0.18,0.18
1621377000,0.18,0.18
1621377900,0.18,0.18
1621378800,0.18,0.18
1621379700,0.18,0.18
1621380600,0.18,0.18
1621381500,0.18,0.18
1621382400,0.18,0.18
1621383300,0.18,0.18
1621384200,0.18,0.18
1621385100,0.18,0.18
1621386000,0.18,0.18
1621386900,0.18,0.18
1621387800,0.18,0.18
1621388700,0.18,0.18
1621389600,0.18,0.18
1621390500,0.18,0.18
1621391400,0.18,0.18
1621392300,0.18,0.18
1621393200,0.18,0.18
1621394100,0.18,0.18
1621395000,0.18,0.18
1621395900,0.18,0.18
1621396800,0.18,0.18
1621397700,0.18,0.18
1621398600,0.18,0.18
1621399500,0.18,0.18
1621400400,0.18,0.18
1621401300,0.18,0.18
1621402200,0.18,0.18
1621403100,0.18,0.18
1621404000,0.18,0.18
1621404900,0.18,0.18
1621405800,0.18,0.18
1621406700,0.18,0.18
1621407600,0.18,0.18
1621408500,0.18,0.18
1621409400,0.18,0.18
1621410300,0.18,0.18
1621411200,0.18,0.18
1621412100,0.18,0.18
1621413000,0.18,0.18
1621413900,0.18,0.18
1621414800,0.18,0.18
1621415700,0.18,0.18
1621416600,0.18,0.18
1621417500,0.18,0.18
1621418400,0.18,0.18
1621419300,0.18,0.18
1621420200,0.18,0.18
1621421100,0.18,0.18
1621422000,0.18,0.18
1621422900,0.18,0.18
1621423800,0.18,0.18
1621424700,0.18,0.18
1621425600,0.18,0.18
1621426500,0.18,0.18
1621427400,0.18,0.18
1621428300,0.18,0.18
1621429200,0.18,0.18
1621430100,0.18,0.18
1621431000,0.18,0.18
1621431900,0.18,0.18
1621432800,0.18,0.18
1621433700,0.18,0.18
1621434600,0.18,0.18
1621435500,0.18,0.18
1621436400,0.18,0.18
1621437300,0.18,0.18
1621438200,0.18,0.18
1621439100,0.18,0.18
1621440000,0.18,0.18
1621440900,0.18,0.18
1621441800,0.18,0.18
1621442700,0.18,0.18
1621443600,0.18,0.18
1621444500,0.18,0.18
1621445400,0.18,0.18
1621446300,0.18,0.18
1621447200,0.18,0.18
1621448100,0.18,0.18
1621449000,0.18,0.18
1621449900,0.18,0.18
1621450800,0.18,0.18
1621451700,0.18,0.18
1621452600,0.18,0.18
1621453500,0.18,0.18
1621454400,0.18,0.18
1621455300,0.18,0.18
1621456200,0.18,0.18
1621457100,0.18,0.18
1621458000,0.18,0.18
1621458900,0.18,0.18
1621459800,0.18,0.18
1621460700,0.18,0.18
1621461600,0.18,0.18
1621462500,0.18,0.18
1621463400,0.18,0.18
1621464300,0.18,0.18
1621465200,0.18,0.18
1621466100,0.18,0.18
1621467000,0.18,0.18
1621467900,0.18,0.18
1621468800,0.18,0.18
1621469700,0.18,0.18
1621470600,0.18,0.18
1621471500,0.18,0.18
1621472400,0.18,0.18
1621473300,0.18,0.18
1621474200,0.18,0.18
1621475100,0.18,0.18
1621476000,0.18,0.18
1621476900,0.18,0.18
1621477800,0.18,0.18
1621478700,0.18,0.18
1621479600,0.18,0.18
1621480500,0.18,0.18
1621481400,0.18,0.18
1621482300,0.18,0.18
1621483200,0.18,0.18
1621484100,0.18,0.18
1621485000,0.18,0.18
1621485900,0.18,0.18
1621486800,0.18,0.18
1621487700,0.18,0.18
1621488600,0.18,0.18
1621489500,0.18,0.18
1621490400,0.18,0.18
1621491300,0.18,0.18
1621492200,0.18,0.18
1621493100,0.18,0.18
1621494000,0.18,0.18
1621494900,0.18,0.18
1621495800,0.18,0.18
1621496700,0.18,0.18
1621497600,0.18,0.18
1621498500,0.18,0.18
1621499400,0.18,0.18
1621500300,0.18,0.18
1621501200,0.18,0.18
1621502100,0.18,0.18
1621503000,0.18,0.18
1621503900,0.18,0.18
1621504800,0.18,0.18
1621505700,0.18,0.18
1621506600,0.18,0.18
1621507500,0.18,0.18
1621508400,0.18,0.18
1621509300,0.18,0.18
1621510200,0.18,0.18
1621511100,0.18,0.18
1621512000,0.18,0.18
1621512900,0.18,0.18
1621513800,0.18,0.18
1621514700,0.18,0.18
1621515600,0.18,0.18
1621516500,0.18,0.18
1621517400,0.18,0.18
1621518300,0.18,0.18
1621519200,0.18,0.18
1621520100,0.18,0.18
1621521000,0.18,0.18
1621521900,0.18,0.18
1621522800,0.18,0.18
1621523700,0.18,0.18
1621524600,0.18,0.18
1621525500,0.18,0.18
1621526400,0.18,0.18
1621527300,0.18,0.18
1621528200,0.18,0.18
1621529100,0.18,0.18
1621530000,0.18,0.18
1621530900,0.18,0.18
1621531800,0.18,0.18
1621532700,0.18,0.18
1621533600,0.18,0.18
1621534500,0.18,0.18
1621535400,0.18,0.18
1621536300,0.18,0.18
1621537200,0.18,0.18
1621538100,0.18,0.18
1621539000,0.18,0.18
1621539900,0.18,0.18
1621540800,0.18,0.18
1621541700,0.18,0.18
1621542600,0.18,0.18
1621543500,0.18,0.18
1621544400,0.18,0.18
1621545300,0.18,0.18
1621546200,0.18,0.18
1621547100,0.18,0.18
1621548000,0.18,0.18
1621548900,0.18,0.18
1621549800,0.18,0.18
1621550700,0.18,0.18
1621551600,0.18,0.18
1621552500,0.18,0.18
1621553400,0.18,0.18
1621554300,0.18,0.18
1621555200,0.18,0.18
1621556100,0.18,0.18
1621557000,0.18,0.18
1621557900,0.18,0.18
1621558800,0.18,0.18
1621559700,0.18,0.18
1621560600,0.18,0.18
1621561500,0.18,0.18
1621562400,0.18,0.18
1621563300,0.18,0.18
1621564200,0.18,0.18
1621565100,0.18,0.18
1621566000,0.18,0.18
1621566900,0.18,0.18
1621567800,0.18,0.18
1621568700,0.18,0.18
1621569600,0.18,0.18
1621570500,0.18,0.18
1621571400,0.18,0.18
1621572300,0.18,0.18
1621573200,0.18,0.18
1621574100,0.18,0.18
1621575000,0.18,0.18
1621575900,0.18,0.18
1621576800,0.18,0.18
1621577700,0.18,0.18
1621578600,0.18,0.18
1621579500,0.18,0.18
1621580400,0.18,0.18
1621581300,0.18,0.18
1621582200,0.18,0.18
1621583100,0.18,0.18
1621584000,0.18,0.18
1621584900,0.18,0.18
1621585800,0.18,0.18
1621586700,0.18,0.18
1621587600,0.18,0.18
1621588500,0.18,0.18
1621589400,0.18,0.18
1621590300,0.18,0.18
1621591200,0.18,0.18
1621592100,0.18,0.18
1621593000,0.18,0.18
1621593900,0.18,0.18
1621594800,0.18,0.18
1621595700,0.18,0.18
1621596600,0.18,0.18
1621597500,0.18,0.18
1621598400,0.18,0.18
1621599300,0.18,0.18
1621600200,0.18,0.18
1621601100,0.18,0.18
1621602000,0.18,0.18
1621602900,0.18,0.18
1621603800,0.18,0.18
1621604700,0.18,0.18
1621605600,0.18,0.18
1621606500,0.18,0.18
1621607400,0.18,0.18
1621608300,0.18,0.18
1621609200,0.18,0.18
1621610100,0.18,0.18
1621611000,0.18,0.18
1621611900,0.18,0.18
1621612800,0.18,0.18
1621613700,0.18,0.18
1621614600,0.18,0.18
1621615500,0.18,0.18
1621616400,0.18,0.18
1621617300,0.18,0.18
1621618200,0.18,0.18
1621619100,0.18,0.18
1621620000,0.18,0.18
1621620900,0.18,0.18
1621621800,0.18,0.18
1621622700,0.18,0.18
1621623600,0.18,0.18
1621624500,0.18,0.18
1621625400,0.18,0.18
1621626300,0.18,0.18
1621627200,0.18,0.18
1621628100,0.18,0.18
1621629000,0.18,0.18
1621629900,0.18,0.18
1621630800,0.18,0.18
1621631700,0.18,0.18
1621632600,0.18,0.18
1621633500,0.18,0.18
1621634400,0.18,0.18
1621635300,0.18,0.18
1621636200,0.18,0.18
1621637100,0.18,0.18
1621638000,0.18,0.18
1621638900,0.18,0.18
1621639800,0.18,0.18
1621640700,0.18,0.18
1621641600,0.18,0.18
1621642500,0.18,0.18
1621643400,0.18,0.18
1621644300,0.18,0.18
1621645200,0.18,0.18
1621646100,0.18,0.18
1621647000,0.18,0.18
1621647900,0.18,0.18
1621648800,0.18,0.18
1621649700,0.18,0.18
1621650600,0.18,0.18
1621651500,0.18,0.18
1621652400,0.18,0.18
1621653300,0.18,0.18
1621654200,0.18,0.18
1621655100,0.18,0.18
1621656000,0.18,0.18
1621656900,0.18,0.18
1621657800,0.18,0.18
1621658700,0.18,0.18
1621659600,0.18,0.18
1621660500,0.18,0.18
1621661400,0.18,0.18
1621662300,0.18,0.18
1621663200,0.18,0.18
1621664100,0.18,0.18
1621665000,0.18,0.18
1621665900,0.18,0.18
1621666800,0.18,0.18
1621667700,0.18,0.18
1621668600,0.18,0.18
1621669500,0.18,0.18
1621670400,0.18,0.18
1621671300,0.18,0.18
1621672200,0.18,0.18
1621673100,0.18,0.18
1621674000,0.18,0.18
1621674900,0.18,0.18
1621675800,0.18,0.18
1621676700,0.18,0.18
1621677600,0.18,0.18
1621678500,0.18,0.18
1621679400,0.18,0.18
1621680300,0.18,0.18
1621681200,0.18,0.18
1621682100,0.18,0.18
1621683000,0.18,0.18
1621683900,0.18,0.18
1621684800,0.18,0.18
1621685700,0.18,0.18
1621686600,0.18,0.18
1621687500,0.18,0.18
1621688400,0.18,0.18
1621689300,0.18,0.18
1621690200,0.18,0.18
1621691100,0.18,0.18
1621692000,0.18,0.18
1621692900,0.18,0.18
1621693800,0.18,0.18
1621694700,0.18,0.18
1621695600,0.18,0.18
1621696500,0.18,0.18
1621697400,0.18,0.18
1621698300,0.18,0.18
1621699200,0.18,0.18
1621700100,0.18,0.18
1621701000,0.18,0.18
1621701900,0.18,0.18
1621702800,0.18,0.18
1621703700,0.18,0.18
1621704600,0.18,0.18
1621705500,0.18,0.18
1621706400,0.18,0.18
1621707300,0.18,0.18
1621708200,0.18,0.18
1621709100,0.18,0.18
1621710000,0.18,0.18
1621710900,0.18,0.18
1621711800,0.18,0.18
1621712700,0.18,0.18
1621713600,0.18,0.18
1621714500,0.18,0.18
1621715400,0.18,0.18
1621716300,0.18,0.18
1621717200,0.18,0.18
1621718100,0.18,0.18
1621719000,0.18,0.18
1621719900,0.18,0.18
1621720800,0.18,0.18
1621721700,0.18,0.18
1621722600,0.18,0.18
1621723500,0.18,0.18
1621724400,0.18,0.18
1621725300,0.18,0.18
1621726200,0.18,0.18
1621727100,0.18,0.18
1621728000,0.18,0.18
1621728900,0.18,0.18
1621729800,0.18,0.18
1621730700,0.18,0.18
1621731600,0.18,0.18
1621732500,0.18,0.18
1621733400,0.18,0.18
1621734300,0.18,0.18
1621735200,0.18,0.18
1621736100,0.18,0.18
1621737000,0.18,0.18
1621737900,0.18,0.18
1621738800,0.18,0.18
1621739700,0.18,0.18
1621740600,0.18,0.18
1621741500,0.18,0.18
1621742400,0.18,0.18
1621743300,0.18,0.18
1621744200,0.18,0.18
1621745100,0.18,0.18
1621746000,0.18,0.18
1621746900,0.18,0.18
1621747800,0.18,0.18
1621748700,0.18,0.18
1621749600,0.18,0.18
1621750500,0.18,0.18
1621751400,0.18,0.18
1621752300,0.18,0.18
1621753200,0.18,0.18
1621754100,0.18,0.18
1621755000,0.18,0.18
1621755900,0.18,0.18
1621756800,0.18,0.18
1621757700,0.18,0.18
1621758600,0.18,0.18
1621759500,0.18,0.18
1621760400,0.18,0.18
1621761300,0.18,0.18
1621762200,0.18,0.18
1621763100,0.18,0.18
1621764000,0.18,0.18
1621764900,0.18,0.18
1621765800,0.18,0.18
1621766700,0.18,0.18
1621767600,0.18,0.18
1621768500,0.18,0.18
1621769400,0.18,0.18
1621770300,0.18,0.18
1621771200,0.18,0.18
1621772100,0.18,0.18
1621773000,0.18,0.18
1621773900,0.18,0.18
1621774800,0.18,0.18
1621775700,0.18,0.18
1621776600,0.18,0.18
1621777500,0.18,0.18
1621778400,0.18,0.18
1621779300,0.18,0.18
1621780200,0.18,0.18
1621781100,0.18,0.18
1621782000,0.18,0.18
1621782900,0.18,0.18
1621783800,0.18,0.18
1621784700,0.18,0.18
1621785600,0.18,0.18
1621786500,0.18,0.18
1621787400,0.18,0.18
1621788300,0.18,0.18
1621789200,0.18,0.18
1621790100,0.18,0.18
1621791000,0.18,0.18
1621791900,0.18,0.18
1621792800,0.18,0.18
1621793700,0.18,0.18
1621794600,0.18,0.18
1621795500,0.18,0.18
1621796400,0.18,0.18
1621797300,0.18,0.18
1621798200,0.18,0.18
1621799100,0.18,0.18
1621800000,0.18,0.18
1621800900,0.18,0.18
1621801800,0.18,0.18
1621802700,0.18,0.18
1621803600,0.18,0.18
1621804500,0.18,0.18
1621805400,0.18,0.18
1621806300,0.18,0.18
1621807200,0.18,0.18
1621808100,0.18,0.18
1621809000,0.18,0.18
1621809900,0.18,0.18
1621810800,0.18,0.18
1621811700,0.18,0.18
1621812600,0.18,0.18
1621813500,0.18,0.18
1621814400,0.18,0.18
1621815300,0.18,0.18
1621816200,0.18,0.18
1621817100,0.18,0.18
1621818000,0.18,0.18
1621818900,0.18,0.18
1621819800,0.18,0.18
1621820700,0.18,0.18
1621821600,0.18,0.18
1621822500,0.18,0.18
1621823400,0.18,0.18
1621824300,0.18,0.18
1621825200,0.18,0.18
1621826100,0.18,0.18
1621827000,0.18,0.18
1621827900,0.18,0.18
1621828800,0.18,0.18
1621829700,0.18,0.18
1621830600,0.18,0.18
1621831500,0.18,0.18
1621832400,0.18,0.18
1621833300,0.18,0.18
1621834200,0.18,0.18
1621835100,0.18,0.18
1621836000,0.18,0.18
1621836900,0.18,0.18
1621837800,0.18,0.18
1621838700,0.18,0.18
1621839600,0.18,0.18
1621840500,0.18,0.18
1621841400,0.18,0.18
1621842300,0.18,0.18
1621843200,0.18,0.18
1621844100,0.18,0.18
1621845000,0.18,0.18
1621845900,0.18,0.18
1621846800,0.18,0.18
1621847700,0.18,0.18
1621848600,0.18,0.18
1621849500,0.18,0.18
1621850400,0.18,0.18
1621851300,0.18,0.18
1621852200,0.18,0.18
1621853100,0.18,0.18
1621854000,0.18,0.18
1621854900,0.18,0.18
1621855800,0.18,0.18
1621856700,0.18,0.18
1621857600,0.18,0.18
1621858500,0.18,0.18
1621859400,0.18,0.18
1621860300,0.18,0.18
1621861200,0.18,0.18
1621862100,0.18,0.18
1621863000,0.18,0.18
1621863900,0.18,0.18
1621864800,0.18,0.18
1621865700,0.18,0.18
1621866600,0.18,0.18
1621867500,0.18,0.18
1621868400,0.18,0.18
1621869300,0.18,0.18
1621870200,0.18,0.18
1621871100,0.18,0.18
1621872000,0.18,0.18
1621872900,0.18,0.18
1621873800,0.18,0.18
1621874700,0.18,0.18
1621875600,0.18,0.18
1621876500,0.18,0.18
1621877400,0.18,0.18
1621878300,0.18,0.18
1621879200,0.18,0.18
1621880100,0.18,0.18
1621881000,0.18,0.18
1621881900,0.18,0.18
1621882800,0.18,0.18
1621883700,0.18,0.18
1621884600,0.18,0.18
1621885500,0.18,0.18
1621886400,0.18,0.18
1621887300,0.18,0.18
1621888200,0.18,0.18
1621889100,0.18,0.18
1621890000,0.18,0.18
1621890900,0.18,0.18
1621891800,0.18,0.18
1621892700,0.18,0.18
1621893600,0.18,0.18
1621894500,0.18,0.18
1621895400,0.18,0.18
1621896300,0.18,0.18
1621897200,0.18,0.18
1621898100,0.18,0.18
1621899000,0.18,0.18
1621899900,0.18,0.18
1621900800,0.18,0.18
1621901700,0.18,0.18
1621902600,0.18,0.18
1621903500,0.18,0.18
1621904400,0.18,0.18
1621905300,0.18,0.18
1621906200,0.18,0.18
1621907100,0.18,0.18
1621908000,0.18,0.18
1621908900,0.18,0.18
1621909800,0.18,0.18
1621910700,0.18,0.18
1621911600,0.18,0.18
1621912500,0.18,0.18
1621913400,0.18,0.18
1621914300,0.18,0.18
1621915200,0.18,0.18
1621916100,0.18,0.18
1621917000,0.18,0.18
1621917900,0.18,0.18
1621918800,0.18,0.18
1621919700,0.18,0.18
1621920600,0.18,0.18
1621921500,0.18,0.18
1621922400,0.18,0.18
1621923300,0.18,0.18
1621924200,0.18,0.18
1621925100,0.18,0.18
1621926000,0.18,0.18
1621926900,0.18,0.18
1621927800,0.18,0.18
1621928700,0.18,0.18
1621929600,0.18,0.18
1621930500,0.18,0.18
1621931400,0.18,0.18
1621932300,0.18,0.18
1621933200,0.18,0.18
1621934100,0.18,0.18
1621935000,0.18,0.18
1621935900,0.18,0.18
1621936800,0.18,0.18
1621937700,0.18,0.18
1621938600,0.18,0.18
1621939500,0.18,0.18
1621940400,0.18,0.18
1621941300,0.18,0.18
1621942200,0.18,0.18
1621943100,0.18,0.18
1621944000,0.18,0.18
1621944900,0.18,0.18
1621945800,0.18,0.18
1621946700,0.18,0.18
1621947600,0.18,0.18
1621948500,0.18,0.18
1621949400,0.18,0.18
1621950300,0.18,0.18
1621951200,0.18,0.18
1621952100,0.18,0.18
1621953000,0.18,0.18
1621953900,0.18,0.18
1621954800,0.18,0.18
1621955700,0.18,0.18
1621956600,0.18,0.18
1621957500,0.18,0.18
1621958400,0.18,0.18
1621959300,0.18,0.18
1621960200,0.18,0.18
1621961100,0.18,0.18
1621962000,0.18,0.18
1621962900,0.18,0.18
1621963800,0.18,0.18
1621964700,0.18,0.18
1621965600,0.18,0.18
1621966500,0.18,0.18
1621967400,0.18,0.18
1621968300,0.18,0.18
1621969200,0.18,0.18
1621970100,0.18,0.18
1621971000,0.18,0.18
1621971900,0.18,0.18
1621972800,0.18,0.18
1621973700,0.18,0.18
1621974600,0.18,0.18
1621975500,0.18,0.18
1621976400,0.18,0.18
1621977300,0.18,0.18
1621978200,0.18,0.18
1621979100,0.18,0.18
1621980000,0.18,0.18
1621980900,0.18,0.18
1621981800,0.18,0.18
1621982700,0.18,0.18
1621983600,0.18,0.18
1621984500,0.18,0.18
1621985400,0.18,0.18
1621986300,0.18,0.18
1621987200,0.18,0.18
1621988100,0.18,0.18
1621989000,0.18,0.18
1621989900,0.18,0.18
1621990800,0.18,0.18
1621991700,0.18,0.18
1621992600,0.18,0.18
1621993500,0.18,0.18
1621994400,0.18,0.18
1621995300,0.18,0.18
1621996200,0.18,0.18
1621997100,0.18,0.18
1621998000,0.18,0.18
1621998900,0.18,0.18
1621999800,0.18,0.18
1622000700,0.18,0.18
1622001600,0.18,0.18
1622002500,0.18,0.18
1622003400,0.18,0.18
1622004300,0.18,0.18
1622005200,0.18,0.18
1622006100,0.18,0.18
1622007000,0.18,0.18
1622007900,0.18,0.18
1622008800,0.18,0.18
1622009700,0.18,0.18
1622010600,0.18,0.18
1622011500,0.18,0.18
1622012400,0.18,0.18
1622013300,0.18,0.18
1622014200,0.18,0.18
1622015100,0.18,0.18
1622016000,0.18,0.18
1622016900,0.18,0.18
1622017800,0.18,0.18
1622018700,0.18,0.18
1622019600,0.18,0.18
1622020500,0.18,0.18
1622021400,0.18,0.18
1622022300,0.18,0.18
1622023200,0.18,0.18
1622024100,0.18,0.18
1622025000,0.18,0.18
1622025900,0.18,0.18
1622026800,0.18,0.18
1622027700,0.18,0.18
1622028600,0.18,0.18
1622029500,0.18,0.18
1622030400,0.18,0.18
1622031300,0.18,0.18
1622032200,0.18,0.18
1622033100,0.18,0.18
1622034000,0.18,0.18
1622034900,0.18,0.18
1622035800,0.18,0.18
1622036700,0.18,0.18
1622037600,0.18,0.18
1622038500,0.18,0.18
1622039400,0.18,0.18
1622040300,0.18,0.18
1622041200,0.18,0.18
1622042100,0.18,0.18
1622043000,0.18,0.18
1622043900,0.18,0.18
1622044800,0.18,0.18
1622045700,0.18,0.18
1622046600,0.18,0.18
1622047500,0.18,0.18
1622048400,0.18,0.18
1622049300,0.18,0.18
1622050200,0.18,0.18
1622051100,0.18,0.18
1622052000,0.18,0.18
1622052900,0.18,0.18
1622053800,0.18,0.18
1622054700,0.18,0.18
1622055600,0.18,0.18
1622056500,0.18,0.18
1622057400,0.18,0.18
1622058300,0.18,0.18
1622059200,0.18,0.18
1622060100,0.18,0.18
1622061000,0.18,0.18
1622061900,0.18,0.18
1622062800,0.18,0.18
1622063700,0.18,0.18
1622064600,0.18,0.18
1622065500,0.18,0.18
1622066400,0.18,0.18
1622067300,0.18,0.18
1622068200,0.18,0.18
1622069100,0.18,0.18
1622070000,0.18,0.18
1622070900,0.18,0.18
1622071800,0.18,0.18
1622072700,0.18,0.18
1622073600,0.18,0.18
1622074500,0.18,0.18
1622075400,0.18,0.18
1622076300,0.18,0.18
1622077200,0.18,0.18
1622078100,0.18,0.18
1622079000,0.18,0.18
1622079900,0.18,0.18
1622080800,0.18,0.18
1622081700,0.18,0.18
1622082600,0.18,0.18
1622083500,0.18,0.18
1622084400,0.18,0.18
1622085300,0.18,0.18
1622086200,0.18,0.18
1622087100,0.18,0.18
1622088000,0.18,0.18
1622088900,0.18,0.18
1622089800,0.18,0.18
1622090700,0.18,0.18
1622091600,0.18,0.18
1622092500,0.18,0.18
1622093400,0.18,0.18
1622094300,0.18,0.18
1622095200,0.18,0.18
1622096100,0.18,0.18
1622097000,0.18,0.18
1622097900,0.18,0.18
1622098800,0.18,0.18
1622099700,0.18,0.18
1622100600,0.18,0.18
1622101500,0.18,0.18
1622102400,0.18,0.18
1622103300,0.18,0.18
1622104200,0.18,0.18
1622105100,0.18,0.18
1622106000,0.18,0.18
1622106900,0.18,0.18
1622107800,0.18,0.18
1622108700,0.18,0.18
1622109600,0.18,0.18
1622110500,0.18,0.18
1622111400,0.18,0.18
1622112300,0.18,0.18
1622113200,0.18,0.18
1622114100,0.18,0.18
1622115000,0.18,0.18
1622115900,0.18,0.18
1622116800,0.18,0.18
1622117700,0.18,0.18
1622118600,0.18,0.18
1622119500,0.18,0.18
1622120400,0.18,0.18
1622121300,0.18,0.18
1622122200,0.18,0.18
1622123100,0.18,0.18
1622124000,0.18,0.18
1622124900,0.18,0.18
1622125800,0.18,0.18
1622126700,0.18,0.18
1622127600,0.18,0.18
1622128500,0.18,0.18
1622129400,0.18,0.18
1622130300,0.18,0.18
1622131200,0.18,0.18
1622132100,0.18,0.18
1622133000,0.18,0.18
1622133900,0.18,0.18
1622134800,0.18,0.18
1622135700,0.18,0.18
1622136600,0.18,0.18
1622137500,0.18,0.18
1622138400,0.18,0.18
1622139300,0.18,0.18
1622140200,0.18,0.18
1622141100,0.18,0.18
1622142000,0.18,0.18
1622142900,0.18,0.18
1622143800,0.18,0.18
1622144700,0.18,0.18
1622145600,0.18,0.18
1622146500,0.18,0.18
1622147400,0.18,0.18
1622148300,0.18,0.18
1622149200,0.18,0.18
1622150100,0.18,0.18
1622151000,0.18,0.18
1622151900,0.18,0.18
1622152800,0.18,0.18
1622153700,0.18,0.18
1622154600,0.18,0.18
1622155500,0.18,0.18
1622156400,0.18,0.18
1622157300,0.18,0.18
1622158200,0.18,0.18
1622159100,0.18,0.18
1622160000,0.18,0.18
1622160900,0.18,0.18
1622161800,0.18,0.18
1622162700,0.18,0.18
1622163600,0.18,0.18
1622164500,0.18,0.18
1622165400,0.18,0.18
1622166300,0.18,0.18
1622167200,0.18,0.18
1622168100,0.18,0.18
1622169000,0.18,0.18
1622169900,0.18,0.18
1622170800,0.18,0.18
1622171700,0.18,0.18
1622172600,0.18,0.18
1622173500,0.18,0.18
1622174400,0.18,0.18
1622175300,0.18,0.18
1622176200,0.18,0.18
1622177100,0.18,0.18
1622178000,0.18,0.18
1622178900,0.18,0.18
1622179800,0.18,0.18
1622180700,0.18,0.18
1622181600,0.18,0.18
1622182500,0.18,0.18
1622183400,0.18,0.18
1622184300,0.18,0.18
1622185200,0.18,0.18
1622186100,0.18,0.18
1622187000,0.18,0.18
1622187900,0.18,0.18
1622188800,0.18,0.18
1622189700,0.18,0.18
1622190600,0.18,0.18
1622191500,0.18,0.18
1622192400,0.18,0.18
1622193300,0.18,0.18
1622194200,0.18,0.18
1622195100,0.18,0.18
1622196000,0.18,0.18
1622196900,0.18,0.18
1622197800,0.18,0.18
1622198700,0.18,0.18
1622199600,0.18,0.18
1622200500,0.18,0.18
1622201400,0.18,0.18
1622202300,0.18,0.18
1622203200,0.18,0.18
1622204100,0.18,0.18
1622205000,0.18,0.18
1622205900,0.18,0.18
1622206800,0.18,0.18
1622207700,0.18,0.18
1622208600,0.18,0.18
1622209500,0.18,0.18
1622210400,0.18,0.18
1622211300,0.18,0.18
1622212200,0.18,0.18
1622213100,0.18,0.18
1622214000,0.18,0.18
1622214900,0.18,0.18
1622215800,0.18,0.18
1622216700,0.18,0.18
1622217600,0.18,0.18
1622218500,0.18,0.18
1622219400,0.18,0.18
1622220300,0.18,0.18
1622221200,0.18,0.18
1622222100,0.18,0.18
1622223000,0.18,0.18
1622223900,0.18,0.18
1622224800,0.18,0.18
1622225700,0.18,0.18
1622226600,0.18,0.18
1622227500,0.18,0.18
1622228400,0.18,0.18
1622229300,0.18,0.18
1622230200,0.18,0.18
1622231100,0.18,0.18
1622232000,0.18,0.18
1622232900,0.18,0.18
1622233800,0.18,0.18
1622234700,0.18,0.18
1622235600,0.18,0.18
1622236500,0.18,0.18
1622237400,0.18,0.18
1622238300,0.18,0.18
1622239200,0.18,0.18
1622240100,0.18,0.18
1622241000,0.18,0.18
1622241900,0.18,0.18
1622242800,0.18,0.18
1622243700,0.18,0.18
1622244600,0.18,0.18
1622245500,0.18,0.18
1622246400,0.18,0.18
1622247300,0.18,0.18
1622248200,0.18,0.18
1622249100,0.18,0.18
1622250000,0.18,0.18
1622250900,0.18,0.18
1622251800,0.18,0.18
1622252700,0.18,0.18
1622253600,0.18,0.18
1622254500,0.18,0.18
1622255400,0.18,0.18
1622256300,0.18,0.18
1622257200,0.18,0.18
1622258100,0.18,0.18
1622259000,0.18,0.18
1622259900,0.18,0.18
1622260800,0.18,0.18
1622261700,0.18,0.18
1622262600,0.18,0.18
1622263500,0.18,0.18
1622264400,0.18,0.18
1622265300,0.18,0.18
1622266200,0.18,0.18
1622267100,0.18,0.18
1622268000,0.18,0.18
1622268900,0.18,0.18
1622269800,0.18,0.18
1622270700,0.18,0.18
1622271600,0.18,0.18
1622272500,0.18,0.18
1622273400,0.18,0.18
1622274300,0.18,0.18
1622275200,0.18,0.18
1622276100,0.18,0.18
1622277000,0.18,0.18
1622277900,0.18,0.18
1622278800,0.18,0.18
1622279700,0.18,0.18
1622280600,0.18,0.18
1622281500,0.18,0.18
1622282400,0.18,0.18
1622283300,0.18,0.18
1622284200,0.18,0.18
1622285100,0.18,0.18
1622286000,0.18,0.18
1622286900,0.18,0.18
1622287800,0.18,0.18
1622288700,0.18,0.18
1622289600,0.18,0.18
1622290500,0.18,0.18
1622291400,0.18,0.18
1622292300,0.18,0.18
1622293200,0.18,0.18
1622294100,0.18,0.18
1622295000,0.18,0.18
1622295900,0.18,0.18
1622296800,0.18,0.18
1622297700,0.18,0.18
1622298600,0.18,0.18
1622299500,0.18,0.18
1622300400,0.18,0.18
1622301300,0.18,0.18
1622302200,0.18,0.18
1622303100,0.18,0.18
1622304000,0.18,0.18
1622304900,0.18,0.18
1622305800,0.18,0.18
1622306700,0.18,0.18
1622307600,0.18,0.18
1622308500,0.18,0.18
1622309400,0.18,0.18
1622310300,0.18,0.18
1622311200,0.18,0.18
1622312100,0.18,0.18
1622313000,0.18,0.18
1622313900,0.18,0.18
1622314800,0.18,0.18
1622315700,0.18,0.18
1622316600,0.18,0.18
1622317500,0.18,0.18
1622318400,0.18,0.18
1622319300,0.18,0.18
1622320200,0.18,0.18
1622321100,0.18,0.18
1622322000,0.18,0.18
1622322900,0.18,0.18
1622323800,0.18,0.18
1622324700,0.18,0.18
1622325600,0.18,0.18
1622326500,0.18,0.18
1622327400,0.18,0.18
1622328300,0.18,0.18
1622329200,0.18,0.18
1622330100,0.18,0.18
1622331000,0.18,0.18
1622331900,0.18,0.18
1622332800,0.18,0.18
1622333700,0.18,0.18
1622334600,0.18,0.18
1622335500,0.18,0.18
1622336400,0.18,0.18
1622337300,0.18,0.18
1622338200,0.18,0.18
1622339100,0.18,0.18
1622340000,0.18,0.18
1622340900,0.18,0.18
1622341800,0.18,0.18
1622342700,0.18,0.18
1622343600,0.18,0.18
1622344500,0.18,0.18
1622345400,0.18,0.18
1622346300,0.18,0.18
1622347200,0.18,0.18
1622348100,0.18,0.18
1622349000,0.18,0.18
1622349900,0.18,0.18
1622350800,0.18,0.18
1622351700,0.18,0.18
1622352600,0.18,0.18
1622353500,0.18,0.18
1622354400,0.18,0.18
1622355300,0.18,0.18
1622356200,0.18,0.18
1622357100,0.18,0.18
1622358000,0.18,0.18
1622358900,0.18,0.18
1622359800,0.18,0.18
1622360700,0.18,0.18
1622361600,0.18,0.18
1622362500,0.18,0.18
1622363400,0.18,0.18
1622364300,0.18,0.18
1622365200,0.18,0.18
1622366100,0.18,0.18
1622367000,0.18,0.18
1622367900,0.18,0.18
1622368800,0.18,0.18
1622369700,0.18,0.18
1622370600,0.18,0.18
1622371500,0.18,0.18
1622372400,0.18,0.18
1622373300,0.18,0.18
1622374200,0.18,0.18
1622375100,0.18,0.18
1622376000,0.18,0.18
1622376900,0.18,0.18
1622377800,0.18,0.18
1622378700,0.18,0.18
1622379600,0.18,0.18
1622380500,0.18,0.18
1622381400,0.18,0.18
1622382300,0.18,0.18
1622383200,0.18,0.18
1622384100,0.18,0.18
1622385000,0.18,0.18
1622385900,0.18,0.18
1622386800,0.18,0.18
1622387700,0.18,0.18
1622388600,0.18,0.18
1622389500,0.18,0.18
1622390400,0.18,0.18
1622391300,0.18,0.18
1622392200,0.18,0.18
1622393100,0.18,0.18
1622394000,0.18,0.18
1622394900,0.18,0.18
1622395800,0.18,0.18
1622396700,0.18,0.18
1622397600,0.18,0.18
1622398500,0.18,0.18
1622399400,0.18,0.18
1622400300,0.18,0.18
1622401200,0.18,0.18
1622402100,0.18,0.18
1622403000,0.18,0.18
1622403900,0.18,0.18
1622404800,0.18,0.18
1622405700,0.18,0.18
1622406600,0.18,0.18
1622407500,0.18,0.18
1622408400,0.18,0.18
1622409300,0.18,0.18
1622410200,0.18,0.18
1622411100,0.18,0.18
1622412000,0.18,0.18
1622412900,0.18,0.18
1622413800,0.18,0.18
1622414700,0.18,0.18
1622415600,0.18,0.18
1622416500,0.18,0.18
1622417400,0.18,0.18
1622418300,0.18,0.18
1622419200,0.18,0.18
1622420100,0.18,0.18
1622421000,0.18,0.18
1622421900,0.18,0.18
1622422800,0.18,0.18
1622423700,0.18,0.18
1622424600,0.18,0.18
1622425500,0.18,0.18
1622426400,0.18,0.18
1622427300,0.18,0.18
1622428200,0.18,0.18
1622429100,0.18,0.18
1622430000,0.18,0.18
1622430900,0.18,0.18
1622431800,0.18,0.18
1622432700,0.18,0.18
1622433600,0.18,0.18
1622434500,0.18,0.18
1622435400,0.18,0.18
1622436300,0.18,0.18
1622437200,0.18,0.18
1622438100,0.18,0.18
1622439000,0.18,0.18
1622439900,0.18,0.18
1622440800,0.18,0.18
1622441700,0.18,0.18
1622442600,0.18,0.18
1622443500,0.18,0.18
1622444400,0.18,0.18
1622445300,0.18,0.18
1622446200,0.18,0.18
1622447100,0.18,0.18
1622448000,0.18,0.18
1622448900,0.18,0.18
1622449800,0.18,0.18
1622450700,0.18,0.18
1622451600,0.18,0.18
1622452500,0.18,0.18
1622453400,0.18,0.18
1622454300,0.18,0.18
1622455200,0.18,0.18
1622456100,0.18,0.18
1622457000,0.18,0.18
1622457900,0.18,0.18
1622458800,0.18,0.18
1622459700,0.18,0.18
1622460600,0.18,0.18
1622461500,0.18,0.18
1622462400,0.18,0.18
1622463300,0.18,0.18
1622464200,0.18,0.18
1622465100,0.18,0.18
1622466000,0.18,0.18
1622466900,0.18,0.18
1622467800,0.18,0.18
1622468700,0.18,0.18
1622469600,0.18,0.18
1622470500,0.18,0.18
1622471400,0.18,0.18
1622472300,0.18,0.18
1622473200,0.18,0.18
1622474100,0.18,0.18
1622475000,0.18,0.18
1622475900,0.18,0.18
1622476800,0.18,0.18
1622477700,0.18,0.18
1622478600,0.18,0.18
1622479500,0.18,0.18
1622480400,0.18,0.18
1622481300,0.18,0.18
1622482200,0.18,0.18
1622483100,0.18,0.18
1622484000,0.18,0.18
1622484900,0.18,0.18
1622485800,0.18,0.18
1622486700,0.18,0.18
1622487600,0.18,0.18
1622488500,0.18,0.18
1622489400,0.18,0.18
1622490300,0.18,0.18
1622491200,0.18,0.18
1622492100,0.18,0.18
1622493000,0.18,0.18
1622493900,0.18,0.18
1622494800,0.18,0.18
1622495700,0.18,0.18
1622496600,0.18,0.18
