timestamp,power
1613343600.0,0.0
1613344500.0,0.0
1613345400.0,0.0
1613346300.0,0.0
1613347200.0,0.0
1613348100.0,0.0
1613349000.0,0.0
1613349900.0,0.0
1613350800.0,0.0
1613351700.0,0.0
1613352600.0,0.0
1613353500.0,0.0
1613354400.0,0.0
1613355300.0,0.0
1613356200.0,0.0
1613357100.0,0.0
1613358000.0,0.0
1613358900.0,0.0
1613359800.0,0.0
1613360700.0,0.0
1613361600.0,0.0
1613362500.0,0.0
1613363400.0,0.0
1613364300.0,0.0
1613365200.0,0.0
1613366100.0,0.0
1613367000.0,0.0
1613367900.0,0.0
1613368800.0,0.0
1613369700.0,0.003846153846153846
1613370600.0,0.014615384615384615
1613371500.0,0.026153846153846156
1613372400.0,0.047692307692307694
1613373300.0,0.07076923076923076
1613374200.0,0.08307692307692308
1613375100.0,0.1
1613376000.0,0.12230769230769231
1613376900.0,0.1676923076923077
1613377800.0,0.34692307692307695
1613378700.0,0.4946153846153846
1613379600.0,0.5846153846153846
1613380500.0,0.6169230769230769
1613381400.0,0.5984615384615385
1613382300.0,0.563076923076923
1613383200.0,0.40615384615384614
1613384100.0,0.31769230769230766
1613385000.0,0.3384615384615384
1613385900.0,0.29846153846153844
1613386800.0,0.25153846153846154
1613387700.0,0.23461538461538461
1613388600.0,0.21692307692307689
1613389500.0,0.21153846153846154
1613390400.0,0.2
1613391300.0,0.19153846153846152
1613392200.0,0.19153846153846152
1613393100.0,0.16307692307692306
1613394000.0,0.1453846153846154
1613394900.0,0.1423076923076923
1613395800.0,0.12538461538461537
1613396700.0,0.09923076923076923
1613397600.0,0.09153846153846153
1613398500.0,0.07153846153846154
1613399400.0,0.06307692307692307
1613400300.0,0.05076923076923077
1613401200.0,0.04153846153846154
1613402100.0,0.03230769230769231
1613403000.0,0.019999999999999997
1613403900.0,0.007692307692307692
1613404800.0,0.0
1613405700.0,0.0
1613406600.0,0.0
1613407500.0,0.0
1613408400.0,0.0
1613409300.0,0.0
1613410200.0,0.0
1613411100.0,0.0
1613412000.0,0.0
1613412900.0,0.0
1613413800.0,0.0
1613414700.0,0.0
1613415600.0,0.0
1613416500.0,0.0
1613417400.0,0.0
1613418300.0,0.0
1613419200.0,0.0
1613420100.0,0.0
1613421000.0,0.0
1613421900.0,0.0
1613422800.0,0.0
1613423700.0,0.0
1613424600.0,0.0
1613425500.0,0.0
1613426400.0,0.0
1613427300.0,0.0
1613428200.0,0.0
1613429100.0,0.0
1613430000.0,0.0
1613430900.0,0.0
1613431800.0,0.0
1613432700.0,0.0
1613433600.0,0.0
1613434500.0,0.0
1613435400.0,0.0
1613436300.0,0.0
1613437200.0,0.0
1613438100.0,0.0
1613439000.0,0.0
1613439900.0,0.0
1613440800.0,0.0
1613441700.0,0.0
1613442600.0,0.0
1613443500.0,0.0
1613444400.0,0.0
1613445300.0,0.0
1613446200.0,0.0
1613447100.0,0.0
1613448000.0,0.0
1613448900.0,0.0
1613449800.0,0.0
1613450700.0,0.0
1613451600.0,0.0
1613452500.0,0.0
1613453400.0,0.0
1613454300.0,0.0
1613455200.0,0.0
1613456100.0,0.0
1613457000.0,0.0
1613457900.0,0.0
1613458800.0,0.003846153846153846
1613459700.0,0.00923076923076923
1613460600.0,0.014615384615384615
1613461500.0,0.013846153846153845
1613462400.0,0.01769230769230769
1613463300.0,0.031538461538461536
1613464200.0,0.05538461538461538
1613465100.0,0.06769230769230769
1613466000.0,0.04923076923076923
1613466900.0,0.07461538461538461
1613467800.0,0.0776923076923077
1613468700.0,0.08538461538461538
1613469600.0,0.10846153846153844
1613470500.0,0.07307692307692308
1613471400.0,0.05076923076923077
1613472300.0,0.05230769230769231
1613473200.0,0.06769230769230769
1613474100.0,0.08692307692307692
1613475000.0,0.15461538461538463
1613475900.0,0.14461538461538462
1613476800.0,0.21000000000000002
1613477700.0,0.25076923076923074
1613478600.0,0.2076923076923077
1613479500.0,0.1592307692307692
1613480400.0,0.12923076923076923
1613481300.0,0.1146153846153846
1613482200.0,0.17153846153846153
1613483100.0,0.13769230769230767
1613484000.0,0.16692307692307692
1613484900.0,0.0923076923076923
1613485800.0,0.08384615384615385
1613486700.0,0.043076923076923075
1613487600.0,0.028461538461538458
1613488500.0,0.012307692307692308
1613489400.0,0.011538461538461537
1613490300.0,0.008461538461538461
1613491200.0,0.0007692307692307692
1613492100.0,0.0
1613493000.0,0.0
1613493900.0,0.0
1613494800.0,0.0
1613495700.0,0.0
1613496600.0,0.0
1613497500.0,0.0
1613498400.0,0.0
1613499300.0,0.0
1613500200.0,0.0
1613501100.0,0.0
1613502000.0,0.0
1613502900.0,0.0
1613503800.0,0.0
1613504700.0,0.0
1613505600.0,0.0
1613506500.0,0.0
1613507400.0,0.0
1613508300.0,0.0
1613509200.0,0.0
1613510100.0,0.0
1613511000.0,0.0
1613511900.0,0.0
1613512800.0,0.0
1613513700.0,0.0
1613514600.0,0.0
1613515500.0,0.0
1613516400.0,0.0
1613517300.0,0.0
1613518200.0,0.0
1613519100.0,0.0
1613520000.0,0.0
1613520900.0,0.0
1613521800.0,0.0
1613522700.0,0.0
1613523600.0,0.0
1613524500.0,0.0
1613525400.0,0.0
1613526300.0,0.0
1613527200.0,0.0
1613528100.0,0.0
1613529000.0,0.0
1613529900.0,0.0
1613530800.0,0.0
1613531700.0,0.0
1613532600.0,0.0
1613533500.0,0.0
1613534400.0,0.0
1613535300.0,0.0
1613536200.0,0.0
1613537100.0,0.0
1613538000.0,0.0
1613538900.0,0.0
1613539800.0,0.0
1613540700.0,0.0
1613541600.0,0.0
1613542500.0,0.0
1613543400.0,0.0
1613544300.0,0.004615384615384615
1613545200.0,0.013076923076923078
1613546100.0,0.026923076923076925
1613547000.0,0.07538461538461538
1613547900.0,0.07538461538461538
1613548800.0,0.1392307692307692
1613549700.0,0.18076923076923077
1613550600.0,0.18384615384615383
1613551500.0,0.09153846153846153
1613552400.0,0.1946153846153846
1613553300.0,0.1553846153846154
1613554200.0,0.0846153846153846
1613555100.0,0.09384615384615384
1613556000.0,0.2076923076923077
1613556900.0,0.19692307692307692
1613557800.0,0.14461538461538462
1613558700.0,0.21000000000000002
1613559600.0,0.18384615384615383
1613560500.0,0.12923076923076923
1613561400.0,0.06692307692307692
1613562300.0,0.02230769230769231
1613563200.0,0.08153846153846153
1613564100.0,0.04461538461538462
1613565000.0,0.10076923076923076
1613565900.0,0.2076923076923077
1613566800.0,0.17461538461538462
1613567700.0,0.09076923076923075
1613568600.0,0.08384615384615385
1613569500.0,0.08076923076923076
1613570400.0,0.15461538461538463
1613571300.0,0.2969230769230769
1613572200.0,0.23615384615384613
1613573100.0,0.13538461538461538
1613574000.0,0.11692307692307692
1613574900.0,0.06461538461538462
1613575800.0,0.03769230769230769
1613576700.0,0.01769230769230769
1613577600.0,0.004615384615384615
1613578500.0,0.0
1613579400.0,0.0
1613580300.0,0.0
1613581200.0,0.0
1613582100.0,0.0
1613583000.0,0.0
1613583900.0,0.0
1613584800.0,0.0
1613585700.0,0.0
1613586600.0,0.0
1613587500.0,0.0
1613588400.0,0.0
1613589300.0,0.0
1613590200.0,0.0
1613591100.0,0.0
1613592000.0,0.0
1613592900.0,0.0
1613593800.0,0.0
1613594700.0,0.0
1613595600.0,0.0
1613596500.0,0.0
1613597400.0,0.0
1613598300.0,0.0
1613599200.0,0.0
1613600100.0,0.0
1613601000.0,0.0
1613601900.0,0.0
1613602800.0,0.0
1613603700.0,0.0
1613604600.0,0.0
1613605500.0,0.0
1613606400.0,0.0
1613607300.0,0.0
1613608200.0,0.0
1613609100.0,0.0
1613610000.0,0.0
1613610900.0,0.0
1613611800.0,0.0
1613612700.0,0.0
1613613600.0,0.0
1613614500.0,0.0
1613615400.0,0.0
1613616300.0,0.0
1613617200.0,0.0
1613618100.0,0.0
1613619000.0,0.0
1613619900.0,0.0
1613620800.0,0.0
1613621700.0,0.0
1613622600.0,0.0
1613623500.0,0.0
1613624400.0,0.0
1613625300.0,0.0
1613626200.0,0.0
1613627100.0,0.0
1613628000.0,0.0
1613628900.0,0.0
1613629800.0,0.00923076923076923
1613630700.0,0.02076923076923077
1613631600.0,0.033846153846153845
1613632500.0,0.06538461538461539
1613633400.0,0.11538461538461538
1613634300.0,0.11692307692307692
1613635200.0,0.16307692307692306
1613636100.0,0.25846153846153846
1613637000.0,0.37846153846153846
1613637900.0,0.4676923076923077
1613638800.0,0.5776923076923077
1613639700.0,0.6269230769230768
1613640600.0,0.6084615384615385
1613641500.0,0.5223076923076924
1613642400.0,0.38769230769230767
1613643300.0,0.3553846153846154
1613644200.0,0.37846153846153846
1613645100.0,0.30923076923076925
1613646000.0,0.21846153846153843
1613646900.0,0.20076923076923078
1613647800.0,0.19923076923076924
1613648700.0,0.17923076923076922
1613649600.0,0.1576923076923077
1613650500.0,0.2
1613651400.0,0.24538461538461537
1613652300.0,0.24538461538461537
1613653200.0,0.2623076923076923
1613654100.0,0.27307692307692305
1613655000.0,0.2576923076923077
1613655900.0,0.1392307692307692
1613656800.0,0.14692307692307693
1613657700.0,0.15
1613658600.0,0.11615384615384615
1613659500.0,0.1146153846153846
1613660400.0,0.09076923076923075
1613661300.0,0.05615384615384615
1613662200.0,0.03461538461538461
1613663100.0,0.009999999999999998
1613664000.0,0.005384615384615384
1613664900.0,0.0007692307692307692
1613665800.0,0.0
1613666700.0,0.0
1613667600.0,0.0
1613668500.0,0.0
1613669400.0,0.0
1613670300.0,0.0
1613671200.0,0.0
1613672100.0,0.0
1613673000.0,0.0
1613673900.0,0.0
1613674800.0,0.0
1613675700.0,0.0
1613676600.0,0.0
1613677500.0,0.0
1613678400.0,0.0
1613679300.0,0.0
1613680200.0,0.0
1613681100.0,0.0
1613682000.0,0.0
1613682900.0,0.0
1613683800.0,0.0
1613684700.0,0.0
1613685600.0,0.0
1613686500.0,0.0
1613687400.0,0.0
1613688300.0,0.0
1613689200.0,0.0
1613690100.0,0.0
1613691000.0,0.0
1613691900.0,0.0
1613692800.0,0.0
1613693700.0,0.0
1613694600.0,0.0
1613695500.0,0.0
1613696400.0,0.0
1613697300.0,0.0
1613698200.0,0.0
1613699100.0,0.0
1613700000.0,0.0
1613700900.0,0.0
1613701800.0,0.0
1613702700.0,0.0
1613703600.0,0.0
1613704500.0,0.0
1613705400.0,0.0
1613706300.0,0.0
1613707200.0,0.0
1613708100.0,0.0
1613709000.0,0.0
1613709900.0,0.0
1613710800.0,0.0
1613711700.0,0.0
1613712600.0,0.0
1613713500.0,0.0
1613714400.0,0.0
1613715300.0,0.0
1613716200.0,0.0
1613717100.0,0.0
1613718000.0,0.0
1613718900.0,0.0
1613719800.0,0.007692307692307692
1613720700.0,0.023076923076923075
1613721600.0,0.05076923076923077
1613722500.0,0.03692307692307692
1613723400.0,0.02230769230769231
1613724300.0,0.05153846153846154
1613725200.0,0.02923076923076923
1613726100.0,0.07230769230769231
1613727000.0,0.06615384615384615
1613727900.0,0.028461538461538458
1613728800.0,0.05153846153846154
1613729700.0,0.08384615384615385
1613730600.0,0.05769230769230769
1613731500.0,0.12923076923076923
1613732400.0,0.1692307692307692
1613733300.0,0.06846153846153846
1613734200.0,0.05538461538461538
1613735100.0,0.05846153846153846
1613736000.0,0.15
1613736900.0,0.1276923076923077
1613737800.0,0.13384615384615384
1613738700.0,0.18538461538461537
1613739600.0,0.15307692307692308
1613740500.0,0.13
1613741400.0,0.13999999999999999
1613742300.0,0.21153846153846154
1613743200.0,0.21846153846153843
1613744100.0,0.18692307692307691
1613745000.0,0.18538461538461537
1613745900.0,0.1146153846153846
1613746800.0,0.0846153846153846
1613747700.0,0.06076923076923077
1613748600.0,0.03538461538461538
1613749500.0,0.014615384615384615
1613750400.0,0.006923076923076922
1613751300.0,0.0015384615384615385
1613752200.0,0.0
1613753100.0,0.0
1613754000.0,0.0
1613754900.0,0.0
1613755800.0,0.0
1613756700.0,0.0
1613757600.0,0.0
1613758500.0,0.0
1613759400.0,0.0
1613760300.0,0.0
1613761200.0,0.0
1613762100.0,0.0
1613763000.0,0.0
1613763900.0,0.0
1613764800.0,0.0
1613765700.0,0.0
1613766600.0,0.0
1613767500.0,0.0
1613768400.0,0.0
1613769300.0,0.0
1613770200.0,0.0
1613771100.0,0.0
1613772000.0,0.0
1613772900.0,0.0
1613773800.0,0.0
1613774700.0,0.0
1613775600.0,0.0
1613776500.0,0.0
1613777400.0,0.0
1613778300.0,0.0
1613779200.0,0.0
1613780100.0,0.0
1613781000.0,0.0
1613781900.0,0.0
1613782800.0,0.0
1613783700.0,0.0
1613784600.0,0.0
1613785500.0,0.0
1613786400.0,0.0
1613787300.0,0.0
1613788200.0,0.0
1613789100.0,0.0
1613790000.0,0.0
1613790900.0,0.0
1613791800.0,0.0
1613792700.0,0.0
1613793600.0,0.0
1613794500.0,0.0
1613795400.0,0.0
1613796300.0,0.0
1613797200.0,0.0
1613798100.0,0.0
1613799000.0,0.0
1613799900.0,0.0
1613800800.0,0.0
1613801700.0,0.0
1613802600.0,0.008461538461538461
1613803500.0,0.016923076923076923
1613804400.0,0.02923076923076923
1613805300.0,0.06923076923076922
1613806200.0,0.1146153846153846
1613807100.0,0.1276923076923077
1613808000.0,0.16538461538461538
1613808900.0,0.2569230769230769
1613809800.0,0.3892307692307692
1613810700.0,0.47538461538461535
1613811600.0,0.5638461538461538
1613812500.0,0.5807692307692307
1613813400.0,0.5438461538461538
1613814300.0,0.5338461538461537
1613815200.0,0.48230769230769227
1613816100.0,0.39692307692307693
1613817000.0,0.43000000000000005
1613817900.0,0.40076923076923077
1613818800.0,0.27999999999999997
1613819700.0,0.2123076923076923
1613820600.0,0.21384615384615385
1613821500.0,0.1923076923076923
1613822400.0,0.15461538461538463
1613823300.0,0.20923076923076925
1613824200.0,0.2569230769230769
1613825100.0,0.24153846153846154
1613826000.0,0.2815384615384615
1613826900.0,0.3169230769230769
1613827800.0,0.32999999999999996
1613828700.0,0.34923076923076923
1613829600.0,0.3107692307692308
1613830500.0,0.26999999999999996
1613831400.0,0.2223076923076923
1613832300.0,0.16384615384615384
1613833200.0,0.09846153846153846
1613834100.0,0.06461538461538462
1613835000.0,0.039999999999999994
1613835900.0,0.021538461538461538
1613836800.0,0.015384615384615384
1613837700.0,0.006923076923076922
1613838600.0,0.0
1613839500.0,0.0
1613840400.0,0.0
1613841300.0,0.0
1613842200.0,0.0
1613843100.0,0.0
1613844000.0,0.0
1613844900.0,0.0
1613845800.0,0.0
1613846700.0,0.0
1613847600.0,0.0
1613848500.0,0.0
1613849400.0,0.0
1613850300.0,0.0
1613851200.0,0.0
1613852100.0,0.0
1613853000.0,0.0
1613853900.0,0.0
1613854800.0,0.0
1613855700.0,0.0
1613856600.0,0.0
1613857500.0,0.0
1613858400.0,0.0
1613859300.0,0.0
1613860200.0,0.0
1613861100.0,0.0
1613862000.0,0.0
1613862900.0,0.0
1613863800.0,0.0
1613864700.0,0.0
1613865600.0,0.0
1613866500.0,0.0
1613867400.0,0.0
1613868300.0,0.0
1613869200.0,0.0
1613870100.0,0.0
1613871000.0,0.0
1613871900.0,0.0
1613872800.0,0.0
1613873700.0,0.0
1613874600.0,0.0
1613875500.0,0.0
1613876400.0,0.0
1613877300.0,0.0
1613878200.0,0.0
1613879100.0,0.0
1613880000.0,0.0
1613880900.0,0.0
1613881800.0,0.0
1613882700.0,0.0
1613883600.0,0.0
1613884500.0,0.0
1613885400.0,0.0
1613886300.0,0.0
1613887200.0,0.0
1613888100.0,0.0
1613889000.0,0.008461538461538461
1613889900.0,0.014615384615384615
1613890800.0,0.03230769230769231
1613891700.0,0.09076923076923075
1613892600.0,0.12923076923076923
1613893500.0,0.14923076923076922
1613894400.0,0.19076923076923077
1613895300.0,0.29384615384615387
1613896200.0,0.43999999999999995
1613897100.0,0.5646153846153846
1613898000.0,0.643076923076923
1613898900.0,0.6684615384615384
1613899800.0,0.6353846153846153
1613900700.0,0.5130769230769231
1613901600.0,0.47538461538461535
1613902500.0,0.4415384615384615
1613903400.0,0.45307692307692304
1613904300.0,0.4276923076923077
1613905200.0,0.3046153846153846
1613906100.0,0.24307692307692308
1613907000.0,0.2246153846153846
1613907900.0,0.20923076923076925
1613908800.0,0.16615384615384615
1613909700.0,0.2246153846153846
1613910600.0,0.2915384615384615
1613911500.0,0.2769230769230769
1613912400.0,0.29307692307692307
1613913300.0,0.3146153846153846
1613914200.0,0.3515384615384615
1613915100.0,0.35
1613916000.0,0.32384615384615384
1613916900.0,0.2769230769230769
1613917800.0,0.21846153846153843
1613918700.0,0.16307692307692306
1613919600.0,0.09615384615384615
1613920500.0,0.05153846153846154
1613921400.0,0.03
1613922300.0,0.016923076923076923
1613923200.0,0.010769230769230769
1613924100.0,0.003846153846153846
1613925000.0,0.0
1613925900.0,0.0
1613926800.0,0.0
1613927700.0,0.0
1613928600.0,0.0
1613929500.0,0.0
1613930400.0,0.0
1613931300.0,0.0
1613932200.0,0.0
1613933100.0,0.0
1613934000.0,0.0
1613934900.0,0.0
1613935800.0,0.0
1613936700.0,0.0
1613937600.0,0.0
1613938500.0,0.0
1613939400.0,0.0
1613940300.0,0.0
1613941200.0,0.0
1613942100.0,0.0
1613943000.0,0.0
1613943900.0,0.0
1613944800.0,0.0
1613945700.0,0.0
1613946600.0,0.0
1613947500.0,0.0
1613948400.0,0.0
1613949300.0,0.0
1613950200.0,0.0
1613951100.0,0.0
1613952000.0,0.0
1613952900.0,0.0
1613953800.0,0.0
1613954700.0,0.0
1613955600.0,0.0
1613956500.0,0.0
1613957400.0,0.0
1613958300.0,0.0
1613959200.0,0.0
1613960100.0,0.0
1613961000.0,0.0
1613961900.0,0.0
1613962800.0,0.0
1613963700.0,0.0
1613964600.0,0.0
1613965500.0,0.0
1613966400.0,0.0
1613967300.0,0.0
1613968200.0,0.0
1613969100.0,0.0
1613970000.0,0.0
1613970900.0,0.0
1613971800.0,0.0
1613972700.0,0.0
1613973600.0,0.0
1613974500.0,0.0
1613975400.0,0.005384615384615384
1613976300.0,0.019230769230769232
1613977200.0,0.03538461538461538
1613978100.0,0.06461538461538462
1613979000.0,0.07999999999999999
1613979900.0,0.1053846153846154
1613980800.0,0.2
1613981700.0,0.20307692307692307
1613982600.0,0.35615384615384615
1613983500.0,0.5923076923076923
1613984400.0,0.6515384615384615
1613985300.0,0.673076923076923
1613986200.0,0.6761538461538461
1613987100.0,0.6269230769230768
1613988000.0,0.5461538461538461
1613988900.0,0.4707692307692307
1613989800.0,0.48846153846153845
1613990700.0,0.45999999999999996
1613991600.0,0.3292307692307692
1613992500.0,0.2646153846153846
1613993400.0,0.24615384615384614
1613994300.0,0.2369230769230769
1613995200.0,0.1923076923076923
1613996100.0,0.25153846153846154
1613997000.0,0.30615384615384617
1613997900.0,0.2969230769230769
1613998800.0,0.31230769230769234
1613999700.0,0.3246153846153846
1614000600.0,0.3323076923076923
1614001500.0,0.3192307692307692
1614002400.0,0.27615384615384614
1614003300.0,0.24
1614004200.0,0.15692307692307692
1614005100.0,0.04461538461538462
1614006000.0,0.03230769230769231
1614006900.0,0.03
1614007800.0,0.030769230769230767
1614008700.0,0.025384615384615384
1614009600.0,0.021538461538461538
1614010500.0,0.006923076923076922
1614011400.0,0.0
1614012300.0,0.0
1614013200.0,0.0
1614014100.0,0.0
1614015000.0,0.0
1614015900.0,0.0
1614016800.0,0.0
1614017700.0,0.0
1614018600.0,0.0
1614019500.0,0.0
1614020400.0,0.0
1614021300.0,0.0
1614022200.0,0.0
1614023100.0,0.0
1614024000.0,0.0
1614024900.0,0.0
1614025800.0,0.0
1614026700.0,0.0
1614027600.0,0.0
1614028500.0,0.0
1614029400.0,0.0
1614030300.0,0.0
1614031200.0,0.0
1614032100.0,0.0
1614033000.0,0.0
1614033900.0,0.0
1614034800.0,0.0
1614035700.0,0.0
1614036600.0,0.0
1614037500.0,0.0
1614038400.0,0.0
1614039300.0,0.0
1614040200.0,0.0
1614041100.0,0.0
1614042000.0,0.0
1614042900.0,0.0
1614043800.0,0.0
1614044700.0,0.0
1614045600.0,0.0
1614046500.0,0.0
1614047400.0,0.0
1614048300.0,0.0
1614049200.0,0.0
1614050100.0,0.0
1614051000.0,0.0
1614051900.0,0.0
1614052800.0,0.0
1614053700.0,0.0
1614054600.0,0.0
1614055500.0,0.0
1614056400.0,0.0
1614057300.0,0.0
1614058200.0,0.0
1614059100.0,0.0
1614060000.0,0.0
1614060900.0,0.004615384615384615
1614061800.0,0.01846153846153846
1614062700.0,0.03692307692307692
1614063600.0,0.05615384615384615
1614064500.0,0.08538461538461538
1614065400.0,0.12230769230769231
1614066300.0,0.15153846153846154
1614067200.0,0.19384615384615383
1614068100.0,0.26615384615384613
1614069000.0,0.3423076923076923
1614069900.0,0.4246153846153846
1614070800.0,0.4838461538461538
1614071700.0,0.5169230769230769
1614072600.0,0.533076923076923
1614073500.0,0.5076923076923077
1614074400.0,0.45615384615384613
1614075300.0,0.41615384615384615
1614076200.0,0.4415384615384615
1614077100.0,0.4115384615384616
1614078000.0,0.30538461538461537
1614078900.0,0.25153846153846154
1614079800.0,0.29615384615384616
1614080700.0,0.2715384615384615
1614081600.0,0.23153846153846153
1614082500.0,0.27076923076923076
1614083400.0,0.3
1614084300.0,0.27615384615384614
1614085200.0,0.2923076923076923
1614086100.0,0.2923076923076923
1614087000.0,0.29
1614087900.0,0.2815384615384615
1614088800.0,0.24461538461538462
1614089700.0,0.20692307692307693
1614090600.0,0.17076923076923076
1614091500.0,0.1323076923076923
1614092400.0,0.09846153846153846
1614093300.0,0.07076923076923076
1614094200.0,0.04615384615384615
1614095100.0,0.03
1614096000.0,0.015384615384615384
1614096900.0,0.006153846153846154
1614097800.0,0.0007692307692307692
1614098700.0,0.0
1614099600.0,0.0
1614100500.0,0.0
1614101400.0,0.0
1614102300.0,0.0
1614103200.0,0.0
1614104100.0,0.0
1614105000.0,0.0
1614105900.0,0.0
1614106800.0,0.0
1614107700.0,0.0
1614108600.0,0.0
1614109500.0,0.0
1614110400.0,0.0
1614111300.0,0.0
1614112200.0,0.0
1614113100.0,0.0
1614114000.0,0.0
1614114900.0,0.0
1614115800.0,0.0
1614116700.0,0.0
1614117600.0,0.0
1614118500.0,0.0
1614119400.0,0.0
1614120300.0,0.0
1614121200.0,0.0
1614122100.0,0.0
1614123000.0,0.0
1614123900.0,0.0
1614124800.0,0.0
1614125700.0,0.0
1614126600.0,0.0
1614127500.0,0.0
1614128400.0,0.0
1614129300.0,0.0
1614130200.0,0.0
1614131100.0,0.0
1614132000.0,0.0
1614132900.0,0.0
1614133800.0,0.0
1614134700.0,0.0
1614135600.0,0.0
1614136500.0,0.0
1614137400.0,0.0
1614138300.0,0.0
1614139200.0,0.0
1614140100.0,0.0
1614141000.0,0.0
1614141900.0,0.0
1614142800.0,0.0
1614143700.0,0.0
1614144600.0,0.0
1614145500.0,0.0
1614146400.0,0.0
1614147300.0,0.0023076923076923075
1614148200.0,0.014615384615384615
1614149100.0,0.03307692307692307
1614150000.0,0.05384615384615385
1614150900.0,0.08384615384615385
1614151800.0,0.12230769230769231
1614152700.0,0.15461538461538463
1614153600.0,0.2023076923076923
1614154500.0,0.2869230769230769
1614155400.0,0.37846153846153846
1614156300.0,0.4607692307692307
1614157200.0,0.5192307692307693
1614158100.0,0.5446153846153846
1614159000.0,0.5592307692307692
1614159900.0,0.5369230769230768
1614160800.0,0.4838461538461538
1614161700.0,0.4492307692307692
1614162600.0,0.46230769230769225
1614163500.0,0.4453846153846153
1614164400.0,0.33307692307692305
1614165300.0,0.26076923076923075
1614166200.0,0.30230769230769233
1614167100.0,0.2646153846153846
1614168000.0,0.23538461538461536
1614168900.0,0.27384615384615385
1614169800.0,0.3107692307692308
1614170700.0,0.3
1614171600.0,0.30846153846153845
1614172500.0,0.31
1614173400.0,0.31307692307692303
1614174300.0,0.3030769230769231
1614175200.0,0.2646153846153846
1614176100.0,0.22384615384615383
1614177000.0,0.18076923076923077
1614177900.0,0.13846153846153844
1614178800.0,0.1
1614179700.0,0.06692307692307692
1614180600.0,0.04384615384615385
1614181500.0,0.02769230769230769
1614182400.0,0.016153846153846154
1614183300.0,0.006153846153846154
1614184200.0,0.0
1614185100.0,0.0
1614186000.0,0.0
1614186900.0,0.0
1614187800.0,0.0
1614188700.0,0.0
1614189600.0,0.0
1614190500.0,0.0
1614191400.0,0.0
1614192300.0,0.0
1614193200.0,0.0
1614194100.0,0.0
1614195000.0,0.0
1614195900.0,0.0
1614196800.0,0.0
1614197700.0,0.0
1614198600.0,0.0
1614199500.0,0.0
1614200400.0,0.0
1614201300.0,0.0
1614202200.0,0.0
1614203100.0,0.0
1614204000.0,0.0
1614204900.0,0.0
1614205800.0,0.0
1614206700.0,0.0
1614207600.0,0.0
1614208500.0,0.0
1614209400.0,0.0
1614210300.0,0.0
1614211200.0,0.0
1614212100.0,0.0
1614213000.0,0.0
1614213900.0,0.0
1614214800.0,0.0
1614215700.0,0.0
1614216600.0,0.0
1614217500.0,0.0
1614218400.0,0.0
1614219300.0,0.0
1614220200.0,0.0
1614221100.0,0.0
1614222000.0,0.0
1614222900.0,0.0
1614223800.0,0.0
1614224700.0,0.0
1614225600.0,0.0
1614226500.0,0.0
1614227400.0,0.0
1614228300.0,0.0
1614229200.0,0.0
1614230100.0,0.0
1614231000.0,0.0
1614231900.0,0.0
1614232800.0,0.0
1614233700.0,0.003846153846153846
1614234600.0,0.01846153846153846
1614235500.0,0.031538461538461536
1614236400.0,0.05
1614237300.0,0.08846153846153847
1614238200.0,0.13615384615384615
1614239100.0,0.1815384615384615
1614240000.0,0.23076923076923075
1614240900.0,0.33615384615384614
1614241800.0,0.45230769230769224
1614242700.0,0.5376923076923077
1614243600.0,0.5961538461538461
1614244500.0,0.6161538461538462
1614245400.0,0.6230769230769231
1614246300.0,0.5923076923076923
1614247200.0,0.5407692307692307
1614248100.0,0.5
1614249000.0,0.49846153846153846
1614249900.0,0.4938461538461538
1614250800.0,0.37384615384615383
1614251700.0,0.3046153846153846
1614252600.0,0.3169230769230769
1614253500.0,0.29307692307692307
1614254400.0,0.26384615384615384
1614255300.0,0.2792307692307692
1614256200.0,0.35
1614257100.0,0.3353846153846154
1614258000.0,0.3423076923076923
1614258900.0,0.33615384615384614
1614259800.0,0.3515384615384615
1614260700.0,0.34307692307692306
1614261600.0,0.3007692307692308
1614262500.0,0.25461538461538463
1614263400.0,0.20846153846153848
1614264300.0,0.1576923076923077
1614265200.0,0.10461538461538462
1614266100.0,0.06307692307692307
1614267000.0,0.040769230769230766
1614267900.0,0.024615384615384615
1614268800.0,0.014615384615384615
1614269700.0,0.007692307692307692
1614270600.0,0.0015384615384615385
1614271500.0,0.0
1614272400.0,0.0
1614273300.0,0.0
1614274200.0,0.0
1614275100.0,0.0
1614276000.0,0.0
1614276900.0,0.0
1614277800.0,0.0
1614278700.0,0.0
1614279600.0,0.0
1614280500.0,0.0
1614281400.0,0.0
1614282300.0,0.0
1614283200.0,0.0
1614284100.0,0.0
1614285000.0,0.0
1614285900.0,0.0
1614286800.0,0.0
1614287700.0,0.0
1614288600.0,0.0
1614289500.0,0.0
1614290400.0,0.0
1614291300.0,0.0
1614292200.0,0.0
1614293100.0,0.0
1614294000.0,0.0
1614294900.0,0.0
1614295800.0,0.0
1614296700.0,0.0
1614297600.0,0.0
1614298500.0,0.0
1614299400.0,0.0
1614300300.0,0.0
1614301200.0,0.0
1614302100.0,0.0
1614303000.0,0.0
1614303900.0,0.0
1614304800.0,0.0
1614305700.0,0.0
1614306600.0,0.0
1614307500.0,0.0
1614308400.0,0.0
1614309300.0,0.0
1614310200.0,0.0
1614311100.0,0.0
1614312000.0,0.0
1614312900.0,0.0
1614313800.0,0.0
1614314700.0,0.0
1614315600.0,0.0
1614316500.0,0.0
1614317400.0,0.0
1614318300.0,0.0
1614319200.0,0.0
1614320100.0,0.006153846153846154
1614321000.0,0.019230769230769232
1614321900.0,0.03538461538461538
1614322800.0,0.05153846153846154
1614323700.0,0.08384615384615385
1614324600.0,0.13384615384615384
1614325500.0,0.17692307692307693
1614326400.0,0.23307692307692307
1614327300.0,0.3292307692307692
1614328200.0,0.4307692307692308
1614329100.0,0.5092307692307693
1614330000.0,0.5646153846153846
1614330900.0,0.5876923076923077
1614331800.0,0.6030769230769231
1614332700.0,0.5753846153846154
1614333600.0,0.5276923076923077
1614334500.0,0.4938461538461538
1614335400.0,0.4930769230769231
1614336300.0,0.4846153846153846
1614337200.0,0.37076923076923074
1614338100.0,0.31769230769230766
1614339000.0,0.33615384615384614
1614339900.0,0.3076923076923077
1614340800.0,0.27076923076923076
1614341700.0,0.29615384615384616
1614342600.0,0.3392307692307692
1614343500.0,0.31769230769230766
1614344400.0,0.3253846153846154
1614345300.0,0.3261538461538461
1614346200.0,0.3292307692307692
1614347100.0,0.2576923076923077
1614348000.0,0.16999999999999998
1614348900.0,0.23076923076923075
1614349800.0,0.15384615384615385
1614350700.0,0.13846153846153844
1614351600.0,0.1146153846153846
1614352500.0,0.08692307692307692
1614353400.0,0.04923076923076923
1614354300.0,0.031538461538461536
1614355200.0,0.024615384615384615
1614356100.0,0.007692307692307692
1614357000.0,0.0007692307692307692
1614357900.0,0.0
1614358800.0,0.0
1614359700.0,0.0
1614360600.0,0.0
1614361500.0,0.0
1614362400.0,0.0
1614363300.0,0.0
1614364200.0,0.0
1614365100.0,0.0
1614366000.0,0.0
1614366900.0,0.0
1614367800.0,0.0
1614368700.0,0.0
1614369600.0,0.0
1614370500.0,0.0
1614371400.0,0.0
1614372300.0,0.0
1614373200.0,0.0
1614374100.0,0.0
1614375000.0,0.0
1614375900.0,0.0
1614376800.0,0.0
1614377700.0,0.0
1614378600.0,0.0
1614379500.0,0.0
1614380400.0,0.0
1614381300.0,0.0
1614382200.0,0.0
1614383100.0,0.0
1614384000.0,0.0
1614384900.0,0.0
1614385800.0,0.0
1614386700.0,0.0
1614387600.0,0.0
1614388500.0,0.0
1614389400.0,0.0
1614390300.0,0.0
1614391200.0,0.0
1614392100.0,0.0
1614393000.0,0.0
1614393900.0,0.0
1614394800.0,0.0
1614395700.0,0.0
1614396600.0,0.0
1614397500.0,0.0
1614398400.0,0.0
1614399300.0,0.0
1614400200.0,0.0
1614401100.0,0.0
1614402000.0,0.0
1614402900.0,0.0
1614403800.0,0.0
1614404700.0,0.0
1614405600.0,0.0
1614406500.0,0.0
1614407400.0,0.0
1614408300.0,0.0
1614409200.0,0.00923076923076923
1614410100.0,0.02230769230769231
1614411000.0,0.04615384615384615
1614411900.0,0.06615384615384615
1614412800.0,0.1076923076923077
1614413700.0,0.14384615384615385
1614414600.0,0.1453846153846154
1614415500.0,0.18307692307692305
1614416400.0,0.1815384615384615
1614417300.0,0.11307692307692306
1614418200.0,0.14461538461538462
1614419100.0,0.12923076923076923
1614420000.0,0.17153846153846153
1614420900.0,0.2323076923076923
1614421800.0,0.18846153846153846
1614422700.0,0.14769230769230768
1614423600.0,0.09538461538461539
1614424500.0,0.12153846153846154
1614425400.0,0.1053846153846154
1614426300.0,0.1
1614427200.0,0.11384615384615383
1614428100.0,0.1076923076923077
1614429000.0,0.10999999999999999
1614429900.0,0.13615384615384615
1614430800.0,0.11538461538461538
1614431700.0,0.13846153846153844
1614432600.0,0.09076923076923075
1614433500.0,0.10307692307692308
1614434400.0,0.10461538461538462
1614435300.0,0.13615384615384615
1614436200.0,0.08538461538461538
1614437100.0,0.05461538461538461
1614438000.0,0.04461538461538462
1614438900.0,0.04153846153846154
1614439800.0,0.030769230769230767
1614440700.0,0.028461538461538458
1614441600.0,0.025384615384615384
1614442500.0,0.012307692307692308
1614443400.0,0.003076923076923077
1614444300.0,0.0
1614445200.0,0.0
1614446100.0,0.0
1614447000.0,0.0
1614447900.0,0.0
1614448800.0,0.0
1614449700.0,0.0
1614450600.0,0.0
1614451500.0,0.0
1614452400.0,0.0
1614453300.0,0.0
1614454200.0,0.0
1614455100.0,0.0
1614456000.0,0.0
1614456900.0,0.0
1614457800.0,0.0
1614458700.0,0.0
1614459600.0,0.0
1614460500.0,0.0
1614461400.0,0.0
1614462300.0,0.0
1614463200.0,0.0
1614464100.0,0.0
1614465000.0,0.0
1614465900.0,0.0
1614466800.0,0.0
1614467700.0,0.0
1614468600.0,0.0
1614469500.0,0.0
1614470400.0,0.0
1614471300.0,0.0
1614472200.0,0.0
1614473100.0,0.0
1614474000.0,0.0
1614474900.0,0.0
1614475800.0,0.0
1614476700.0,0.0
1614477600.0,0.0
1614478500.0,0.0
1614479400.0,0.0
1614480300.0,0.0
1614481200.0,0.0
1614482100.0,0.0
1614483000.0,0.0
1614483900.0,0.0
1614484800.0,0.0
1614485700.0,0.0
1614486600.0,0.0
1614487500.0,0.0
1614488400.0,0.0
1614489300.0,0.0
1614490200.0,0.0
1614491100.0,0.0
1614492000.0,0.0
1614492900.0,0.006153846153846154
1614493800.0,0.015384615384615384
1614494700.0,0.025384615384615384
1614495600.0,0.040769230769230766
1614496500.0,0.09692307692307692
1614497400.0,0.1753846153846154
1614498300.0,0.23461538461538461
1614499200.0,0.30923076923076925
1614500100.0,0.4384615384615384
1614501000.0,0.5407692307692307
1614501900.0,0.6246153846153847
1614502800.0,0.6753846153846154
1614503700.0,0.6953846153846154
1614504600.0,0.7
1614505500.0,0.6838461538461539
1614506400.0,0.6523076923076923
1614507300.0,0.5961538461538461
1614508200.0,0.5915384615384616
1614509100.0,0.6053846153846154
1614510000.0,0.48538461538461536
1614510900.0,0.42230769230769233
1614511800.0,0.4084615384615385
1614512700.0,0.41923076923076924
1614513600.0,0.36076923076923073
1614514500.0,0.3761538461538461
1614515400.0,0.43000000000000005
1614516300.0,0.41615384615384615
1614517200.0,0.41615384615384615
1614518100.0,0.3992307692307692
1614519000.0,0.42000000000000004
1614519900.0,0.38307692307692304
1614520800.0,0.33692307692307694
1614521700.0,0.28538461538461535
1614522600.0,0.23153846153846153
1614523500.0,0.17307692307692307
1614524400.0,0.1123076923076923
1614525300.0,0.06230769230769231
1614526200.0,0.03769230769230769
1614527100.0,0.021538461538461538
1614528000.0,0.014615384615384615
1614528900.0,0.006923076923076922
1614529800.0,0.0023076923076923075
1614530700.0,0.0
1614531600.0,0.0
1614532500.0,0.0
1614533400.0,0.0
1614534300.0,0.0
1614535200.0,0.0
1614536100.0,0.0
1614537000.0,0.0
1614537900.0,0.0
1614538800.0,0.0
1614539700.0,0.0
1614540600.0,0.0
1614541500.0,0.0
1614542400.0,0.0
1614543300.0,0.0
1614544200.0,0.0
1614545100.0,0.0
1614546000.0,0.0
1614546900.0,0.0
1614547800.0,0.0
1614548700.0,0.0
1614549600.0,0.0
1614550500.0,0.0
1614551400.0,0.0
1614552300.0,0.0
1614553200.0,0.0
1614554100.0,0.0
1614555000.0,0.0
1614555900.0,0.0
1614556800.0,0.0
1614557700.0,0.0
1614558600.0,0.0
1614559500.0,0.0
1614560400.0,0.0
1614561300.0,0.0
1614562200.0,0.0
1614563100.0,0.0
1614564000.0,0.0
1614564900.0,0.0
1614565800.0,0.0
1614566700.0,0.0
1614567600.0,0.0
1614568500.0,0.0
1614569400.0,0.0
1614570300.0,0.0
1614571200.0,0.0
1614572100.0,0.0
1614573000.0,0.0
1614573900.0,0.0
1614574800.0,0.0
1614575700.0,0.0
1614576600.0,0.0
1614577500.0,0.0
1614578400.0,0.0
1614579300.0,0.005384615384615384
1614580200.0,0.013076923076923078
1614581100.0,0.019999999999999997
1614582000.0,0.039999999999999994
1614582900.0,0.09384615384615384
1614583800.0,0.1815384615384615
1614584700.0,0.25076923076923074
1614585600.0,0.3292307692307692
1614586500.0,0.45307692307692304
1614587400.0,0.5438461538461538
1614588300.0,0.6169230769230769
1614589200.0,0.6669230769230768
1614590100.0,0.683076923076923
1614591000.0,0.6992307692307692
1614591900.0,0.6807692307692308
1614592800.0,0.6523076923076923
1614593700.0,0.6030769230769231
1614594600.0,0.61
1614595500.0,0.6053846153846154
1614596400.0,0.5007692307692307
1614597300.0,0.4276923076923077
1614598200.0,0.4246153846153846
1614599100.0,0.433076923076923
1614600000.0,0.38076923076923075
1614600900.0,0.3892307692307692
1614601800.0,0.4353846153846153
1614602700.0,0.42923076923076925
1614603600.0,0.4153846153846154
1614604500.0,0.4084615384615385
1614605400.0,0.4230769230769231
1614606300.0,0.38307692307692304
1614607200.0,0.3323076923076923
1614608100.0,0.2823076923076923
1614609000.0,0.23076923076923075
1614609900.0,0.17307692307692307
1614610800.0,0.11384615384615383
1614611700.0,0.06384615384615384
1614612600.0,0.038461538461538464
1614613500.0,0.021538461538461538
1614614400.0,0.014615384615384615
1614615300.0,0.007692307692307692
1614616200.0,0.0023076923076923075
1614617100.0,0.0
1614618000.0,0.0
1614618900.0,0.0
1614619800.0,0.0
1614620700.0,0.0
1614621600.0,0.0
1614622500.0,0.0
1614623400.0,0.0
1614624300.0,0.0
1614625200.0,0.0
1614626100.0,0.0
1614627000.0,0.0
1614627900.0,0.0
1614628800.0,0.0
1614629700.0,0.0
1614630600.0,0.0
1614631500.0,0.0
1614632400.0,0.0
1614633300.0,0.0
1614634200.0,0.0
1614635100.0,0.0
1614636000.0,0.0
1614636900.0,0.0
1614637800.0,0.0
1614638700.0,0.0
1614639600.0,0.0
1614640500.0,0.0
1614641400.0,0.0
1614642300.0,0.0
1614643200.0,0.0
1614644100.0,0.0
1614645000.0,0.0
1614645900.0,0.0
1614646800.0,0.0
1614647700.0,0.0
1614648600.0,0.0
1614649500.0,0.0
1614650400.0,0.0
1614651300.0,0.0
1614652200.0,0.0
1614653100.0,0.0
1614654000.0,0.0
1614654900.0,0.0
1614655800.0,0.0
1614656700.0,0.0
1614657600.0,0.0
1614658500.0,0.0
1614659400.0,0.0
1614660300.0,0.0
1614661200.0,0.0
1614662100.0,0.0
1614663000.0,0.0
1614663900.0,0.0
1614664800.0,0.0
1614665700.0,0.006923076923076922
1614666600.0,0.013076923076923078
1614667500.0,0.019230769230769232
1614668400.0,0.039999999999999994
1614669300.0,0.09769230769230769
1614670200.0,0.18923076923076923
1614671100.0,0.2684615384615384
1614672000.0,0.35923076923076924
1614672900.0,0.47230769230769226
1614673800.0,0.5569230769230769
1614674700.0,0.633076923076923
1614675600.0,0.6723076923076923
1614676500.0,0.6823076923076923
1614677400.0,0.6892307692307692
1614678300.0,0.6669230769230768
1614679200.0,0.6392307692307692
1614680100.0,0.6
1614681000.0,0.6053846153846154
1614681900.0,0.6023076923076923
1614682800.0,0.5053846153846154
1614683700.0,0.43692307692307686
1614684600.0,0.44769230769230767
1614685500.0,0.43461538461538457
1614686400.0,0.40384615384615385
1614687300.0,0.39307692307692305
1614688200.0,0.43692307692307686
1614689100.0,0.45307692307692304
1614690000.0,0.4153846153846154
1614690900.0,0.42000000000000004
1614691800.0,0.4176923076923077
1614692700.0,0.3761538461538461
1614693600.0,0.32999999999999996
1614694500.0,0.2776923076923077
1614695400.0,0.22769230769230767
1614696300.0,0.17153846153846153
1614697200.0,0.11538461538461538
1614698100.0,0.06692307692307692
1614699000.0,0.040769230769230766
1614699900.0,0.024615384615384615
1614700800.0,0.016153846153846154
1614701700.0,0.008461538461538461
1614702600.0,0.003846153846153846
1614703500.0,0.0
1614704400.0,0.0
1614705300.0,0.0
1614706200.0,0.0
1614707100.0,0.0
1614708000.0,0.0
1614708900.0,0.0
1614709800.0,0.0
1614710700.0,0.0
1614711600.0,0.0
1614712500.0,0.0
1614713400.0,0.0
1614714300.0,0.0
1614715200.0,0.0
1614716100.0,0.0
1614717000.0,0.0
1614717900.0,0.0
1614718800.0,0.0
1614719700.0,0.0
1614720600.0,0.0
1614721500.0,0.0
1614722400.0,0.0
1614723300.0,0.0
1614724200.0,0.0
1614725100.0,0.0
1614726000.0,0.0
1614726900.0,0.0
1614727800.0,0.0
1614728700.0,0.0
1614729600.0,0.0
1614730500.0,0.0
1614731400.0,0.0
1614732300.0,0.0
1614733200.0,0.0
1614734100.0,0.0
1614735000.0,0.0
1614735900.0,0.0
1614736800.0,0.0
1614737700.0,0.0
1614738600.0,0.0
1614739500.0,0.0
1614740400.0,0.0
1614741300.0,0.0
1614742200.0,0.0
1614743100.0,0.0
1614744000.0,0.0
1614744900.0,0.0
1614745800.0,0.0
1614746700.0,0.0
1614747600.0,0.0
1614748500.0,0.0
1614749400.0,0.0
1614750300.0,0.0
1614751200.0,0.009999999999999998
1614752100.0,0.02769230769230769
1614753000.0,0.05
1614753900.0,0.05538461538461538
1614754800.0,0.06307692307692307
1614755700.0,0.07461538461538461
1614756600.0,0.09153846153846153
1614757500.0,0.18538461538461537
1614758400.0,0.2223076923076923
1614759300.0,0.17846153846153848
1614760200.0,0.1576923076923077
1614761100.0,0.1776923076923077
1614762000.0,0.2323076923076923
1614762900.0,0.2576923076923077
1614763800.0,0.23846153846153845
1614764700.0,0.25461538461538463
1614765600.0,0.3269230769230769
1614766500.0,0.26384615384615384
1614767400.0,0.2976923076923077
1614768300.0,0.3046153846153846
1614769200.0,0.28615384615384615
1614770100.0,0.2561538461538462
1614771000.0,0.2623076923076923
1614771900.0,0.2553846153846154
1614772800.0,0.20461538461538462
1614773700.0,0.20384615384615384
1614774600.0,0.18307692307692305
1614775500.0,0.18384615384615383
1614776400.0,0.1576923076923077
1614777300.0,0.14307692307692307
1614778200.0,0.1392307692307692
1614779100.0,0.13692307692307693
1614780000.0,0.10692307692307693
1614780900.0,0.0823076923076923
1614781800.0,0.06230769230769231
1614782700.0,0.056923076923076917
1614783600.0,0.05153846153846154
1614784500.0,0.0423076923076923
1614785400.0,0.031538461538461536
1614786300.0,0.021538461538461538
1614787200.0,0.012307692307692308
1614788100.0,0.005384615384615384
1614789000.0,0.0015384615384615385
1614789900.0,0.0
1614790800.0,0.0
1614791700.0,0.0
1614792600.0,0.0
1614793500.0,0.0
1614794400.0,0.0
1614795300.0,0.0
1614796200.0,0.0
1614797100.0,0.0
1614798000.0,0.0
1614798900.0,0.0
1614799800.0,0.0
1614800700.0,0.0
1614801600.0,0.0
1614802500.0,0.0
1614803400.0,0.0
1614804300.0,0.0
1614805200.0,0.0
1614806100.0,0.0
1614807000.0,0.0
1614807900.0,0.0
1614808800.0,0.0
1614809700.0,0.0
1614810600.0,0.0
1614811500.0,0.0
1614812400.0,0.0
1614813300.0,0.0
1614814200.0,0.0
1614815100.0,0.0
1614816000.0,0.0
1614816900.0,0.0
1614817800.0,0.0
1614818700.0,0.0
1614819600.0,0.0
1614820500.0,0.0
1614821400.0,0.0
1614822300.0,0.0
1614823200.0,0.0
1614824100.0,0.0
1614825000.0,0.0
1614825900.0,0.0
1614826800.0,0.0
1614827700.0,0.0
1614828600.0,0.0
1614829500.0,0.0
1614830400.0,0.0
1614831300.0,0.0
1614832200.0,0.0
1614833100.0,0.0
1614834000.0,0.0
1614834900.0,0.0
1614835800.0,0.0
1614836700.0,0.0
1614837600.0,0.0
1614838500.0,0.0
1614839400.0,0.003846153846153846
1614840300.0,0.016923076923076923
1614841200.0,0.02230769230769231
1614842100.0,0.028461538461538458
1614843000.0,0.036153846153846154
1614843900.0,0.05538461538461538
1614844800.0,0.06076923076923077
1614845700.0,0.0776923076923077
1614846600.0,0.07846153846153846
1614847500.0,0.10615384615384615
1614848400.0,0.16076923076923075
1614849300.0,0.14461538461538462
1614850200.0,0.13538461538461538
1614851100.0,0.12692307692307692
1614852000.0,0.14846153846153845
1614852900.0,0.1723076923076923
1614853800.0,0.1846153846153846
1614854700.0,0.17384615384615384
1614855600.0,0.29923076923076924
1614856500.0,0.38076923076923075
1614857400.0,0.3661538461538461
1614858300.0,0.4076923076923077
1614859200.0,0.38846153846153847
1614860100.0,0.34692307692307695
1614861000.0,0.3038461538461539
1614861900.0,0.18615384615384614
1614862800.0,0.19923076923076924
1614863700.0,0.2523076923076923
1614864600.0,0.15615384615384617
1614865500.0,0.15153846153846154
1614866400.0,0.13384615384615384
1614867300.0,0.1323076923076923
1614868200.0,0.09
1614869100.0,0.06307692307692307
1614870000.0,0.07999999999999999
1614870900.0,0.05153846153846154
1614871800.0,0.02923076923076923
1614872700.0,0.016153846153846154
1614873600.0,0.010769230769230769
1614874500.0,0.0023076923076923075
1614875400.0,0.0
1614876300.0,0.0
1614877200.0,0.0
1614878100.0,0.0
1614879000.0,0.0
1614879900.0,0.0
1614880800.0,0.0
1614881700.0,0.0
1614882600.0,0.0
1614883500.0,0.0
1614884400.0,0.0
1614885300.0,0.0
1614886200.0,0.0
1614887100.0,0.0
1614888000.0,0.0
1614888900.0,0.0
1614889800.0,0.0
1614890700.0,0.0
1614891600.0,0.0
1614892500.0,0.0
1614893400.0,0.0
1614894300.0,0.0
1614895200.0,0.0
1614896100.0,0.0
1614897000.0,0.0
1614897900.0,0.0
1614898800.0,0.0
1614899700.0,0.0
1614900600.0,0.0
1614901500.0,0.0
1614902400.0,0.0
1614903300.0,0.0
1614904200.0,0.0
1614905100.0,0.0
1614906000.0,0.0
1614906900.0,0.0
1614907800.0,0.0
1614908700.0,0.0
1614909600.0,0.0
1614910500.0,0.0
1614911400.0,0.0
1614912300.0,0.0
1614913200.0,0.0
1614914100.0,0.0
1614915000.0,0.0
1614915900.0,0.0
1614916800.0,0.0
1614917700.0,0.0
1614918600.0,0.0
1614919500.0,0.0
1614920400.0,0.0
1614921300.0,0.0
1614922200.0,0.0
1614923100.0,0.0
1614924000.0,0.0
1614924900.0,0.0
1614925800.0,0.0
1614926700.0,0.0
1614927600.0,0.0
1614928500.0,0.0
1614929400.0,0.0
1614930300.0,0.013846153846153845
1614931200.0,0.025384615384615384
1614932100.0,0.030769230769230767
1614933000.0,0.025384615384615384
1614933900.0,0.04153846153846154
1614934800.0,0.038461538461538464
1614935700.0,0.023846153846153847
1614936600.0,0.05076923076923077
1614937500.0,0.061538461538461535
1614938400.0,0.04461538461538462
1614939300.0,0.06307692307692307
1614940200.0,0.06307692307692307
1614941100.0,0.04384615384615385
1614942000.0,0.07692307692307693
1614942900.0,0.09384615384615384
1614943800.0,0.07384615384615384
1614944700.0,0.07846153846153846
1614945600.0,0.13769230769230767
1614946500.0,0.15384615384615385
1614947400.0,0.11846153846153845
1614948300.0,0.14076923076923076
1614949200.0,0.12
1614950100.0,0.11153846153846153
1614951000.0,0.11538461538461538
1614951900.0,0.09153846153846153
1614952800.0,0.04923076923076923
1614953700.0,0.023076923076923075
1614954600.0,0.0423076923076923
1614955500.0,0.05230769230769231
1614956400.0,0.043076923076923075
1614957300.0,0.01769230769230769
1614958200.0,0.011538461538461537
1614959100.0,0.0007692307692307692
1614960000.0,0.0
1614960900.0,0.0
1614961800.0,0.0
1614962700.0,0.0
1614963600.0,0.0
1614964500.0,0.0
1614965400.0,0.0
1614966300.0,0.0
1614967200.0,0.0
1614968100.0,0.0
1614969000.0,0.0
1614969900.0,0.0
1614970800.0,0.0
1614971700.0,0.0
1614972600.0,0.0
1614973500.0,0.0
1614974400.0,0.0
1614975300.0,0.0
1614976200.0,0.0
1614977100.0,0.0
1614978000.0,0.0
1614978900.0,0.0
1614979800.0,0.0
1614980700.0,0.0
1614981600.0,0.0
1614982500.0,0.0
1614983400.0,0.0
1614984300.0,0.0
1614985200.0,0.0
1614986100.0,0.0
1614987000.0,0.0
1614987900.0,0.0
1614988800.0,0.0
1614989700.0,0.0
1614990600.0,0.0
1614991500.0,0.0
1614992400.0,0.0
1614993300.0,0.0
1614994200.0,0.0
1614995100.0,0.0
1614996000.0,0.0
1614996900.0,0.0
1614997800.0,0.0
1614998700.0,0.0
1614999600.0,0.0
1615000500.0,0.0
1615001400.0,0.0
1615002300.0,0.0
1615003200.0,0.0
1615004100.0,0.0
1615005000.0,0.0
1615005900.0,0.0
1615006800.0,0.0
1615007700.0,0.0
1615008600.0,0.0
1615009500.0,0.0
1615010400.0,0.0
1615011300.0,0.006923076923076922
1615012200.0,0.011538461538461537
1615013100.0,0.016153846153846154
1615014000.0,0.023846153846153847
1615014900.0,0.07999999999999999
1615015800.0,0.20461538461538462
1615016700.0,0.3453846153846154
1615017600.0,0.43999999999999995
1615018500.0,0.5315384615384615
1615019400.0,0.6338461538461538
1615020300.0,0.6907692307692308
1615021200.0,0.7115384615384616
1615022100.0,0.7253846153846153
1615023000.0,0.7338461538461538
1615023900.0,0.7376923076923076
1615024800.0,0.7276923076923076
1615025700.0,0.7046153846153846
1615026600.0,0.6799999999999999
1615027500.0,0.7076923076923077
1615028400.0,0.6069230769230769
1615029300.0,0.5561538461538461
1615030200.0,0.5546153846153846
1615031100.0,0.5769230769230769
1615032000.0,0.5030769230769231
1615032900.0,0.4946153846153846
1615033800.0,0.5392307692307692
1615034700.0,0.5323076923076923
1615035600.0,0.48615384615384616
1615036500.0,0.47615384615384615
1615037400.0,0.4538461538461538
1615038300.0,0.4053846153846154
1615039200.0,0.35615384615384615
1615040100.0,0.3030769230769231
1615041000.0,0.24538461538461537
1615041900.0,0.18769230769230769
1615042800.0,0.13076923076923078
1615043700.0,0.07923076923076923
1615044600.0,0.04615384615384615
1615045500.0,0.026923076923076925
1615046400.0,0.019230769230769232
1615047300.0,0.010769230769230769
1615048200.0,0.006153846153846154
1615049100.0,0.0
1615050000.0,0.0
1615050900.0,0.0
1615051800.0,0.0
1615052700.0,0.0
1615053600.0,0.0
1615054500.0,0.0
1615055400.0,0.0
1615056300.0,0.0
1615057200.0,0.0
1615058100.0,0.0
1615059000.0,0.0
1615059900.0,0.0
1615060800.0,0.0
1615061700.0,0.0
1615062600.0,0.0
1615063500.0,0.0
1615064400.0,0.0
1615065300.0,0.0
1615066200.0,0.0
1615067100.0,0.0
1615068000.0,0.0
1615068900.0,0.0
1615069800.0,0.0
1615070700.0,0.0
1615071600.0,0.0
1615072500.0,0.0
1615073400.0,0.0
1615074300.0,0.0
1615075200.0,0.0
1615076100.0,0.0
1615077000.0,0.0
1615077900.0,0.0
1615078800.0,0.0
1615079700.0,0.0
1615080600.0,0.0
1615081500.0,0.0
1615082400.0,0.0
1615083300.0,0.0
1615084200.0,0.0
1615085100.0,0.0
1615086000.0,0.0
1615086900.0,0.0
1615087800.0,0.0
1615088700.0,0.0
1615089600.0,0.0
1615090500.0,0.0
1615091400.0,0.0
1615092300.0,0.0
1615093200.0,0.0
1615094100.0,0.0
1615095000.0,0.0
1615095900.0,0.0
1615096800.0,0.007692307692307692
1615097700.0,0.02076923076923077
1615098600.0,0.03307692307692307
1615099500.0,0.04461538461538462
1615100400.0,0.05538461538461538
1615101300.0,0.09307692307692307
1615102200.0,0.18923076923076923
1615103100.0,0.32769230769230767
1615104000.0,0.4053846153846154
1615104900.0,0.5
1615105800.0,0.5969230769230769
1615106700.0,0.6369230769230768
1615107600.0,0.6553846153846153
1615108500.0,0.6646153846153846
1615109400.0,0.6761538461538461
1615110300.0,0.6876923076923077
1615111200.0,0.4838461538461538
1615112100.0,0.6553846153846153
1615113000.0,0.6307692307692307
1615113900.0,0.6184615384615385
1615114800.0,0.42692307692307696
1615115700.0,0.38384615384615384
1615116600.0,0.38076923076923075
1615117500.0,0.1676923076923077
1615118400.0,0.24307692307692308
1615119300.0,0.2153846153846154
1615120200.0,0.17692307692307693
1615121100.0,0.18769230769230769
1615122000.0,0.2684615384615384
1615122900.0,0.3446153846153846
1615123800.0,0.28923076923076924
1615124700.0,0.2769230769230769
1615125600.0,0.2553846153846154
1615126500.0,0.27076923076923076
1615127400.0,0.15307692307692308
1615128300.0,0.14461538461538462
1615129200.0,0.07692307692307693
1615130100.0,0.09153846153846153
1615131000.0,0.030769230769230767
1615131900.0,0.013846153846153845
1615132800.0,0.003846153846153846
1615133700.0,0.0015384615384615385
1615134600.0,0.0
1615135500.0,0.0
1615136400.0,0.0
1615137300.0,0.0
1615138200.0,0.0
1615139100.0,0.0
1615140000.0,0.0
1615140900.0,0.0
1615141800.0,0.0
1615142700.0,0.0
1615143600.0,0.0
1615144500.0,0.0
1615145400.0,0.0
1615146300.0,0.0
1615147200.0,0.0
1615148100.0,0.0
1615149000.0,0.0
1615149900.0,0.0
1615150800.0,0.0
1615151700.0,0.0
1615152600.0,0.0
1615153500.0,0.0
1615154400.0,0.0
1615155300.0,0.0
1615156200.0,0.0
1615157100.0,0.0
1615158000.0,0.0
1615158900.0,0.0
1615159800.0,0.0
1615160700.0,0.0
1615161600.0,0.0
1615162500.0,0.0
1615163400.0,0.0
1615164300.0,0.0
1615165200.0,0.0
1615166100.0,0.0
1615167000.0,0.0
1615167900.0,0.0
1615168800.0,0.0
1615169700.0,0.0
1615170600.0,0.0
1615171500.0,0.0
1615172400.0,0.0
1615173300.0,0.0
1615174200.0,0.0
1615175100.0,0.0
1615176000.0,0.0
1615176900.0,0.0
1615177800.0,0.0
1615178700.0,0.0
1615179600.0,0.0
1615180500.0,0.0
1615181400.0,0.0
1615182300.0,0.0
1615183200.0,0.00923076923076923
1615184100.0,0.01769230769230769
1615185000.0,0.031538461538461536
1615185900.0,0.04461538461538462
1615186800.0,0.04538461538461538
1615187700.0,0.06692307692307692
1615188600.0,0.1076923076923077
1615189500.0,0.18923076923076923
1615190400.0,0.3161538461538461
1615191300.0,0.2576923076923077
1615192200.0,0.6376923076923077
1615193100.0,0.49615384615384617
1615194000.0,0.5569230769230769
1615194900.0,0.41307692307692306
1615195800.0,0.31
1615196700.0,0.5861538461538461
1615197600.0,0.4153846153846154
1615198500.0,0.40615384615384614
1615199400.0,0.6269230769230768
1615200300.0,0.5092307692307693
1615201200.0,0.6253846153846153
1615202100.0,0.3184615384615384
1615203000.0,0.36769230769230765
1615203900.0,0.6161538461538462
1615204800.0,0.43692307692307686
1615205700.0,0.5115384615384615
1615206600.0,0.5576923076923077
1615207500.0,0.4776923076923077
1615208400.0,0.4776923076923077
1615209300.0,0.4276923076923077
1615210200.0,0.19538461538461538
1615211100.0,0.20615384615384616
1615212000.0,0.3669230769230769
1615212900.0,0.3
1615213800.0,0.19153846153846152
1615214700.0,0.18307692307692305
1615215600.0,0.13153846153846155
1615216500.0,0.08846153846153847
1615217400.0,0.05846153846153846
1615218300.0,0.038461538461538464
1615219200.0,0.021538461538461538
1615220100.0,0.014615384615384615
1615221000.0,0.007692307692307692
1615221900.0,0.0015384615384615385
1615222800.0,0.0
1615223700.0,0.0
1615224600.0,0.0
1615225500.0,0.0
1615226400.0,0.0
1615227300.0,0.0
1615228200.0,0.0
1615229100.0,0.0
1615230000.0,0.0
1615230900.0,0.0
1615231800.0,0.0
1615232700.0,0.0
1615233600.0,0.0
1615234500.0,0.0
1615235400.0,0.0
1615236300.0,0.0
1615237200.0,0.0
1615238100.0,0.0
1615239000.0,0.0
1615239900.0,0.0
1615240800.0,0.0
1615241700.0,0.0
1615242600.0,0.0
1615243500.0,0.0
1615244400.0,0.0
1615245300.0,0.0
1615246200.0,0.0
1615247100.0,0.0
1615248000.0,0.0
1615248900.0,0.0
1615249800.0,0.0
1615250700.0,0.0
1615251600.0,0.0
1615252500.0,0.0
1615253400.0,0.0
1615254300.0,0.0
1615255200.0,0.0
1615256100.0,0.0
1615257000.0,0.0
1615257900.0,0.0
1615258800.0,0.0
1615259700.0,0.0
1615260600.0,0.0
1615261500.0,0.0
1615262400.0,0.0
1615263300.0,0.0
1615264200.0,0.0
1615265100.0,0.0
1615266000.0,0.0
1615266900.0,0.0
1615267800.0,0.0
1615268700.0,0.003076923076923077
1615269600.0,0.01769230769230769
1615270500.0,0.03230769230769231
1615271400.0,0.06769230769230769
1615272300.0,0.06769230769230769
1615273200.0,0.07999999999999999
1615274100.0,0.10923076923076921
1615275000.0,0.19923076923076924
1615275900.0,0.2869230769230769
1615276800.0,0.39153846153846156
1615277700.0,0.49615384615384617
1615278600.0,0.5661538461538461
1615279500.0,0.5930769230769231
1615280400.0,0.5146153846153846
1615281300.0,0.6407692307692308
1615282200.0,0.6492307692307692
1615283100.0,0.6076923076923078
1615284000.0,0.6053846153846154
1615284900.0,0.6484615384615384
1615285800.0,0.49538461538461537
1615286700.0,0.6223076923076923
1615287600.0,0.52
1615288500.0,0.30538461538461537
1615289400.0,0.3269230769230769
1615290300.0,0.3
1615291200.0,0.2692307692307692
1615292100.0,0.35
1615293000.0,0.3623076923076923
1615293900.0,0.21846153846153843
1615294800.0,0.21384615384615385
1615295700.0,0.20615384615384616
1615296600.0,0.21692307692307689
1615297500.0,0.24153846153846154
1615298400.0,0.21999999999999997
1615299300.0,0.18923076923076923
1615300200.0,0.19846153846153847
1615301100.0,0.15461538461538463
1615302000.0,0.10692307692307693
1615302900.0,0.07846153846153846
1615303800.0,0.06076923076923077
1615304700.0,0.04692307692307692
1615305600.0,0.026923076923076925
1615306500.0,0.013846153846153845
1615307400.0,0.006923076923076922
1615308300.0,0.0015384615384615385
1615309200.0,0.0
1615310100.0,0.0
1615311000.0,0.0
1615311900.0,0.0
1615312800.0,0.0
1615313700.0,0.0
1615314600.0,0.0
1615315500.0,0.0
1615316400.0,0.0
1615317300.0,0.0
1615318200.0,0.0
1615319100.0,0.0
1615320000.0,0.0
1615320900.0,0.0
1615321800.0,0.0
1615322700.0,0.0
1615323600.0,0.0
1615324500.0,0.0
1615325400.0,0.0
1615326300.0,0.0
1615327200.0,0.0
1615328100.0,0.0
1615329000.0,0.0
1615329900.0,0.0
1615330800.0,0.0
1615331700.0,0.0
1615332600.0,0.0
1615333500.0,0.0
1615334400.0,0.0
1615335300.0,0.0
1615336200.0,0.0
1615337100.0,0.0
1615338000.0,0.0
1615338900.0,0.0
1615339800.0,0.0
1615340700.0,0.0
1615341600.0,0.0
1615342500.0,0.0
1615343400.0,0.0
1615344300.0,0.0
1615345200.0,0.0
1615346100.0,0.0
1615347000.0,0.0
1615347900.0,0.0
1615348800.0,0.0
1615349700.0,0.0
1615350600.0,0.0
1615351500.0,0.0
1615352400.0,0.0
1615353300.0,0.0
1615354200.0,0.0
1615355100.0,0.0
1615356000.0,0.0
1615356900.0,0.0
1615357800.0,0.0
1615358700.0,0.007692307692307692
1615359600.0,0.019999999999999997
1615360500.0,0.059230769230769226
1615361400.0,0.05538461538461538
1615362300.0,0.036153846153846154
1615363200.0,0.01846153846153846
1615364100.0,0.03
1615365000.0,0.04692307692307692
1615365900.0,0.013846153846153845
1615366800.0,0.006923076923076922
1615367700.0,0.030769230769230767
1615368600.0,0.1053846153846154
1615369500.0,0.07692307692307693
1615370400.0,0.10307692307692308
1615371300.0,0.08846153846153847
1615372200.0,0.11923076923076922
1615373100.0,0.0876923076923077
1615374000.0,0.015384615384615384
1615374900.0,0.043076923076923075
1615375800.0,0.16076923076923075
1615376700.0,0.05
1615377600.0,0.026153846153846156
1615378500.0,0.06307692307692307
1615379400.0,0.0876923076923077
1615380300.0,0.09384615384615384
1615381200.0,0.2723076923076923
1615382100.0,0.13
1615383000.0,0.16153846153846152
1615383900.0,0.12307692307692307
1615384800.0,0.09538461538461539
1615385700.0,0.08615384615384615
1615386600.0,0.08692307692307692
1615387500.0,0.14461538461538462
1615388400.0,0.10153846153846154
1615389300.0,0.10615384615384615
1615390200.0,0.06769230769230769
1615391100.0,0.06538461538461539
1615392000.0,0.03923076923076923
1615392900.0,0.02230769230769231
1615393800.0,0.007692307692307692
1615394700.0,0.0015384615384615385
1615395600.0,0.0
1615396500.0,0.0
1615397400.0,0.0
1615398300.0,0.0
1615399200.0,0.0
1615400100.0,0.0
1615401000.0,0.0
1615401900.0,0.0
1615402800.0,0.0
1615403700.0,0.0
1615404600.0,0.0
1615405500.0,0.0
1615406400.0,0.0
1615407300.0,0.0
1615408200.0,0.0
1615409100.0,0.0
1615410000.0,0.0
1615410900.0,0.0
1615411800.0,0.0
1615412700.0,0.0
1615413600.0,0.0
1615414500.0,0.0
1615415400.0,0.0
1615416300.0,0.0
1615417200.0,0.0
1615418100.0,0.0
1615419000.0,0.0
1615419900.0,0.0
1615420800.0,0.0
1615421700.0,0.0
1615422600.0,0.0
1615423500.0,0.0
1615424400.0,0.0
1615425300.0,0.0
1615426200.0,0.0
1615427100.0,0.0
1615428000.0,0.0
1615428900.0,0.0
1615429800.0,0.0
1615430700.0,0.0
1615431600.0,0.0
1615432500.0,0.0
1615433400.0,0.0
1615434300.0,0.0
1615435200.0,0.0
1615436100.0,0.0
1615437000.0,0.0
1615437900.0,0.0
1615438800.0,0.0
1615439700.0,0.0
1615440600.0,0.0
1615441500.0,0.0
1615442400.0,0.0
1615443300.0,0.0023076923076923075
1615444200.0,0.00923076923076923
1615445100.0,0.007692307692307692
1615446000.0,0.019230769230769232
1615446900.0,0.038461538461538464
1615447800.0,0.05230769230769231
1615448700.0,0.04692307692307692
1615449600.0,0.02923076923076923
1615450500.0,0.06538461538461539
1615451400.0,0.09307692307692307
1615452300.0,0.08384615384615385
1615453200.0,0.09923076923076923
1615454100.0,0.10230769230769231
1615455000.0,0.0923076923076923
1615455900.0,0.10461538461538462
1615456800.0,0.11692307692307692
1615457700.0,0.11923076923076922
1615458600.0,0.1053846153846154
1615459500.0,0.21384615384615385
1615460400.0,0.2623076923076923
1615461300.0,0.4284615384615385
1615462200.0,0.3
1615463100.0,0.31999999999999995
1615464000.0,0.41923076923076924
1615464900.0,0.3184615384615384
1615465800.0,0.20076923076923078
1615466700.0,0.1692307692307692
1615467600.0,0.15153846153846154
1615468500.0,0.20692307692307693
1615469400.0,0.18307692307692305
1615470300.0,0.18538461538461537
1615471200.0,0.18615384615384614
1615472100.0,0.14846153846153845
1615473000.0,0.0776923076923077
1615473900.0,0.0776923076923077
1615474800.0,0.07538461538461538
1615475700.0,0.0876923076923077
1615476600.0,0.05846153846153846
1615477500.0,0.03692307692307692
1615478400.0,0.03
1615479300.0,0.010769230769230769
1615480200.0,0.008461538461538461
1615481100.0,0.0
1615482000.0,0.0
1615482900.0,0.0
1615483800.0,0.0
1615484700.0,0.0
1615485600.0,0.0
1615486500.0,0.0
1615487400.0,0.0
1615488300.0,0.0
1615489200.0,0.0
1615490100.0,0.0
1615491000.0,0.0
1615491900.0,0.0
1615492800.0,0.0
1615493700.0,0.0
1615494600.0,0.0
1615495500.0,0.0
1615496400.0,0.0
1615497300.0,0.0
1615498200.0,0.0
1615499100.0,0.0
1615500000.0,0.0
1615500900.0,0.0
1615501800.0,0.0
1615502700.0,0.0
1615503600.0,0.0
1615504500.0,0.0
1615505400.0,0.0
1615506300.0,0.0
1615507200.0,0.0
1615508100.0,0.0
1615509000.0,0.0
1615509900.0,0.0
1615510800.0,0.0
1615511700.0,0.0
1615512600.0,0.0
1615513500.0,0.0
1615514400.0,0.0
1615515300.0,0.0
1615516200.0,0.0
1615517100.0,0.0
1615518000.0,0.0
1615518900.0,0.0
1615519800.0,0.0
1615520700.0,0.0
1615521600.0,0.0
1615522500.0,0.0
1615523400.0,0.0
1615524300.0,0.0
1615525200.0,0.0
1615526100.0,0.0
1615527000.0,0.0
1615527900.0,0.009999999999999998
1615528800.0,0.023846153846153847
1615529700.0,0.023076923076923075
1615530600.0,0.028461538461538458
1615531500.0,0.07538461538461538
1615532400.0,0.07307692307692308
1615533300.0,0.08384615384615385
1615534200.0,0.15692307692307692
1615535100.0,0.09
1615536000.0,0.07307692307692308
1615536900.0,0.2
1615537800.0,0.6961538461538461
1615538700.0,0.7092307692307692
1615539600.0,0.73
1615540500.0,0.6469230769230768
1615541400.0,0.42615384615384616
1615542300.0,0.4569230769230769
1615543200.0,0.4153846153846154
1615544100.0,0.7484615384615384
1615545000.0,0.5561538461538461
1615545900.0,0.7792307692307692
1615546800.0,0.6784615384615384
1615547700.0,0.5146153846153846
1615548600.0,0.27307692307692305
1615549500.0,0.3146153846153846
1615550400.0,0.2
1615551300.0,0.18307692307692305
1615552200.0,0.5607692307692307
1615553100.0,0.5761538461538461
1615554000.0,0.38
1615554900.0,0.5246153846153846
1615555800.0,0.2630769230769231
1615556700.0,0.29384615384615387
1615557600.0,0.34692307692307695
1615558500.0,0.27615384615384614
1615559400.0,0.15153846153846154
1615560300.0,0.09461538461538462
1615561200.0,0.09923076923076923
1615562100.0,0.10692307692307693
1615563000.0,0.06461538461538462
1615563900.0,0.040769230769230766
1615564800.0,0.03538461538461538
1615565700.0,0.021538461538461538
1615566600.0,0.00923076923076923
1615567500.0,0.003846153846153846
1615568400.0,0.0
1615569300.0,0.0
1615570200.0,0.0
1615571100.0,0.0
1615572000.0,0.0
1615572900.0,0.0
1615573800.0,0.0
1615574700.0,0.0
1615575600.0,0.0
1615576500.0,0.0
1615577400.0,0.0
1615578300.0,0.0
1615579200.0,0.0
1615580100.0,0.0
1615581000.0,0.0
1615581900.0,0.0
1615582800.0,0.0
1615583700.0,0.0
1615584600.0,0.0
1615585500.0,0.0
1615586400.0,0.0
1615587300.0,0.0
1615588200.0,0.0
1615589100.0,0.0
1615590000.0,0.0
1615590900.0,0.0
1615591800.0,0.0
1615592700.0,0.0
1615593600.0,0.0
1615594500.0,0.0
1615595400.0,0.0
1615596300.0,0.0
1615597200.0,0.0
1615598100.0,0.0
1615599000.0,0.0
1615599900.0,0.0
1615600800.0,0.0
1615601700.0,0.0
1615602600.0,0.0
1615603500.0,0.0
1615604400.0,0.0
1615605300.0,0.0
1615606200.0,0.0
1615607100.0,0.0
1615608000.0,0.0
1615608900.0,0.0
1615609800.0,0.0
1615610700.0,0.0
1615611600.0,0.0
1615612500.0,0.0
1615613400.0,0.0
1615614300.0,0.004615384615384615
1615615200.0,0.02076923076923077
1615616100.0,0.031538461538461536
1615617000.0,0.05615384615384615
1615617900.0,0.06615384615384615
1615618800.0,0.06
1615619700.0,0.10846153846153844
1615620600.0,0.12307692307692307
1615621500.0,0.14384615384615385
1615622400.0,0.11923076923076922
1615623300.0,0.10692307692307693
1615624200.0,0.11615384615384615
1615625100.0,0.1346153846153846
1615626000.0,0.13153846153846155
1615626900.0,0.14846153846153845
1615627800.0,0.14076923076923076
1615628700.0,0.19846153846153847
1615629600.0,0.2269230769230769
1615630500.0,0.19153846153846152
1615631400.0,0.19615384615384615
1615632300.0,0.22999999999999998
1615633200.0,0.21000000000000002
1615634100.0,0.2976923076923077
1615635000.0,0.29846153846153844
1615635900.0,0.3992307692307692
1615636800.0,0.4115384615384616
1615637700.0,0.39692307692307693
1615638600.0,0.3192307692307692
1615639500.0,0.2023076923076923
1615640400.0,0.15846153846153846
1615641300.0,0.1346153846153846
1615642200.0,0.13615384615384615
1615643100.0,0.09923076923076923
1615644000.0,0.06384615384615384
1615644900.0,0.07230769230769231
1615645800.0,0.07615384615384616
1615646700.0,0.07846153846153846
1615647600.0,0.05230769230769231
1615648500.0,0.02769230769230769
1615649400.0,0.026153846153846156
1615650300.0,0.025384615384615384
1615651200.0,0.016153846153846154
1615652100.0,0.005384615384615384
1615653000.0,0.0023076923076923075
1615653900.0,0.0
1615654800.0,0.0
1615655700.0,0.0
1615656600.0,0.0
1615657500.0,0.0
1615658400.0,0.0
1615659300.0,0.0
1615660200.0,0.0
1615661100.0,0.0
1615662000.0,0.0
1615662900.0,0.0
1615663800.0,0.0
1615664700.0,0.0
1615665600.0,0.0
1615666500.0,0.0
1615667400.0,0.0
1615668300.0,0.0
1615669200.0,0.0
1615670100.0,0.0
1615671000.0,0.0
1615671900.0,0.0
1615672800.0,0.0
1615673700.0,0.0
1615674600.0,0.0
1615675500.0,0.0
1615676400.0,0.0
1615677300.0,0.0
1615678200.0,0.0
1615679100.0,0.0
1615680000.0,0.0
1615680900.0,0.0
1615681800.0,0.0
1615682700.0,0.0
1615683600.0,0.0
1615684500.0,0.0
1615685400.0,0.0
1615686300.0,0.0
1615687200.0,0.0
1615688100.0,0.0
1615689000.0,0.0
1615689900.0,0.0
1615690800.0,0.0
1615691700.0,0.0
1615692600.0,0.0
1615693500.0,0.0
1615694400.0,0.0
1615695300.0,0.0
1615696200.0,0.0
1615697100.0,0.0
1615698000.0,0.0
1615698900.0,0.0
1615699800.0,0.0
1615700700.0,0.0
1615701600.0,0.0015384615384615385
1615702500.0,0.008461538461538461
1615703400.0,0.03307692307692307
1615704300.0,0.036153846153846154
1615705200.0,0.04692307692307692
1615706100.0,0.03
1615707000.0,0.039999999999999994
1615707900.0,0.03692307692307692
1615708800.0,0.03
1615709700.0,0.05
1615710600.0,0.1053846153846154
1615711500.0,0.05538461538461538
1615712400.0,0.09923076923076923
1615713300.0,0.17923076923076922
1615714200.0,0.2053846153846154
1615715100.0,0.40307692307692305
1615716000.0,0.2969230769230769
1615716900.0,0.07999999999999999
1615717800.0,0.19846153846153847
1615718700.0,0.32307692307692304
1615719600.0,0.17307692307692307
1615720500.0,0.12
1615721400.0,0.3215384615384615
1615722300.0,0.12
1615723200.0,0.17615384615384616
1615724100.0,0.17076923076923076
1615725000.0,0.15999999999999998
1615725900.0,0.21999999999999997
1615726800.0,0.29538461538461536
1615727700.0,0.40384615384615385
1615728600.0,0.10384615384615385
1615729500.0,0.34384615384615386
1615730400.0,0.1523076923076923
1615731300.0,0.016153846153846154
1615732200.0,0.04615384615384615
1615733100.0,0.17615384615384616
1615734000.0,0.13615384615384615
1615734900.0,0.0823076923076923
1615735800.0,0.03692307692307692
1615736700.0,0.03
1615737600.0,0.016923076923076923
1615738500.0,0.015384615384615384
1615739400.0,0.0023076923076923075
1615740300.0,0.0
1615741200.0,0.0
1615742100.0,0.0
1615743000.0,0.0
1615743900.0,0.0
1615744800.0,0.0
1615745700.0,0.0
1615746600.0,0.0
1615747500.0,0.0
1615748400.0,0.0
1615749300.0,0.0
1615750200.0,0.0
1615751100.0,0.0
1615752000.0,0.0
1615752900.0,0.0
1615753800.0,0.0
1615754700.0,0.0
1615755600.0,0.0
1615756500.0,0.0
1615757400.0,0.0
1615758300.0,0.0
1615759200.0,0.0
1615760100.0,0.0
1615761000.0,0.0
1615761900.0,0.0
1615762800.0,0.0
1615763700.0,0.0
1615764600.0,0.0
1615765500.0,0.0
1615766400.0,0.0
1615767300.0,0.0
1615768200.0,0.0
1615769100.0,0.0
1615770000.0,0.0
1615770900.0,0.0
1615771800.0,0.0
1615772700.0,0.0
1615773600.0,0.0
1615774500.0,0.0
1615775400.0,0.0
1615776300.0,0.0
1615777200.0,0.0
1615778100.0,0.0
1615779000.0,0.0
1615779900.0,0.0
1615780800.0,0.0
1615781700.0,0.0
1615782600.0,0.0
1615783500.0,0.0
1615784400.0,0.0
1615785300.0,0.0
1615786200.0,0.0
1615787100.0,0.011538461538461537
1615788000.0,0.03769230769230769
1615788900.0,0.04461538461538462
1615789800.0,0.04538461538461538
1615790700.0,0.07692307692307693
1615791600.0,0.1146153846153846
1615792500.0,0.11538461538461538
1615793400.0,0.08615384615384615
1615794300.0,0.0876923076923077
1615795200.0,0.10615384615384615
1615796100.0,0.1553846153846154
1615797000.0,0.19923076923076924
1615797900.0,0.23538461538461536
1615798800.0,0.15692307692307692
1615799700.0,0.15076923076923077
1615800600.0,0.1346153846153846
1615801500.0,0.09307692307692307
1615802400.0,0.09923076923076923
1615803300.0,0.0776923076923077
1615804200.0,0.07615384615384616
1615805100.0,0.11538461538461538
1615806000.0,0.12923076923076923
1615806900.0,0.09384615384615384
1615807800.0,0.13307692307692306
1615808700.0,0.13153846153846155
1615809600.0,0.10384615384615385
1615810500.0,0.0846153846153846
1615811400.0,0.08384615384615385
1615812300.0,0.05
1615813200.0,0.03692307692307692
1615814100.0,0.05538461538461538
1615815000.0,0.14153846153846153
1615815900.0,0.061538461538461535
1615816800.0,0.02923076923076923
1615817700.0,0.019999999999999997
1615818600.0,0.08615384615384615
1615819500.0,0.09769230769230769
1615820400.0,0.047692307692307694
1615821300.0,0.028461538461538458
1615822200.0,0.039999999999999994
1615823100.0,0.05615384615384615
1615824000.0,0.019999999999999997
1615824900.0,0.025384615384615384
1615825800.0,0.025384615384615384
1615826700.0,0.003846153846153846
1615827600.0,0.0
1615828500.0,0.0
1615829400.0,0.0
1615830300.0,0.0
1615831200.0,0.0
1615832100.0,0.0
1615833000.0,0.0
1615833900.0,0.0
1615834800.0,0.0
1615835700.0,0.0
1615836600.0,0.0
1615837500.0,0.0
1615838400.0,0.0
1615839300.0,0.0
1615840200.0,0.0
1615841100.0,0.0
1615842000.0,0.0
1615842900.0,0.0
1615843800.0,0.0
1615844700.0,0.0
1615845600.0,0.0
1615846500.0,0.0
1615847400.0,0.0
1615848300.0,0.0
1615849200.0,0.0
1615850100.0,0.0
1615851000.0,0.0
1615851900.0,0.0
1615852800.0,0.0
1615853700.0,0.0
1615854600.0,0.0
1615855500.0,0.0
1615856400.0,0.0
1615857300.0,0.0
1615858200.0,0.0
1615859100.0,0.0
1615860000.0,0.0
1615860900.0,0.0
1615861800.0,0.0
1615862700.0,0.0
1615863600.0,0.0
1615864500.0,0.0
1615865400.0,0.0
1615866300.0,0.0
1615867200.0,0.0
1615868100.0,0.0
1615869000.0,0.0
1615869900.0,0.0
1615870800.0,0.0
1615871700.0,0.0
1615872600.0,0.0
1615873500.0,0.0
1615874400.0,0.0
1615875300.0,0.0007692307692307692
1615876200.0,0.009999999999999998
1615877100.0,0.016153846153846154
1615878000.0,0.05846153846153846
1615878900.0,0.06307692307692307
1615879800.0,0.05615384615384615
1615880700.0,0.02923076923076923
1615881600.0,0.04846153846153846
1615882500.0,0.1146153846153846
1615883400.0,0.13538461538461538
1615884300.0,0.2223076923076923
1615885200.0,0.17615384615384616
1615886100.0,0.24923076923076923
1615887000.0,0.11307692307692306
1615887900.0,0.13999999999999999
1615888800.0,0.1576923076923077
1615889700.0,0.07307692307692308
1615890600.0,0.13692307692307693
1615891500.0,0.22076923076923075
1615892400.0,0.18230769230769228
1615893300.0,0.1146153846153846
1615894200.0,0.10230769230769231
1615895100.0,0.13692307692307693
1615896000.0,0.1776923076923077
1615896900.0,0.1815384615384615
1615897800.0,0.15076923076923077
1615898700.0,0.2223076923076923
1615899600.0,0.11692307692307692
1615900500.0,0.10461538461538462
1615901400.0,0.12923076923076923
1615902300.0,0.19384615384615383
1615903200.0,0.2192307692307692
1615904100.0,0.1423076923076923
1615905000.0,0.10615384615384615
1615905900.0,0.09769230769230769
1615906800.0,0.08615384615384615
1615907700.0,0.05461538461538461
1615908600.0,0.003076923076923077
1615909500.0,0.06769230769230769
1615910400.0,0.03538461538461538
1615911300.0,0.01769230769230769
1615912200.0,0.012307692307692308
1615913100.0,0.003076923076923077
1615914000.0,0.0
1615914900.0,0.0
1615915800.0,0.0
1615916700.0,0.0
1615917600.0,0.0
1615918500.0,0.0
1615919400.0,0.0
1615920300.0,0.0
1615921200.0,0.0
1615922100.0,0.0
1615923000.0,0.0
1615923900.0,0.0
1615924800.0,0.0
1615925700.0,0.0
1615926600.0,0.0
1615927500.0,0.0
1615928400.0,0.0
1615929300.0,0.0
1615930200.0,0.0
1615931100.0,0.0
1615932000.0,0.0
1615932900.0,0.0
1615933800.0,0.0
1615934700.0,0.0
1615935600.0,0.0
1615936500.0,0.0
1615937400.0,0.0
1615938300.0,0.0
1615939200.0,0.0
1615940100.0,0.0
1615941000.0,0.0
1615941900.0,0.0
1615942800.0,0.0
1615943700.0,0.0
1615944600.0,0.0
1615945500.0,0.0
1615946400.0,0.0
1615947300.0,0.0
1615948200.0,0.0
1615949100.0,0.0
1615950000.0,0.0
1615950900.0,0.0
1615951800.0,0.0
1615952700.0,0.0
1615953600.0,0.0
1615954500.0,0.0
1615955400.0,0.0
1615956300.0,0.0
1615957200.0,0.0
1615958100.0,0.0
1615959000.0,0.0
1615959900.0,0.0
1615960800.0,0.0
1615961700.0,0.0
1615962600.0,0.0
1615963500.0,0.0
1615964400.0,0.0
1615965300.0,0.0
1615966200.0,0.0
1615967100.0,0.0
1615968000.0,0.0015384615384615385
1615968900.0,0.01769230769230769
1615969800.0,0.015384615384615384
1615970700.0,0.006153846153846154
1615971600.0,0.013076923076923078
1615972500.0,0.025384615384615384
1615973400.0,0.009999999999999998
1615974300.0,0.004615384615384615
1615975200.0,0.013076923076923078
1615976100.0,0.11076923076923076
1615977000.0,0.14153846153846153
1615977900.0,0.17076923076923076
1615978800.0,0.07384615384615384
1615979700.0,0.13846153846153844
1615980600.0,0.06923076923076922
1615981500.0,0.0846153846153846
1615982400.0,0.033846153846153845
1615983300.0,0.08307692307692308
1615984200.0,0.18923076923076923
1615985100.0,0.17076923076923076
1615986000.0,0.1776923076923077
1615986900.0,0.20692307692307693
1615987800.0,0.18846153846153846
1615988700.0,0.20153846153846153
1615989600.0,0.12692307692307692
1615990500.0,0.12538461538461537
1615991400.0,0.08153846153846153
1615992300.0,0.04461538461538462
1615993200.0,0.059230769230769226
1615994100.0,0.06615384615384615
1615995000.0,0.05307692307692308
1615995900.0,0.038461538461538464
1615996800.0,0.02923076923076923
1615997700.0,0.013846153846153845
1615998600.0,0.007692307692307692
1615999500.0,0.0023076923076923075
1616000400.0,0.0
1616001300.0,0.0
1616002200.0,0.0
1616003100.0,0.0
1616004000.0,0.0
1616004900.0,0.0
1616005800.0,0.0
1616006700.0,0.0
1616007600.0,0.0
1616008500.0,0.0
1616009400.0,0.0
1616010300.0,0.0
1616011200.0,0.0
1616012100.0,0.0
1616013000.0,0.0
1616013900.0,0.0
1616014800.0,0.0
1616015700.0,0.0
1616016600.0,0.0
1616017500.0,0.0
1616018400.0,0.0
1616019300.0,0.0
1616020200.0,0.0
1616021100.0,0.0
1616022000.0,0.0
1616022900.0,0.0
1616023800.0,0.0
1616024700.0,0.0
1616025600.0,0.0
1616026500.0,0.0
1616027400.0,0.0
1616028300.0,0.0
1616029200.0,0.0
1616030100.0,0.0
1616031000.0,0.0
1616031900.0,0.0
1616032800.0,0.0
1616033700.0,0.0
1616034600.0,0.0
1616035500.0,0.0
1616036400.0,0.0
1616037300.0,0.0
1616038200.0,0.0
1616039100.0,0.0
1616040000.0,0.0
1616040900.0,0.0
1616041800.0,0.0
1616042700.0,0.0
1616043600.0,0.0
1616044500.0,0.0
1616045400.0,0.0
1616046300.0,0.0
1616047200.0,0.0015384615384615385
1616048100.0,0.011538461538461537
1616049000.0,0.011538461538461537
1616049900.0,0.016923076923076923
1616050800.0,0.013846153846153845
1616051700.0,0.012307692307692308
1616052600.0,0.01846153846153846
1616053500.0,0.02769230769230769
1616054400.0,0.025384615384615384
1616055300.0,0.02230769230769231
1616056200.0,0.07230769230769231
1616057100.0,0.15307692307692308
1616058000.0,0.2192307692307692
1616058900.0,0.2646153846153846
1616059800.0,0.18076923076923077
1616060700.0,0.20076923076923078
1616061600.0,0.3253846153846154
1616062500.0,0.40615384615384614
1616063400.0,0.7307692307692307
1616064300.0,0.4076923076923077
1616065200.0,0.5184615384615385
1616066100.0,0.13538461538461538
1616067000.0,0.13307692307692306
1616067900.0,0.18076923076923077
1616068800.0,0.5415384615384615
1616069700.0,0.21384615384615385
1616070600.0,0.024615384615384615
1616071500.0,0.04615384615384615
1616072400.0,0.41384615384615386
1616073300.0,0.4607692307692307
1616074200.0,0.46615384615384614
1616075100.0,0.2423076923076923
1616076000.0,0.00923076923076923
1616076900.0,0.07230769230769231
1616077800.0,0.04461538461538462
1616078700.0,0.05384615384615385
1616079600.0,0.06307692307692307
1616080500.0,0.05846153846153846
1616081400.0,0.04692307692307692
1616082300.0,0.056923076923076917
1616083200.0,0.04846153846153846
1616084100.0,0.03461538461538461
1616085000.0,0.021538461538461538
1616085900.0,0.013846153846153845
1616086800.0,0.005384615384615384
1616087700.0,0.0
1616088600.0,0.0
1616089500.0,0.0
1616090400.0,0.0
1616091300.0,0.0
1616092200.0,0.0
1616093100.0,0.0
1616094000.0,0.0
1616094900.0,0.0
1616095800.0,0.0
1616096700.0,0.0
1616097600.0,0.0
1616098500.0,0.0
1616099400.0,0.0
1616100300.0,0.0
1616101200.0,0.0
1616102100.0,0.0
1616103000.0,0.0
1616103900.0,0.0
1616104800.0,0.0
1616105700.0,0.0
1616106600.0,0.0
1616107500.0,0.0
1616108400.0,0.0
1616109300.0,0.0
1616110200.0,0.0
1616111100.0,0.0
1616112000.0,0.0
1616112900.0,0.0
1616113800.0,0.0
1616114700.0,0.0
1616115600.0,0.0
1616116500.0,0.0
1616117400.0,0.0
1616118300.0,0.0
1616119200.0,0.0
1616120100.0,0.0
1616121000.0,0.0
1616121900.0,0.0
1616122800.0,0.0
1616123700.0,0.0
1616124600.0,0.0
1616125500.0,0.0
1616126400.0,0.0
1616127300.0,0.0
1616128200.0,0.0
1616129100.0,0.0
1616130000.0,0.0
1616130900.0,0.0
1616131800.0,0.0
1616132700.0,0.0
1616133600.0,0.0
1616134500.0,0.0
1616135400.0,0.003076923076923077
1616136300.0,0.009999999999999998
1616137200.0,0.016923076923076923
1616138100.0,0.03538461538461538
1616139000.0,0.05
1616139900.0,0.06
1616140800.0,0.06999999999999999
1616141700.0,0.047692307692307694
1616142600.0,0.028461538461538458
1616143500.0,0.007692307692307692
1616144400.0,0.007692307692307692
1616145300.0,0.012307692307692308
1616146200.0,0.011538461538461537
1616147100.0,0.006153846153846154
1616148000.0,0.010769230769230769
1616148900.0,0.023076923076923075
1616149800.0,0.014615384615384615
1616150700.0,0.016923076923076923
1616151600.0,0.038461538461538464
1616152500.0,0.0423076923076923
1616153400.0,0.019230769230769232
1616154300.0,0.05461538461538461
1616155200.0,0.04461538461538462
1616156100.0,0.005384615384615384
1616157000.0,0.008461538461538461
1616157900.0,0.01769230769230769
1616158800.0,0.06307692307692307
1616159700.0,0.13615384615384615
1616160600.0,0.15307692307692308
1616161500.0,0.03769230769230769
1616162400.0,0.026923076923076925
1616163300.0,0.07230769230769231
1616164200.0,0.09846153846153846
1616165100.0,0.04923076923076923
1616166000.0,0.06
1616166900.0,0.06846153846153846
1616167800.0,0.06538461538461539
1616168700.0,0.06384615384615384
1616169600.0,0.04384615384615385
1616170500.0,0.023846153846153847
1616171400.0,0.0007692307692307692
1616172300.0,0.0
1616173200.0,0.0
1616174100.0,0.0
1616175000.0,0.0
1616175900.0,0.0
1616176800.0,0.0
1616177700.0,0.0
1616178600.0,0.0
1616179500.0,0.0
1616180400.0,0.0
1616181300.0,0.0
1616182200.0,0.0
1616183100.0,0.0
1616184000.0,0.0
1616184900.0,0.0
1616185800.0,0.0
1616186700.0,0.0
1616187600.0,0.0
1616188500.0,0.0
1616189400.0,0.0
1616190300.0,0.0
1616191200.0,0.0
1616192100.0,0.0
1616193000.0,0.0
1616193900.0,0.0
1616194800.0,0.0
1616195700.0,0.0
1616196600.0,0.0
1616197500.0,0.0
1616198400.0,0.0
1616199300.0,0.0
1616200200.0,0.0
1616201100.0,0.0
1616202000.0,0.0
1616202900.0,0.0
1616203800.0,0.0
1616204700.0,0.0
1616205600.0,0.0
1616206500.0,0.0
1616207400.0,0.0
1616208300.0,0.0
1616209200.0,0.0
1616210100.0,0.0
1616211000.0,0.0
1616211900.0,0.0
1616212800.0,0.0
1616213700.0,0.0
1616214600.0,0.0
1616215500.0,0.0
1616216400.0,0.0
1616217300.0,0.0
1616218200.0,0.0
1616219100.0,0.0
1616220000.0,0.0
1616220900.0,0.0015384615384615385
1616221800.0,0.007692307692307692
1616222700.0,0.025384615384615384
1616223600.0,0.02076923076923077
1616224500.0,0.026923076923076925
1616225400.0,0.02923076923076923
1616226300.0,0.02769230769230769
1616227200.0,0.040769230769230766
1616228100.0,0.06461538461538462
1616229000.0,0.040769230769230766
1616229900.0,0.047692307692307694
1616230800.0,0.12307692307692307
1616231700.0,0.05076923076923077
1616232600.0,0.03692307692307692
1616233500.0,0.036153846153846154
1616234400.0,0.06999999999999999
1616235300.0,0.07076923076923076
1616236200.0,0.17846153846153848
1616237100.0,0.10461538461538462
1616238000.0,0.11307692307692306
1616238900.0,0.12076923076923077
1616239800.0,0.24461538461538462
1616240700.0,0.42000000000000004
1616241600.0,0.13615384615384615
1616242500.0,0.17923076923076922
1616243400.0,0.07692307692307693
1616244300.0,0.1123076923076923
1616245200.0,0.20307692307692307
1616246100.0,0.10923076923076921
1616247000.0,0.1646153846153846
1616247900.0,0.29307692307692307
1616248800.0,0.3007692307692308
1616249700.0,0.2630769230769231
1616250600.0,0.24538461538461537
1616251500.0,0.14076923076923076
1616252400.0,0.10230769230769231
1616253300.0,0.0923076923076923
1616254200.0,0.04615384615384615
1616255100.0,0.01846153846153846
1616256000.0,0.009999999999999998
1616256900.0,0.009999999999999998
1616257800.0,0.008461538461538461
1616258700.0,0.005384615384615384
1616259600.0,0.0015384615384615385
1616260500.0,0.0
1616261400.0,0.0
1616262300.0,0.0
1616263200.0,0.0
1616264100.0,0.0
1616265000.0,0.0
1616265900.0,0.0
1616266800.0,0.0
1616267700.0,0.0
1616268600.0,0.0
1616269500.0,0.0
1616270400.0,0.0
1616271300.0,0.0
1616272200.0,0.0
1616273100.0,0.0
1616274000.0,0.0
1616274900.0,0.0
1616275800.0,0.0
1616276700.0,0.0
1616277600.0,0.0
1616278500.0,0.0
1616279400.0,0.0
1616280300.0,0.0
1616281200.0,0.0
1616282100.0,0.0
1616283000.0,0.0
1616283900.0,0.0
1616284800.0,0.0
1616285700.0,0.0
1616286600.0,0.0
1616287500.0,0.0
1616288400.0,0.0
1616289300.0,0.0
1616290200.0,0.0
1616291100.0,0.0
1616292000.0,0.0
1616292900.0,0.0
1616293800.0,0.0
1616294700.0,0.0
1616295600.0,0.0
1616296500.0,0.0
1616297400.0,0.0
1616298300.0,0.0
1616299200.0,0.0
1616300100.0,0.0
1616301000.0,0.0
1616301900.0,0.0
1616302800.0,0.0
1616303700.0,0.0
1616304600.0,0.0
1616305500.0,0.0
1616306400.0,0.007692307692307692
1616307300.0,0.030769230769230767
1616308200.0,0.023076923076923075
1616309100.0,0.030769230769230767
1616310000.0,0.0423076923076923
1616310900.0,0.061538461538461535
1616311800.0,0.0823076923076923
1616312700.0,0.09307692307692307
1616313600.0,0.07076923076923076
1616314500.0,0.06769230769230769
1616315400.0,0.06615384615384615
1616316300.0,0.07153846153846154
1616317200.0,0.0876923076923077
1616318100.0,0.06538461538461539
1616319000.0,0.09846153846153846
1616319900.0,0.09846153846153846
1616320800.0,0.09923076923076923
1616321700.0,0.1146153846153846
1616322600.0,0.09923076923076923
1616323500.0,0.10615384615384615
1616324400.0,0.11846153846153845
1616325300.0,0.20615384615384616
1616326200.0,0.37769230769230766
1616327100.0,0.14076923076923076
1616328000.0,0.08307692307692308
1616328900.0,0.09769230769230769
1616329800.0,0.10999999999999999
1616330700.0,0.09384615384615384
1616331600.0,0.07384615384615384
1616332500.0,0.07076923076923076
1616333400.0,0.047692307692307694
1616334300.0,0.06538461538461539
1616335200.0,0.07384615384615384
1616336100.0,0.04692307692307692
1616337000.0,0.033846153846153845
1616337900.0,0.026153846153846156
1616338800.0,0.05461538461538461
1616339700.0,0.0423076923076923
1616340600.0,0.023076923076923075
1616341500.0,0.013846153846153845
1616342400.0,0.011538461538461537
1616343300.0,0.005384615384615384
1616344200.0,0.0007692307692307692
1616345100.0,0.0
1616346000.0,0.0
1616346900.0,0.0
1616347800.0,0.0
1616348700.0,0.0
1616349600.0,0.0
1616350500.0,0.0
1616351400.0,0.0
1616352300.0,0.0
1616353200.0,0.0
1616354100.0,0.0
1616355000.0,0.0
1616355900.0,0.0
1616356800.0,0.0
1616357700.0,0.0
1616358600.0,0.0
1616359500.0,0.0
1616360400.0,0.0
1616361300.0,0.0
1616362200.0,0.0
1616363100.0,0.0
1616364000.0,0.0
1616364900.0,0.0
1616365800.0,0.0
1616366700.0,0.0
1616367600.0,0.0
1616368500.0,0.0
1616369400.0,0.0
1616370300.0,0.0
1616371200.0,0.0
1616372100.0,0.0
1616373000.0,0.0
1616373900.0,0.0
1616374800.0,0.0
1616375700.0,0.0
1616376600.0,0.0
1616377500.0,0.0
1616378400.0,0.0
1616379300.0,0.0
1616380200.0,0.0
1616381100.0,0.0
1616382000.0,0.0
1616382900.0,0.0
1616383800.0,0.0
1616384700.0,0.0
1616385600.0,0.0
1616386500.0,0.0
1616387400.0,0.0
1616388300.0,0.0
1616389200.0,0.0
1616390100.0,0.0
1616391000.0,0.0
1616391900.0,0.0007692307692307692
1616392800.0,0.006923076923076922
1616393700.0,0.023846153846153847
1616394600.0,0.0423076923076923
1616395500.0,0.04615384615384615
1616396400.0,0.036153846153846154
1616397300.0,0.033846153846153845
1616398200.0,0.04692307692307692
1616399100.0,0.08384615384615385
1616400000.0,0.11846153846153845
1616400900.0,0.18846153846153846
1616401800.0,0.24
1616402700.0,0.13769230769230767
1616403600.0,0.10153846153846154
1616404500.0,0.18769230769230769
1616405400.0,0.11923076923076922
1616406300.0,0.07384615384615384
1616407200.0,0.16692307692307692
1616408100.0,0.2053846153846154
1616409000.0,0.21307692307692308
1616409900.0,0.10923076923076921
1616410800.0,0.13
1616411700.0,0.13
1616412600.0,0.06076923076923077
1616413500.0,0.04846153846153846
1616414400.0,0.07230769230769231
1616415300.0,0.06
1616416200.0,0.04615384615384615
1616417100.0,0.06615384615384615
1616418000.0,0.059230769230769226
1616418900.0,0.06923076923076922
1616419800.0,0.07384615384615384
1616420700.0,0.0876923076923077
1616421600.0,0.10461538461538462
1616422500.0,0.09153846153846153
1616423400.0,0.033846153846153845
1616424300.0,0.047692307692307694
1616425200.0,0.09307692307692307
1616426100.0,0.0823076923076923
1616427000.0,0.06923076923076922
1616427900.0,0.04846153846153846
1616428800.0,0.06230769230769231
1616429700.0,0.043076923076923075
1616430600.0,0.03230769230769231
1616431500.0,0.008461538461538461
1616432400.0,0.0023076923076923075
1616433300.0,0.0
1616434200.0,0.0
1616435100.0,0.0
1616436000.0,0.0
1616436900.0,0.0
1616437800.0,0.0
1616438700.0,0.0
1616439600.0,0.0
1616440500.0,0.0
1616441400.0,0.0
1616442300.0,0.0
1616443200.0,0.0
1616444100.0,0.0
1616445000.0,0.0
1616445900.0,0.0
1616446800.0,0.0
1616447700.0,0.0
1616448600.0,0.0
1616449500.0,0.0
1616450400.0,0.0
1616451300.0,0.0
1616452200.0,0.0
1616453100.0,0.0
1616454000.0,0.0
1616454900.0,0.0
1616455800.0,0.0
1616456700.0,0.0
1616457600.0,0.0
1616458500.0,0.0
1616459400.0,0.0
1616460300.0,0.0
1616461200.0,0.0
1616462100.0,0.0
1616463000.0,0.0
1616463900.0,0.0
1616464800.0,0.0
1616465700.0,0.0
1616466600.0,0.0
1616467500.0,0.0
1616468400.0,0.0
1616469300.0,0.0
1616470200.0,0.0
1616471100.0,0.0
1616472000.0,0.0
1616472900.0,0.0
1616473800.0,0.0
1616474700.0,0.0
1616475600.0,0.0
1616476500.0,0.0
1616477400.0,0.0007692307692307692
1616478300.0,0.009999999999999998
1616479200.0,0.019999999999999997
1616480100.0,0.030769230769230767
1616481000.0,0.0423076923076923
1616481900.0,0.05
1616482800.0,0.07153846153846154
1616483700.0,0.15
1616484600.0,0.22538461538461535
1616485500.0,0.34615384615384615
1616486400.0,0.48538461538461536
1616487300.0,0.33615384615384614
1616488200.0,0.24307692307692308
1616489100.0,0.23076923076923075
1616490000.0,0.3038461538461539
1616490900.0,0.45538461538461533
1616491800.0,0.4392307692307692
1616492700.0,0.3692307692307692
1616493600.0,0.5784615384615385
1616494500.0,0.7146153846153847
1616495400.0,0.24076923076923076
1616496300.0,0.09692307692307692
1616497200.0,0.1123076923076923
1616498100.0,0.14384615384615385
1616499000.0,0.15153846153846154
1616499900.0,0.13769230769230767
1616500800.0,0.19307692307692306
1616501700.0,0.1676923076923077
1616502600.0,0.1576923076923077
1616503500.0,0.14846153846153845
1616504400.0,0.12923076923076923
1616505300.0,0.09846153846153846
1616506200.0,0.12538461538461537
1616507100.0,0.13076923076923078
1616508000.0,0.0923076923076923
1616508900.0,0.07692307692307693
1616509800.0,0.09307692307692307
1616510700.0,0.09846153846153846
1616511600.0,0.06923076923076922
1616512500.0,0.0823076923076923
1616513400.0,0.06307692307692307
1616514300.0,0.04461538461538462
1616515200.0,0.033846153846153845
1616516100.0,0.03461538461538461
1616517000.0,0.02230769230769231
1616517900.0,0.012307692307692308
1616518800.0,0.004615384615384615
1616519700.0,0.0
1616520600.0,0.0
1616521500.0,0.0
1616522400.0,0.0
1616523300.0,0.0
1616524200.0,0.0
1616525100.0,0.0
1616526000.0,0.0
1616526900.0,0.0
1616527800.0,0.0
1616528700.0,0.0
1616529600.0,0.0
1616530500.0,0.0
1616531400.0,0.0
1616532300.0,0.0
1616533200.0,0.0
1616534100.0,0.0
1616535000.0,0.0
1616535900.0,0.0
1616536800.0,0.0
1616537700.0,0.0
1616538600.0,0.0
1616539500.0,0.0
1616540400.0,0.0
1616541300.0,0.0
1616542200.0,0.0
1616543100.0,0.0
1616544000.0,0.0
1616544900.0,0.0
1616545800.0,0.0
1616546700.0,0.0
1616547600.0,0.0
1616548500.0,0.0
1616549400.0,0.0
1616550300.0,0.0
1616551200.0,0.0
1616552100.0,0.0
1616553000.0,0.0
1616553900.0,0.0
1616554800.0,0.0
1616555700.0,0.0
1616556600.0,0.0
1616557500.0,0.0
1616558400.0,0.0
1616559300.0,0.0
1616560200.0,0.0
1616561100.0,0.0
1616562000.0,0.0
1616562900.0,0.0
1616563800.0,0.009999999999999998
1616564700.0,0.01846153846153846
1616565600.0,0.02769230769230769
1616566500.0,0.036153846153846154
1616567400.0,0.04692307692307692
1616568300.0,0.05307692307692308
1616569200.0,0.061538461538461535
1616570100.0,0.12076923076923077
1616571000.0,0.24769230769230768
1616571900.0,0.39384615384615385
1616572800.0,0.5076923076923077
1616573700.0,0.5961538461538461
1616574600.0,0.6576923076923077
1616575500.0,0.6892307692307692
1616576400.0,0.7007692307692308
1616577300.0,0.72
1616578200.0,0.7215384615384615
1616579100.0,0.7276923076923076
1616580000.0,0.7307692307692307
1616580900.0,0.7323076923076922
1616581800.0,0.7284615384615384
1616582700.0,0.7169230769230769
1616583600.0,0.7053846153846154
1616584500.0,0.6938461538461539
1616585400.0,0.6761538461538461
1616586300.0,0.6615384615384615
1616587200.0,0.6361538461538461
1616588100.0,0.6138461538461538
1616589000.0,0.5853846153846154
1616589900.0,0.5538461538461538
1616590800.0,0.5230769230769231
1616591700.0,0.4876923076923077
1616592600.0,0.4484615384615384
1616593500.0,0.40307692307692305
1616594400.0,0.35384615384615387
1616595300.0,0.30230769230769233
1616596200.0,0.24846153846153846
1616597100.0,0.1923076923076923
1616598000.0,0.1392307692307692
1616598900.0,0.09153846153846153
1616599800.0,0.056923076923076917
1616600700.0,0.036153846153846154
1616601600.0,0.026923076923076925
1616602500.0,0.02076923076923077
1616603400.0,0.016153846153846154
1616604300.0,0.009999999999999998
1616605200.0,0.006153846153846154
1616606100.0,0.0
1616607000.0,0.0
1616607900.0,0.0
1616608800.0,0.0
1616609700.0,0.0
1616610600.0,0.0
1616611500.0,0.0
1616612400.0,0.0
1616613300.0,0.0
1616614200.0,0.0
1616615100.0,0.0
1616616000.0,0.0
1616616900.0,0.0
1616617800.0,0.0
1616618700.0,0.0
1616619600.0,0.0
1616620500.0,0.0
1616621400.0,0.0
1616622300.0,0.0
1616623200.0,0.0
1616624100.0,0.0
1616625000.0,0.0
1616625900.0,0.0
1616626800.0,0.0
1616627700.0,0.0
1616628600.0,0.0
1616629500.0,0.0
1616630400.0,0.0
1616631300.0,0.0
1616632200.0,0.0
1616633100.0,0.0
1616634000.0,0.0
1616634900.0,0.0
1616635800.0,0.0
1616636700.0,0.0
1616637600.0,0.0
1616638500.0,0.0
1616639400.0,0.0
1616640300.0,0.0
1616641200.0,0.0
1616642100.0,0.0
1616643000.0,0.0
1616643900.0,0.0
1616644800.0,0.0
1616645700.0,0.0
1616646600.0,0.0
1616647500.0,0.0
1616648400.0,0.0
1616649300.0,0.0007692307692307692
1616650200.0,0.010769230769230769
1616651100.0,0.01769230769230769
1616652000.0,0.024615384615384615
1616652900.0,0.03230769230769231
1616653800.0,0.038461538461538464
1616654700.0,0.043076923076923075
1616655600.0,0.05307692307692308
1616656500.0,0.12076923076923077
1616657400.0,0.24307692307692308
1616658300.0,0.3953846153846154
1616659200.0,0.5130769230769231
1616660100.0,0.5969230769230769
1616661000.0,0.6561538461538461
1616661900.0,0.6823076923076923
1616662800.0,0.6923076923076923
1616663700.0,0.6961538461538461
1616664600.0,0.6846153846153846
1616665500.0,0.6953846153846154
1616666400.0,0.6969230769230769
1616667300.0,0.7069230769230769
1616668200.0,0.6884615384615385
1616669100.0,0.6769230769230768
1616670000.0,0.6692307692307692
1616670900.0,0.6592307692307692
1616671800.0,0.6515384615384615
1616672700.0,0.6284615384615384
1616673600.0,0.6038461538461538
1616674500.0,0.5576923076923077
1616675400.0,0.5076923076923077
1616676300.0,0.5223076923076924
1616677200.0,0.48615384615384616
1616678100.0,0.43769230769230766
1616679000.0,0.42615384615384616
1616679900.0,0.38153846153846155
1616680800.0,0.31769230769230766
1616681700.0,0.29
1616682600.0,0.21000000000000002
1616683500.0,0.16307692307692306
1616684400.0,0.1276923076923077
1616685300.0,0.09692307692307692
1616686200.0,0.06692307692307692
1616687100.0,0.06384615384615384
1616688000.0,0.059230769230769226
1616688900.0,0.040769230769230766
1616689800.0,0.030769230769230767
1616690700.0,0.015384615384615384
1616691600.0,0.005384615384615384
1616692500.0,0.0
1616693400.0,0.0
1616694300.0,0.0
1616695200.0,0.0
1616696100.0,0.0
1616697000.0,0.0
1616697900.0,0.0
1616698800.0,0.0
1616699700.0,0.0
1616700600.0,0.0
1616701500.0,0.0
1616702400.0,0.0
1616703300.0,0.0
1616704200.0,0.0
1616705100.0,0.0
1616706000.0,0.0
1616706900.0,0.0
1616707800.0,0.0
1616708700.0,0.0
1616709600.0,0.0
1616710500.0,0.0
1616711400.0,0.0
1616712300.0,0.0
1616713200.0,0.0
1616714100.0,0.0
1616715000.0,0.0
1616715900.0,0.0
1616716800.0,0.0
1616717700.0,0.0
1616718600.0,0.0
1616719500.0,0.0
1616720400.0,0.0
1616721300.0,0.0
1616722200.0,0.0
1616723100.0,0.0
1616724000.0,0.0
1616724900.0,0.0
1616725800.0,0.0
1616726700.0,0.0
1616727600.0,0.0
1616728500.0,0.0
1616729400.0,0.0
1616730300.0,0.0
1616731200.0,0.0
1616732100.0,0.0
1616733000.0,0.0
1616733900.0,0.0
1616734800.0,0.0
1616735700.0,0.0015384615384615385
1616736600.0,0.011538461538461537
1616737500.0,0.02076923076923077
1616738400.0,0.031538461538461536
1616739300.0,0.040769230769230766
1616740200.0,0.05076923076923077
1616741100.0,0.059230769230769226
1616742000.0,0.06692307692307692
1616742900.0,0.1123076923076923
1616743800.0,0.23076923076923075
1616744700.0,0.3761538461538461
1616745600.0,0.48846153846153845
1616746500.0,0.5792307692307692
1616747400.0,0.6392307692307692
1616748300.0,0.6607692307692308
1616749200.0,0.6769230769230768
1616750100.0,0.6907692307692308
1616751000.0,0.6953846153846154
1616751900.0,0.6946153846153846
1616752800.0,0.7015384615384616
1616753700.0,0.7023076923076923
1616754600.0,0.6969230769230769
1616755500.0,0.6923076923076923
1616756400.0,0.6823076923076923
1616757300.0,0.6715384615384615
1616758200.0,0.6546153846153846
1616759100.0,0.6361538461538461
1616760000.0,0.5399999999999999
1616760900.0,0.5815384615384616
1616761800.0,0.5576923076923077
1616762700.0,0.5299999999999999
1616763600.0,0.4238461538461539
1616764500.0,0.3292307692307692
1616765400.0,0.4307692307692308
1616766300.0,0.3946153846153846
1616767200.0,0.34692307692307695
1616768100.0,0.29307692307692307
1616769000.0,0.24076923076923076
1616769900.0,0.18923076923076923
1616770800.0,0.13846153846153844
1616771700.0,0.09384615384615384
1616772600.0,0.06076923076923077
1616773500.0,0.0423076923076923
1616774400.0,0.031538461538461536
1616775300.0,0.023076923076923075
1616776200.0,0.009999999999999998
1616777100.0,0.006153846153846154
1616778000.0,0.005384615384615384
1616778900.0,0.0007692307692307692
1616779800.0,0.0
1616780700.0,0.0
1616781600.0,0.0
1616782500.0,0.0
1616783400.0,0.0
1616784300.0,0.0
1616785200.0,0.0
1616786100.0,0.0
1616787000.0,0.0
1616787900.0,0.0
1616788800.0,0.0
1616789700.0,0.0
1616790600.0,0.0
1616791500.0,0.0
1616792400.0,0.0
1616793300.0,0.0
1616794200.0,0.0
1616795100.0,0.0
1616796000.0,0.0
1616796900.0,0.0
1616797800.0,0.0
1616798700.0,0.0
1616799600.0,0.0
1616800500.0,0.0
1616801400.0,0.0
1616802300.0,0.0
1616803200.0,0.0
1616804100.0,0.0
1616805000.0,0.0
1616805900.0,0.0
1616806800.0,0.0
1616807700.0,0.0
1616808600.0,0.0
1616809500.0,0.0
1616810400.0,0.0
1616811300.0,0.0
1616812200.0,0.0
1616813100.0,0.0
1616814000.0,0.0
1616814900.0,0.0
1616815800.0,0.0
1616816700.0,0.0
1616817600.0,0.0
1616818500.0,0.0
1616819400.0,0.0
1616820300.0,0.0
1616821200.0,0.0
1616822100.0,0.0
1616823000.0,0.0
1616823900.0,0.010769230769230769
1616824800.0,0.031538461538461536
1616825700.0,0.02923076923076923
1616826600.0,0.04461538461538462
1616827500.0,0.04384615384615385
1616828400.0,0.07923076923076923
1616829300.0,0.09461538461538462
1616830200.0,0.06846153846153846
1616831100.0,0.02076923076923077
1616832000.0,0.04153846153846154
1616832900.0,0.05846153846153846
1616833800.0,0.07384615384615384
1616834700.0,0.11384615384615383
1616835600.0,0.13769230769230767
1616836500.0,0.2292307692307692
1616837400.0,0.17923076923076922
1616838300.0,0.3261538461538461
1616839200.0,0.49538461538461537
1616840100.0,0.6107692307692307
1616841000.0,0.3761538461538461
1616841900.0,0.12384615384615384
1616842800.0,0.06230769230769231
1616843700.0,0.056923076923076917
1616844600.0,0.07692307692307693
1616845500.0,0.10384615384615385
1616846400.0,0.16384615384615384
1616847300.0,0.16692307692307692
1616848200.0,0.17153846153846153
1616849100.0,0.39384615384615385
1616850000.0,0.5184615384615385
1616850900.0,0.3853846153846154
1616851800.0,0.43384615384615377
1616852700.0,0.3976923076923077
1616853600.0,0.28846153846153844
1616854500.0,0.36
1616855400.0,0.22307692307692306
1616856300.0,0.12846153846153846
1616857200.0,0.10999999999999999
1616858100.0,0.0823076923076923
1616859000.0,0.06076923076923077
1616859900.0,0.06307692307692307
1616860800.0,0.05384615384615385
1616861700.0,0.030769230769230767
1616862600.0,0.013846153846153845
1616863500.0,0.0023076923076923075
1616864400.0,0.0
1616865300.0,0.0
1616866200.0,0.0
1616867100.0,0.0
1616868000.0,0.0
1616868900.0,0.0
1616869800.0,0.0
1616870700.0,0.0
1616871600.0,0.0
1616872500.0,0.0
1616873400.0,0.0
1616874300.0,0.0
1616875200.0,0.0
1616876100.0,0.0
1616877000.0,0.0
1616877900.0,0.0
1616878800.0,0.0
1616879700.0,0.0
1616880600.0,0.0
1616881500.0,0.0
1616882400.0,0.0
1616883300.0,0.0
1616884200.0,0.0
1616885100.0,0.0
1616886000.0,0.0
1616886900.0,0.0
1616887800.0,0.0
1616888700.0,0.0
1616889600.0,0.0
1616890500.0,0.0
1616891400.0,0.0
1616892300.0,0.0
1616893200.0,0.0
1616894100.0,0.0
1616895000.0,0.0
1616895900.0,0.0
1616896800.0,0.0
1616897700.0,0.0
1616898600.0,0.0
1616899500.0,0.0
1616900400.0,0.0
1616901300.0,0.0
1616902200.0,0.0
1616903100.0,0.0
1616904000.0,0.0
1616904900.0,0.0
1616905800.0,0.0
1616906700.0,0.0
1616907600.0,0.0
1616908500.0,0.003846153846153846
1616909400.0,0.019230769230769232
1616910300.0,0.039999999999999994
1616911200.0,0.05
1616912100.0,0.06076923076923077
1616913000.0,0.09692307692307692
1616913900.0,0.11307692307692306
1616914800.0,0.14076923076923076
1616915700.0,0.17461538461538462
1616916600.0,0.21307692307692308
1616917500.0,0.36
1616918400.0,0.4546153846153846
1616919300.0,0.5492307692307692
1616920200.0,0.58
1616921100.0,0.49
1616922000.0,0.5961538461538461
1616922900.0,0.5546153846153846
1616923800.0,0.573076923076923
1616924700.0,0.5676923076923077
1616925600.0,0.663076923076923
1616926500.0,0.7246153846153846
1616927400.0,0.6523076923076923
1616928300.0,0.7146153846153847
1616929200.0,0.7192307692307692
1616930100.0,0.6776923076923077
1616931000.0,0.6553846153846153
1616931900.0,0.6553846153846153
1616932800.0,0.5930769230769231
1616933700.0,0.5984615384615385
1616934600.0,0.5523076923076923
1616935500.0,0.5069230769230769
1616936400.0,0.5076923076923077
1616937300.0,0.4930769230769231
1616938200.0,0.4492307692307692
1616939100.0,0.39384615384615385
1616940000.0,0.3453846153846154
1616940900.0,0.2815384615384615
1616941800.0,0.24461538461538462
1616942700.0,0.19307692307692306
1616943600.0,0.1392307692307692
1616944500.0,0.09076923076923075
1616945400.0,0.05461538461538461
1616946300.0,0.03923076923076923
1616947200.0,0.03
1616948100.0,0.02769230769230769
1616949000.0,0.021538461538461538
1616949900.0,0.010769230769230769
1616950800.0,0.005384615384615384
1616951700.0,0.0
1616952600.0,0.0
1616953500.0,0.0
1616954400.0,0.0
1616955300.0,0.0
1616956200.0,0.0
1616957100.0,0.0
1616958000.0,0.0
1616958900.0,0.0
1616959800.0,0.0
1616960700.0,0.0
1616961600.0,0.0
1616962500.0,0.0
1616963400.0,0.0
1616964300.0,0.0
1616965200.0,0.0
1616966100.0,0.0
1616967000.0,0.0
1616967900.0,0.0
1616968800.0,0.0
1616969700.0,0.0
1616970600.0,0.0
1616971500.0,0.0
1616972400.0,0.0
1616973300.0,0.0
1616974200.0,0.0
1616975100.0,0.0
1616976000.0,0.0
1616976900.0,0.0
1616977800.0,0.0
1616978700.0,0.0
1616979600.0,0.0
1616980500.0,0.0
1616981400.0,0.0
1616982300.0,0.0
1616983200.0,0.0
1616984100.0,0.0
1616985000.0,0.0
1616985900.0,0.0
1616986800.0,0.0
1616987700.0,0.0
1616988600.0,0.0
1616989500.0,0.0
1616990400.0,0.0
1616991300.0,0.0
1616992200.0,0.0
1616993100.0,0.0
1616994000.0,0.0
1616994900.0,0.0007692307692307692
1616995800.0,0.00923076923076923
1616996700.0,0.016923076923076923
1616997600.0,0.025384615384615384
1616998500.0,0.033846153846153845
1616999400.0,0.043076923076923075
1617000300.0,0.05076923076923077
1617001200.0,0.06538461538461539
1617002100.0,0.10384615384615385
1617003000.0,0.22153846153846152
1617003900.0,0.3792307692307692
1617004800.0,0.49615384615384617
1617005700.0,0.5938461538461538
1617006600.0,0.6584615384615384
1617007500.0,0.6661538461538461
1617008400.0,0.6869230769230769
1617009300.0,0.7107692307692308
1617010200.0,0.7192307692307692
1617011100.0,0.726153846153846
1617012000.0,0.7415384615384615
1617012900.0,0.6746153846153846
1617013800.0,0.7330769230769231
1617014700.0,0.7023076923076923
1617015600.0,0.643076923076923
1617016500.0,0.6853846153846154
1617017400.0,0.6676923076923077
1617018300.0,0.6407692307692308
1617019200.0,0.6107692307692307
1617020100.0,0.5992307692307692
1617021000.0,0.5646153846153846
1617021900.0,0.5384615384615384
1617022800.0,0.5
1617023700.0,0.45999999999999996
1617024600.0,0.42692307692307696
1617025500.0,0.38846153846153847
1617026400.0,0.33615384615384614
1617027300.0,0.28846153846153844
1617028200.0,0.23769230769230767
1617029100.0,0.18769230769230769
1617030000.0,0.13999999999999999
1617030900.0,0.10153846153846154
1617031800.0,0.07307692307692308
1617032700.0,0.05230769230769231
1617033600.0,0.04153846153846154
1617034500.0,0.031538461538461536
1617035400.0,0.01846153846153846
1617036300.0,0.016153846153846154
1617037200.0,0.007692307692307692
1617038100.0,0.0007692307692307692
1617039000.0,0.0
1617039900.0,0.0
1617040800.0,0.0
1617041700.0,0.0
1617042600.0,0.0
1617043500.0,0.0
1617044400.0,0.0
1617045300.0,0.0
1617046200.0,0.0
1617047100.0,0.0
1617048000.0,0.0
1617048900.0,0.0
1617049800.0,0.0
1617050700.0,0.0
1617051600.0,0.0
1617052500.0,0.0
1617053400.0,0.0
1617054300.0,0.0
1617055200.0,0.0
1617056100.0,0.0
1617057000.0,0.0
1617057900.0,0.0
1617058800.0,0.0
1617059700.0,0.0
1617060600.0,0.0
1617061500.0,0.0
1617062400.0,0.0
1617063300.0,0.0
1617064200.0,0.0
1617065100.0,0.0
1617066000.0,0.0
1617066900.0,0.0
1617067800.0,0.0
1617068700.0,0.0
1617069600.0,0.0
1617070500.0,0.0
1617071400.0,0.0
1617072300.0,0.0
1617073200.0,0.0
1617074100.0,0.0
1617075000.0,0.0
1617075900.0,0.0
1617076800.0,0.0
1617077700.0,0.0
1617078600.0,0.0
1617079500.0,0.0
1617080400.0,0.0
1617081300.0,0.004615384615384615
1617082200.0,0.012307692307692308
1617083100.0,0.01846153846153846
1617084000.0,0.024615384615384615
1617084900.0,0.03230769230769231
1617085800.0,0.03769230769230769
1617086700.0,0.0423076923076923
1617087600.0,0.04846153846153846
1617088500.0,0.10307692307692308
1617089400.0,0.24769230769230768
1617090300.0,0.39692307692307693
1617091200.0,0.51
1617092100.0,0.6
1617093000.0,0.6523076923076923
1617093900.0,0.6576923076923077
1617094800.0,0.6761538461538461
1617095700.0,0.6907692307692308
1617096600.0,0.6923076923076923
1617097500.0,0.6676923076923077
1617098400.0,0.6838461538461539
1617099300.0,0.6915384615384615
1617100200.0,0.6161538461538462
1617101100.0,0.6761538461538461
1617102000.0,0.6776923076923077
1617102900.0,0.673076923076923
1617103800.0,0.6569230769230768
1617104700.0,0.6369230769230768
1617105600.0,0.6153846153846154
1617106500.0,0.59
1617107400.0,0.5623076923076923
1617108300.0,0.5338461538461537
1617109200.0,0.5061538461538462
1617110100.0,0.4715384615384615
1617111000.0,0.4284615384615385
1617111900.0,0.3892307692307692
1617112800.0,0.3415384615384615
1617113700.0,0.2915384615384615
1617114600.0,0.24
1617115500.0,0.18692307692307691
1617116400.0,0.13615384615384615
1617117300.0,0.0923076923076923
1617118200.0,0.05769230769230769
1617119100.0,0.038461538461538464
1617120000.0,0.03
1617120900.0,0.025384615384615384
1617121800.0,0.019999999999999997
1617122700.0,0.014615384615384615
1617123600.0,0.007692307692307692
1617124500.0,0.0023076923076923075
1617125400.0,0.0
1617126300.0,0.0
1617127200.0,0.0
1617128100.0,0.0
1617129000.0,0.0
1617129900.0,0.0
1617130800.0,0.0
1617131700.0,0.0
1617132600.0,0.0
1617133500.0,0.0
1617134400.0,0.0
1617135300.0,0.0
1617136200.0,0.0
1617137100.0,0.0
1617138000.0,0.0
1617138900.0,0.0
1617139800.0,0.0
1617140700.0,0.0
1617141600.0,0.0
1617142500.0,0.0
1617143400.0,0.0
1617144300.0,0.0
1617145200.0,0.0
1617146100.0,0.0
1617147000.0,0.0
1617147900.0,0.0
1617148800.0,0.0
1617149700.0,0.0
1617150600.0,0.0
1617151500.0,0.0
1617152400.0,0.0
1617153300.0,0.0
1617154200.0,0.0
1617155100.0,0.0
1617156000.0,0.0
1617156900.0,0.0
1617157800.0,0.0
1617158700.0,0.0
1617159600.0,0.0
1617160500.0,0.0
1617161400.0,0.0
1617162300.0,0.0
1617163200.0,0.0
1617164100.0,0.0
1617165000.0,0.0
1617165900.0,0.0
1617166800.0,0.0
1617167700.0,0.005384615384615384
1617168600.0,0.013076923076923078
1617169500.0,0.01769230769230769
1617170400.0,0.025384615384615384
1617171300.0,0.030769230769230767
1617172200.0,0.036153846153846154
1617173100.0,0.03923076923076923
1617174000.0,0.04615384615384615
1617174900.0,0.10461538461538462
1617175800.0,0.2523076923076923
1617176700.0,0.3976923076923077
1617177600.0,0.5138461538461538
1617178500.0,0.6061538461538462
1617179400.0,0.6553846153846153
1617180300.0,0.6746153846153846
1617181200.0,0.6869230769230769
1617182100.0,0.6946153846153846
1617183000.0,0.6976923076923077
1617183900.0,0.6992307692307692
1617184800.0,0.7
1617185700.0,0.6938461538461539
1617186600.0,0.6846153846153846
1617187500.0,0.6799999999999999
1617188400.0,0.6699999999999999
1617189300.0,0.6615384615384615
1617190200.0,0.643076923076923
1617191100.0,0.6215384615384616
1617192000.0,0.5992307692307692
1617192900.0,0.58
1617193800.0,0.5553846153846154
1617194700.0,0.5246153846153846
1617195600.0,0.4930769230769231
1617196500.0,0.4546153846153846
1617197400.0,0.4184615384615385
1617198300.0,0.3746153846153846
1617199200.0,0.3284615384615384
1617200100.0,0.2784615384615384
1617201000.0,0.22999999999999998
1617201900.0,0.18076923076923077
1617202800.0,0.13307692307692306
1617203700.0,0.09307692307692307
1617204600.0,0.061538461538461535
1617205500.0,0.04461538461538462
1617206400.0,0.03461538461538461
1617207300.0,0.02923076923076923
1617208200.0,0.021538461538461538
1617209100.0,0.016153846153846154
1617210000.0,0.008461538461538461
1617210900.0,0.003076923076923077
1617211800.0,0.0
1617212700.0,0.0
1617213600.0,0.0
1617214500.0,0.0
1617215400.0,0.0
1617216300.0,0.0
1617217200.0,0.0
1617218100.0,0.0
1617219000.0,0.0
1617219900.0,0.0
1617220800.0,0.0
1617221700.0,0.0
1617222600.0,0.0
1617223500.0,0.0
1617224400.0,0.0
1617225300.0,0.0
1617226200.0,0.0
1617227100.0,0.0
