timestamp,power
1598911200,1
1598912100,1
1598913000,1
1598913900,1
1598914800,1
1598915700,1
1598916600,1
1598917500,1
1598918400,1
1598919300,1
1598920200,1
1598921100,1
1598922000,1
1598922900,1
1598923800,1
1598924700,1
1598925600,1
1598926500,1
1598927400,1
1598928300,1
1598929200,1
1598930100,1
1598931000,1
1598931900,1
1598932800,1
1598933700,1
1598934600,1
1598935500,1
1598936400,1
1598937300,1
1598938200,1
1598939100,1
1598940000,1
1598940900,1
1598941800,1
1598942700,1
1598943600,1
1598944500,1
1598945400,1
1598946300,1
1598947200,1
1598948100,1
1598949000,1
1598949900,1
1598950800,1
1598951700,1
1598952600,1
1598953500,1
1598954400,1
1598955300,1
1598956200,1
1598957100,1
1598958000,1
1598958900,1
1598959800,1
1598960700,1
1598961600,1
1598962500,1
1598963400,1
1598964300,1
1598965200,1
1598966100,1
1598967000,1
1598967900,1
1598968800,1
1598969700,1
1598970600,1
1598971500,1
1598972400,1
1598973300,1
1598974200,1
1598975100,1
1598976000,1
1598976900,1
1598977800,1
1598978700,1
1598979600,1
1598980500,1
1598981400,1
1598982300,1
1598983200,1
1598984100,1
1598985000,1
1598985900,1
1598986800,1
1598987700,1
1598988600,1
1598989500,1
1598990400,1
1598991300,1
1598992200,1
1598993100,1
1598994000,1
1598994900,1
1598995800,1
1598996700,1
1598997600,1
1598998500,1
1598999400,1
1599000300,1
1599001200,1
1599002100,1
1599003000,1
1599003900,1
1599004800,1
1599005700,1
1599006600,1
1599007500,1
1599008400,1
1599009300,1
1599010200,1
1599011100,1
1599012000,1
1599012900,1
1599013800,1
1599014700,1
1599015600,1
1599016500,1
1599017400,1
1599018300,1
1599019200,1
1599020100,1
1599021000,1
1599021900,1
1599022800,1
1599023700,1
1599024600,1
1599025500,1
1599026400,1
1599027300,1
1599028200,1
1599029100,1
1599030000,1
1599030900,1
1599031800,1
1599032700,1
1599033600,1
1599034500,1
1599035400,1
1599036300,1
1599037200,1
1599038100,1
1599039000,1
1599039900,1
1599040800,1
1599041700,1
1599042600,1
1599043500,1
1599044400,1
1599045300,1
1599046200,1
1599047100,1
1599048000,1
1599048900,1
1599049800,1
1599050700,1
1599051600,1
1599052500,1
1599053400,1
1599054300,1
1599055200,1
1599056100,1
1599057000,1
1599057900,1
1599058800,1
1599059700,1
1599060600,1
1599061500,1
1599062400,1
1599063300,1
1599064200,1
1599065100,1
1599066000,1
1599066900,1
1599067800,1
1599068700,1
1599069600,1
1599070500,1
1599071400,1
1599072300,1
1599073200,1
1599074100,1
1599075000,1
1599075900,1
1599076800,1
1599077700,1
1599078600,1
1599079500,1
1599080400,1
1599081300,1
1599082200,1
1599083100,1
1599084000,1
1599084900,1
1599085800,1
1599086700,1
1599087600,1
1599088500,1
1599089400,1
1599090300,1
1599091200,1
1599092100,1
1599093000,1
1599093900,1
1599094800,1
1599095700,1
1599096600,1
1599097500,1
1599098400,1
1599099300,1
1599100200,1
1599101100,1
1599102000,1
1599102900,1
1599103800,1
1599104700,1
1599105600,1
1599106500,1
1599107400,1
1599108300,1
1599109200,1
1599110100,1
1599111000,1
1599111900,1
1599112800,1
1599113700,1
1599114600,1
1599115500,1
1599116400,1
1599117300,1
1599118200,1
1599119100,1
1599120000,1
1599120900,1
1599121800,1
1599122700,1
1599123600,1
1599124500,1
1599125400,1
1599126300,1
1599127200,1
1599128100,1
1599129000,1
1599129900,1
1599130800,1
1599131700,1
1599132600,1
1599133500,1
1599134400,1
1599135300,1
1599136200,1
1599137100,1
1599138000,1
1599138900,1
1599139800,1
1599140700,1
1599141600,1
1599142500,1
1599143400,1
1599144300,1
1599145200,1
1599146100,1
1599147000,1
1599147900,1
1599148800,1
1599149700,1
1599150600,1
1599151500,1
1599152400,1
1599153300,1
1599154200,1
1599155100,1
1599156000,1
1599156900,1
1599157800,1
1599158700,1
1599159600,1
1599160500,1
1599161400,1
1599162300,1
1599163200,1
1599164100,1
1599165000,1
1599165900,1
1599166800,1
1599167700,1
1599168600,1
1599169500,1
1599170400,1
1599171300,1
1599172200,1
1599173100,1
1599174000,1
1599174900,1
1599175800,1
1599176700,1
1599177600,1
1599178500,1
1599179400,1
1599180300,1
1599181200,1
1599182100,1
1599183000,1
1599183900,1
1599184800,1
1599185700,1
1599186600,1
1599187500,1
1599188400,1
1599189300,1
1599190200,1
1599191100,1
1599192000,1
1599192900,1
1599193800,1
1599194700,1
1599195600,1
1599196500,1
1599197400,1
1599198300,1
1599199200,1
1599200100,1
1599201000,1
1599201900,1
1599202800,1
1599203700,1
1599204600,1
1599205500,1
1599206400,1
1599207300,1
1599208200,1
1599209100,1
1599210000,1
1599210900,1
1599211800,1
1599212700,1
1599213600,1
1599214500,1
1599215400,1
1599216300,1
1599217200,1
1599218100,1
1599219000,1
1599219900,1
1599220800,1
1599221700,1
1599222600,1
1599223500,1
1599224400,1
1599225300,1
1599226200,1
1599227100,1
1599228000,1
1599228900,1
1599229800,1
1599230700,1
1599231600,1
1599232500,1
1599233400,1
1599234300,1
1599235200,1
1599236100,1
1599237000,1
1599237900,1
1599238800,1
1599239700,1
1599240600,1
1599241500,1
1599242400,1
1599243300,1
1599244200,1
1599245100,1
1599246000,1
1599246900,1
1599247800,1
1599248700,1
1599249600,1
1599250500,1
1599251400,1
1599252300,1
1599253200,1
1599254100,1
1599255000,1
1599255900,1
1599256800,1
1599257700,1
1599258600,1
1599259500,1
1599260400,1
1599261300,1
1599262200,1
1599263100,1
1599264000,1
1599264900,1
1599265800,1
1599266700,1
1599267600,1
1599268500,1
1599269400,1
1599270300,1
1599271200,1
1599272100,1
1599273000,1
1599273900,1
1599274800,1
1599275700,1
1599276600,1
1599277500,1
1599278400,1
1599279300,1
1599280200,1
1599281100,1
1599282000,1
1599282900,1
1599283800,1
1599284700,1
1599285600,1
1599286500,1
1599287400,1
1599288300,1
1599289200,1
1599290100,1
1599291000,1
1599291900,1
1599292800,1
1599293700,1
1599294600,1
1599295500,1
1599296400,1
1599297300,1
1599298200,1
1599299100,1
1599300000,1
1599300900,1
1599301800,1
1599302700,1
1599303600,1
1599304500,1
1599305400,1
1599306300,1
1599307200,1
1599308100,1
1599309000,1
1599309900,1
1599310800,1
1599311700,1
1599312600,1
1599313500,1
1599314400,1
1599315300,1
1599316200,1
1599317100,1
1599318000,1
1599318900,1
1599319800,1
1599320700,1
1599321600,1
1599322500,1
1599323400,1
1599324300,1
1599325200,1
1599326100,1
1599327000,1
1599327900,1
1599328800,1
1599329700,1
1599330600,1
1599331500,1
1599332400,1
1599333300,1
1599334200,1
1599335100,1
1599336000,1
1599336900,1
1599337800,1
1599338700,1
1599339600,1
1599340500,1
1599341400,1
1599342300,1
1599343200,1
1599344100,1
1599345000,1
1599345900,1
1599346800,1
1599347700,1
1599348600,1
1599349500,1
1599350400,1
1599351300,1
1599352200,1
1599353100,1
1599354000,1
1599354900,1
1599355800,1
1599356700,1
1599357600,1
1599358500,1
1599359400,1
1599360300,1
1599361200,1
1599362100,1
1599363000,1
1599363900,1
1599364800,1
1599365700,1
1599366600,1
1599367500,1
1599368400,1
1599369300,1
1599370200,1
1599371100,1
1599372000,1
1599372900,1
1599373800,1
1599374700,1
1599375600,1
1599376500,1
1599377400,1
1599378300,1
1599379200,1
1599380100,1
1599381000,1
1599381900,1
1599382800,1
1599383700,1
1599384600,1
1599385500,1
1599386400,1
1599387300,1
1599388200,1
1599389100,1
1599390000,1
1599390900,1
1599391800,1
1599392700,1
1599393600,1
1599394500,1
1599395400,1
1599396300,1
1599397200,1
1599398100,1
1599399000,1
1599399900,1
1599400800,1
1599401700,1
1599402600,1
1599403500,1
1599404400,1
1599405300,1
1599406200,1
1599407100,1
1599408000,1
1599408900,1
1599409800,1
1599410700,1
1599411600,1
1599412500,1
1599413400,1
1599414300,1
1599415200,1
1599416100,1
1599417000,1
1599417900,1
1599418800,1
1599419700,1
1599420600,1
1599421500,1
1599422400,1
1599423300,1
1599424200,1
1599425100,1
1599426000,1
1599426900,1
1599427800,1
1599428700,1
1599429600,1
1599430500,1
1599431400,1
1599432300,1
1599433200,1
1599434100,1
1599435000,1
1599435900,1
1599436800,1
1599437700,1
1599438600,1
1599439500,1
1599440400,1
1599441300,1
1599442200,1
1599443100,1
1599444000,1
1599444900,1
1599445800,1
1599446700,1
1599447600,1
1599448500,1
1599449400,1
1599450300,1
1599451200,1
1599452100,1
1599453000,1
1599453900,1
1599454800,1
1599455700,1
1599456600,1
1599457500,1
1599458400,1
1599459300,1
1599460200,1
1599461100,1
1599462000,1
1599462900,1
1599463800,1
1599464700,1
1599465600,1
1599466500,1
1599467400,1
1599468300,1
1599469200,1
1599470100,1
1599471000,1
1599471900,1
1599472800,1
1599473700,1
1599474600,1
1599475500,1
1599476400,1
1599477300,1
1599478200,1
1599479100,1
1599480000,1
1599480900,1
1599481800,1
1599482700,1
1599483600,1
1599484500,1
1599485400,1
1599486300,1
1599487200,1
1599488100,1
1599489000,1
1599489900,1
1599490800,1
1599491700,1
1599492600,1
1599493500,1
1599494400,1
1599495300,1
1599496200,1
1599497100,1
1599498000,1
1599498900,1
1599499800,1
1599500700,1
1599501600,1
1599502500,1
1599503400,1
1599504300,1
1599505200,1
1599506100,1
1599507000,1
1599507900,1
1599508800,1
1599509700,1
1599510600,1
1599511500,1
1599512400,1
1599513300,1
1599514200,1
1599515100,1
1599516000,1
1599516900,1
1599517800,1
1599518700,1
1599519600,1
1599520500,1
1599521400,1
1599522300,1
1599523200,1
1599524100,1
1599525000,1
1599525900,1
1599526800,1
1599527700,1
1599528600,1
1599529500,1
1599530400,1
1599531300,1
1599532200,1
1599533100,1
1599534000,1
1599534900,1
1599535800,1
1599536700,1
1599537600,1
1599538500,1
1599539400,1
1599540300,1
1599541200,1
1599542100,1
1599543000,1
1599543900,1
1599544800,1
1599545700,1
1599546600,1
1599547500,1
1599548400,1
1599549300,1
1599550200,1
1599551100,1
1599552000,1
1599552900,1
1599553800,1
1599554700,1
1599555600,1
1599556500,1
1599557400,1
1599558300,1
1599559200,1
1599560100,1
1599561000,1
1599561900,1
1599562800,1
1599563700,1
1599564600,1
1599565500,1
1599566400,1
1599567300,1
1599568200,1
1599569100,1
1599570000,1
1599570900,1
1599571800,1
1599572700,1
1599573600,1
1599574500,1
1599575400,1
1599576300,1
1599577200,1
1599578100,1
1599579000,1
1599579900,1
1599580800,1
1599581700,1
1599582600,1
1599583500,1
1599584400,1
1599585300,1
1599586200,1
1599587100,1
1599588000,1
1599588900,1
1599589800,1
1599590700,1
1599591600,1
1599592500,1
1599593400,1
1599594300,1
1599595200,1
1599596100,1
1599597000,1
1599597900,1
1599598800,1
1599599700,1
1599600600,1
1599601500,1
1599602400,1
1599603300,1
1599604200,1
1599605100,1
1599606000,1
1599606900,1
1599607800,1
1599608700,1
1599609600,1
1599610500,1
1599611400,1
1599612300,1
1599613200,1
1599614100,1
1599615000,1
1599615900,1
1599616800,1
1599617700,1
1599618600,1
1599619500,1
1599620400,1
1599621300,1
1599622200,1
1599623100,1
1599624000,1
1599624900,1
1599625800,1
1599626700,1
1599627600,1
1599628500,1
1599629400,1
1599630300,1
1599631200,1
1599632100,1
1599633000,1
1599633900,1
1599634800,1
1599635700,1
1599636600,1
1599637500,1
1599638400,1
1599639300,1
1599640200,1
1599641100,1
1599642000,1
1599642900,1
1599643800,1
1599644700,1
1599645600,1
1599646500,1
1599647400,1
1599648300,1
1599649200,1
1599650100,1
1599651000,1
1599651900,1
1599652800,1
1599653700,1
1599654600,1
1599655500,1
1599656400,1
1599657300,1
1599658200,1
1599659100,1
1599660000,1
1599660900,1
1599661800,1
1599662700,1
1599663600,1
1599664500,1
1599665400,1
1599666300,1
1599667200,1
1599668100,1
1599669000,1
1599669900,1
1599670800,1
1599671700,1
1599672600,1
1599673500,1
1599674400,1
1599675300,1
1599676200,1
1599677100,1
1599678000,1
1599678900,1
1599679800,1
1599680700,1
1599681600,1
1599682500,1
1599683400,1
1599684300,1
1599685200,1
1599686100,1
1599687000,1
1599687900,1
1599688800,1
1599689700,1
1599690600,1
1599691500,1
1599692400,1
1599693300,1
1599694200,1
1599695100,1
1599696000,1
1599696900,1
1599697800,1
1599698700,1
1599699600,1
1599700500,1
1599701400,1
1599702300,1
1599703200,1
1599704100,1
1599705000,1
1599705900,1
1599706800,1
1599707700,1
1599708600,1
1599709500,1
1599710400,1
1599711300,1
1599712200,1
1599713100,1
1599714000,1
1599714900,1
1599715800,1
1599716700,1
1599717600,1
1599718500,1
1599719400,1
1599720300,1
1599721200,1
1599722100,1
1599723000,1
1599723900,1
1599724800,1
1599725700,1
1599726600,1
1599727500,1
1599728400,1
1599729300,1
1599730200,1
1599731100,1
1599732000,1
1599732900,1
1599733800,1
1599734700,1
1599735600,1
1599736500,1
1599737400,1
1599738300,1
1599739200,1
1599740100,1
1599741000,1
1599741900,1
1599742800,1
1599743700,1
1599744600,1
1599745500,1
1599746400,1
1599747300,1
1599748200,1
1599749100,1
1599750000,1
1599750900,1
1599751800,1
1599752700,1
1599753600,1
1599754500,1
1599755400,1
1599756300,1
1599757200,1
1599758100,1
1599759000,1
1599759900,1
1599760800,1
1599761700,1
1599762600,1
1599763500,1
1599764400,1
1599765300,1
1599766200,1
1599767100,1
1599768000,1
1599768900,1
1599769800,1
1599770700,1
1599771600,1
1599772500,1
1599773400,1
1599774300,1
1599775200,1
1599776100,1
1599777000,1
1599777900,1
1599778800,1
1599779700,1
1599780600,1
1599781500,1
1599782400,1
1599783300,1
1599784200,1
1599785100,1
1599786000,1
1599786900,1
1599787800,1
1599788700,1
1599789600,1
1599790500,1
1599791400,1
1599792300,1
1599793200,1
1599794100,1
1599795000,1
1599795900,1
1599796800,1
1599797700,1
1599798600,1
1599799500,1
1599800400,1
1599801300,1
1599802200,1
1599803100,1
1599804000,1
1599804900,1
1599805800,1
1599806700,1
1599807600,1
1599808500,1
1599809400,1
1599810300,1
1599811200,1
1599812100,1
1599813000,1
1599813900,1
1599814800,1
1599815700,1
1599816600,1
1599817500,1
1599818400,1
1599819300,1
1599820200,1
1599821100,1
1599822000,1
1599822900,1
1599823800,1
1599824700,1
1599825600,1
1599826500,1
1599827400,1
1599828300,1
1599829200,1
1599830100,1
1599831000,1
1599831900,1
1599832800,1
1599833700,1
1599834600,1
1599835500,1
1599836400,1
1599837300,1
1599838200,1
1599839100,1
1599840000,1
1599840900,1
1599841800,1
1599842700,1
1599843600,1
1599844500,1
1599845400,1
1599846300,1
1599847200,1
1599848100,1
1599849000,1
1599849900,1
1599850800,1
1599851700,1
1599852600,1
1599853500,1
1599854400,1
1599855300,1
1599856200,1
1599857100,1
1599858000,1
1599858900,1
1599859800,1
1599860700,1
1599861600,1
1599862500,1
1599863400,1
1599864300,1
1599865200,1
1599866100,1
1599867000,1
1599867900,1
1599868800,1
1599869700,1
1599870600,1
1599871500,1
1599872400,1
1599873300,1
1599874200,1
1599875100,1
1599876000,1
1599876900,1
1599877800,1
1599878700,1
1599879600,1
1599880500,1
1599881400,1
1599882300,1
1599883200,1
1599884100,1
1599885000,1
1599885900,1
1599886800,1
1599887700,1
1599888600,1
1599889500,1
1599890400,1
1599891300,1
1599892200,1
1599893100,1
1599894000,1
1599894900,1
1599895800,1
1599896700,1
1599897600,1
1599898500,1
1599899400,1
1599900300,1
1599901200,1
1599902100,1
1599903000,1
1599903900,1
1599904800,1
1599905700,1
1599906600,1
1599907500,1
1599908400,1
1599909300,1
1599910200,1
1599911100,1
1599912000,1
1599912900,1
1599913800,1
1599914700,1
1599915600,1
1599916500,1
1599917400,1
1599918300,1
1599919200,1
1599920100,1
1599921000,1
1599921900,1
1599922800,1
1599923700,1
1599924600,1
1599925500,1
1599926400,1
1599927300,1
1599928200,1
1599929100,1
1599930000,1
1599930900,1
1599931800,1
1599932700,1
1599933600,1
1599934500,1
1599935400,1
1599936300,1
1599937200,1
1599938100,1
1599939000,1
1599939900,1
1599940800,1
1599941700,1
1599942600,1
1599943500,1
1599944400,1
1599945300,1
1599946200,1
1599947100,1
1599948000,1
1599948900,1
1599949800,1
1599950700,1
1599951600,1
1599952500,1
1599953400,1
1599954300,1
1599955200,1
1599956100,1
1599957000,1
1599957900,1
1599958800,1
1599959700,1
1599960600,1
1599961500,1
1599962400,1
1599963300,1
1599964200,1
1599965100,1
1599966000,1
1599966900,1
1599967800,1
1599968700,1
1599969600,1
1599970500,1
1599971400,1
1599972300,1
1599973200,1
1599974100,1
1599975000,1
1599975900,1
1599976800,1
1599977700,1
1599978600,1
1599979500,1
1599980400,1
1599981300,1
1599982200,1
1599983100,1
1599984000,1
1599984900,1
1599985800,1
1599986700,1
1599987600,1
1599988500,1
1599989400,1
1599990300,1
1599991200,1
1599992100,1
1599993000,1
1599993900,1
1599994800,1
1599995700,1
1599996600,1
1599997500,1
1599998400,1
1599999300,1
1600000200,1
1600001100,1
1600002000,1
1600002900,1
1600003800,1
1600004700,1
1600005600,1
1600006500,1
1600007400,1
1600008300,1
1600009200,1
1600010100,1
1600011000,1
1600011900,1
1600012800,1
1600013700,1
1600014600,1
1600015500,1
1600016400,1
1600017300,1
1600018200,1
1600019100,1
1600020000,1
1600020900,1
1600021800,1
1600022700,1
1600023600,1
1600024500,1
1600025400,1
1600026300,1
1600027200,1
1600028100,1
1600029000,1
1600029900,1
1600030800,1
1600031700,1
1600032600,1
1600033500,1
1600034400,1
1600035300,1
1600036200,1
1600037100,1
1600038000,1
1600038900,1
1600039800,1
1600040700,1
1600041600,1
1600042500,1
1600043400,1
1600044300,1
1600045200,1
1600046100,1
1600047000,1
1600047900,1
1600048800,1
1600049700,1
1600050600,1
1600051500,1
1600052400,1
1600053300,1
1600054200,1
1600055100,1
1600056000,1
1600056900,1
1600057800,1
1600058700,1
1600059600,1
1600060500,1
1600061400,1
1600062300,1
1600063200,1
1600064100,1
1600065000,1
1600065900,1
1600066800,1
1600067700,1
1600068600,1
1600069500,1
1600070400,1
1600071300,1
1600072200,1
1600073100,1
1600074000,1
1600074900,1
1600075800,1
1600076700,1
1600077600,1
1600078500,1
1600079400,1
1600080300,1
1600081200,1
1600082100,1
1600083000,1
1600083900,1
1600084800,1
1600085700,1
1600086600,1
1600087500,1
1600088400,1
1600089300,1
1600090200,1
1600091100,1
1600092000,1
1600092900,1
1600093800,1
1600094700,1
1600095600,1
1600096500,1
1600097400,1
1600098300,1
1600099200,1
1600100100,1
1600101000,1
1600101900,1
1600102800,1
1600103700,1
1600104600,1
1600105500,1
1600106400,1
1600107300,1
1600108200,1
1600109100,1
1600110000,1
1600110900,1
1600111800,1
1600112700,1
1600113600,1
1600114500,1
1600115400,1
1600116300,1
1600117200,1
1600118100,1
1600119000,1
1600119900,1
1600120800,1
1600121700,1
1600122600,1
1600123500,1
1600124400,1
1600125300,1
1600126200,1
1600127100,1
1600128000,1
1600128900,1
1600129800,1
1600130700,1
1600131600,1
1600132500,1
1600133400,1
1600134300,1
1600135200,1
1600136100,1
1600137000,1
1600137900,1
1600138800,1
1600139700,1
1600140600,1
1600141500,1
1600142400,1
1600143300,1
1600144200,1
1600145100,1
1600146000,1
1600146900,1
1600147800,1
1600148700,1
1600149600,1
1600150500,1
1600151400,1
1600152300,1
1600153200,1
1600154100,1
1600155000,1
1600155900,1
1600156800,1
1600157700,1
1600158600,1
1600159500,1
1600160400,1
1600161300,1
1600162200,1
1600163100,1
1600164000,1
1600164900,1
1600165800,1
1600166700,1
1600167600,1
1600168500,1
1600169400,1
1600170300,1
1600171200,1
1600172100,1
1600173000,1
1600173900,1
1600174800,1
1600175700,1
1600176600,1
1600177500,1
1600178400,1
1600179300,1
1600180200,1
1600181100,1
1600182000,1
1600182900,1
1600183800,1
1600184700,1
1600185600,1
1600186500,1
1600187400,1
1600188300,1
1600189200,1
1600190100,1
1600191000,1
1600191900,1
1600192800,1
1600193700,1
1600194600,1
1600195500,1
1600196400,1
1600197300,1
1600198200,1
1600199100,1
1600200000,1
1600200900,1
1600201800,1
1600202700,1
1600203600,1
1600204500,1
1600205400,1
1600206300,1
1600207200,1
1600208100,1
1600209000,1
1600209900,1
1600210800,1
1600211700,1
1600212600,1
1600213500,1
1600214400,1
1600215300,1
1600216200,1
1600217100,1
1600218000,1
1600218900,1
1600219800,1
1600220700,1
1600221600,1
1600222500,1
1600223400,1
1600224300,1
1600225200,1
1600226100,1
1600227000,1
1600227900,1
1600228800,1
1600229700,1
1600230600,1
1600231500,1
1600232400,1
1600233300,1
1600234200,1
1600235100,1
1600236000,1
1600236900,1
1600237800,1
1600238700,1
1600239600,1
1600240500,1
1600241400,1
1600242300,1
1600243200,1
1600244100,1
1600245000,1
1600245900,1
1600246800,1
1600247700,1
1600248600,1
1600249500,1
1600250400,1
1600251300,1
1600252200,1
1600253100,1
1600254000,1
1600254900,1
1600255800,1
1600256700,1
1600257600,1
1600258500,1
1600259400,1
1600260300,1
1600261200,1
1600262100,1
1600263000,1
1600263900,1
1600264800,1
1600265700,1
1600266600,1
1600267500,1
1600268400,1
1600269300,1
1600270200,1
1600271100,1
1600272000,1
1600272900,1
1600273800,1
1600274700,1
1600275600,1
1600276500,1
1600277400,1
1600278300,1
1600279200,1
1600280100,1
1600281000,1
1600281900,1
1600282800,1
1600283700,1
1600284600,1
1600285500,1
1600286400,1
1600287300,1
1600288200,1
1600289100,1
1600290000,1
1600290900,1
1600291800,1
1600292700,1
1600293600,1
1600294500,1
1600295400,1
1600296300,1
1600297200,1
1600298100,1
1600299000,1
1600299900,1
1600300800,1
1600301700,1
1600302600,1
1600303500,1
1600304400,1
1600305300,1
1600306200,1
1600307100,1
1600308000,1
1600308900,1
1600309800,1
1600310700,1
1600311600,1
1600312500,1
1600313400,1
1600314300,1
1600315200,1
1600316100,1
1600317000,1
1600317900,1
1600318800,1
1600319700,1
1600320600,1
1600321500,1
1600322400,1
1600323300,1
1600324200,1
1600325100,1
1600326000,1
1600326900,1
1600327800,1
1600328700,1
1600329600,1
1600330500,1
1600331400,1
1600332300,1
1600333200,1
1600334100,1
1600335000,1
1600335900,1
1600336800,1
1600337700,1
1600338600,1
1600339500,1
1600340400,1
1600341300,1
1600342200,1
1600343100,1
1600344000,1
1600344900,1
1600345800,1
1600346700,1
1600347600,1
1600348500,1
1600349400,1
1600350300,1
1600351200,1
1600352100,1
1600353000,1
1600353900,1
1600354800,1
1600355700,1
1600356600,1
1600357500,1
1600358400,1
1600359300,1
1600360200,1
1600361100,1
1600362000,1
1600362900,1
1600363800,1
1600364700,1
1600365600,1
1600366500,1
1600367400,1
1600368300,1
1600369200,1
1600370100,1
1600371000,1
1600371900,1
1600372800,1
1600373700,1
1600374600,1
1600375500,1
1600376400,1
1600377300,1
1600378200,1
1600379100,1
1600380000,1
1600380900,1
1600381800,1
1600382700,1
1600383600,1
1600384500,1
1600385400,1
1600386300,1
1600387200,1
1600388100,1
1600389000,1
1600389900,1
1600390800,1
1600391700,1
1600392600,1
1600393500,1
1600394400,1
1600395300,1
1600396200,1
1600397100,1
1600398000,1
1600398900,1
1600399800,1
1600400700,1
1600401600,1
1600402500,1
1600403400,1
1600404300,1
1600405200,1
1600406100,1
1600407000,1
1600407900,1
1600408800,1
1600409700,1
1600410600,1
1600411500,1
1600412400,1
1600413300,1
1600414200,1
1600415100,1
1600416000,1
1600416900,1
1600417800,1
1600418700,1
1600419600,1
1600420500,1
1600421400,1
1600422300,1
1600423200,1
1600424100,1
1600425000,1
1600425900,1
1600426800,1
1600427700,1
1600428600,1
1600429500,1
1600430400,1
1600431300,1
1600432200,1
1600433100,1
1600434000,1
1600434900,1
1600435800,1
1600436700,1
1600437600,1
1600438500,1
1600439400,1
1600440300,1
1600441200,1
1600442100,1
1600443000,1
1600443900,1
1600444800,1
1600445700,1
1600446600,1
1600447500,1
1600448400,1
1600449300,1
1600450200,1
1600451100,1
1600452000,1
1600452900,1
1600453800,1
1600454700,1
1600455600,1
1600456500,1
1600457400,1
1600458300,1
1600459200,1
1600460100,1
1600461000,1
1600461900,1
1600462800,1
1600463700,1
1600464600,1
1600465500,1
1600466400,1
1600467300,1
1600468200,1
1600469100,1
1600470000,1
1600470900,1
1600471800,1
1600472700,1
1600473600,1
1600474500,1
1600475400,1
1600476300,1
1600477200,1
1600478100,1
1600479000,1
1600479900,1
1600480800,1
1600481700,1
1600482600,1
1600483500,1
1600484400,1
1600485300,1
1600486200,1
1600487100,1
1600488000,1
1600488900,1
1600489800,1
1600490700,1
1600491600,1
1600492500,1
1600493400,1
1600494300,1
1600495200,1
1600496100,1
1600497000,1
1600497900,1
1600498800,1
1600499700,1
1600500600,1
1600501500,1
1600502400,1
1600503300,1
1600504200,1
1600505100,1
1600506000,1
1600506900,1
1600507800,1
1600508700,1
1600509600,1
1600510500,1
1600511400,1
1600512300,1
1600513200,1
1600514100,1
1600515000,1
1600515900,1
1600516800,1
1600517700,1
1600518600,1
1600519500,1
1600520400,1
1600521300,1
1600522200,1
1600523100,1
1600524000,1
1600524900,1
1600525800,1
1600526700,1
1600527600,1
1600528500,1
1600529400,1
1600530300,1
1600531200,1
1600532100,1
1600533000,1
1600533900,1
1600534800,1
1600535700,1
1600536600,1
1600537500,1
1600538400,1
1600539300,1
1600540200,1
1600541100,1
1600542000,1
1600542900,1
1600543800,1
1600544700,1
1600545600,1
1600546500,1
1600547400,1
1600548300,1
1600549200,1
1600550100,1
1600551000,1
1600551900,1
1600552800,1
1600553700,1
1600554600,1
1600555500,1
1600556400,1
1600557300,1
1600558200,1
1600559100,1
1600560000,1
1600560900,1
1600561800,1
1600562700,1
1600563600,1
1600564500,1
1600565400,1
1600566300,1
1600567200,1
1600568100,1
1600569000,1
1600569900,1
1600570800,1
1600571700,1
1600572600,1
1600573500,1
1600574400,1
1600575300,1
1600576200,1
1600577100,1
1600578000,1
1600578900,1
1600579800,1
1600580700,1
1600581600,1
1600582500,1
1600583400,1
1600584300,1
1600585200,1
1600586100,1
1600587000,1
1600587900,1
1600588800,1
1600589700,1
1600590600,1
1600591500,1
1600592400,1
1600593300,1
1600594200,1
1600595100,1
1600596000,1
1600596900,1
1600597800,1
1600598700,1
1600599600,1
1600600500,1
1600601400,1
1600602300,1
1600603200,1
1600604100,1
1600605000,1
1600605900,1
1600606800,1
1600607700,1
1600608600,1
1600609500,1
1600610400,1
1600611300,1
1600612200,1
1600613100,1
1600614000,1
1600614900,1
1600615800,1
1600616700,1
1600617600,1
1600618500,1
1600619400,1
1600620300,1
1600621200,1
1600622100,1
1600623000,1
1600623900,1
1600624800,1
1600625700,1
1600626600,1
1600627500,1
1600628400,1
1600629300,1
1600630200,1
1600631100,1
1600632000,1
1600632900,1
1600633800,1
1600634700,1
1600635600,1
1600636500,1
1600637400,1
1600638300,1
1600639200,1
1600640100,1
1600641000,1
1600641900,1
1600642800,1
1600643700,1
1600644600,1
1600645500,1
1600646400,1
1600647300,1
1600648200,1
1600649100,1
1600650000,1
1600650900,1
1600651800,1
1600652700,1
1600653600,1
1600654500,1
1600655400,1
1600656300,1
1600657200,1
1600658100,1
1600659000,1
1600659900,1
1600660800,1
1600661700,1
1600662600,1
1600663500,1
1600664400,1
1600665300,1
1600666200,1
1600667100,1
1600668000,1
1600668900,1
1600669800,1
1600670700,1
1600671600,1
1600672500,1
1600673400,1
1600674300,1
1600675200,1
1600676100,1
1600677000,1
1600677900,1
1600678800,1
1600679700,1
1600680600,1
1600681500,1
1600682400,1
1600683300,1
1600684200,1
1600685100,1
1600686000,1
1600686900,1
1600687800,1
1600688700,1
1600689600,1
1600690500,1
1600691400,1
1600692300,1
1600693200,1
1600694100,1
1600695000,1
1600695900,1
1600696800,1
1600697700,1
1600698600,1
1600699500,1
1600700400,1
1600701300,1
1600702200,1
1600703100,1
1600704000,1
1600704900,1
1600705800,1
1600706700,1
1600707600,1
1600708500,1
1600709400,1
1600710300,1
1600711200,1
1600712100,1
1600713000,1
1600713900,1
1600714800,1
1600715700,1
1600716600,1
1600717500,1
1600718400,1
1600719300,1
1600720200,1
1600721100,1
1600722000,1
1600722900,1
1600723800,1
1600724700,1
1600725600,1
1600726500,1
1600727400,1
1600728300,1
1600729200,1
1600730100,1
1600731000,1
1600731900,1
1600732800,1
1600733700,1
1600734600,1
1600735500,1
1600736400,1
1600737300,1
1600738200,1
1600739100,1
1600740000,1
1600740900,1
1600741800,1
1600742700,1
1600743600,1
1600744500,1
1600745400,1
1600746300,1
1600747200,1
1600748100,1
1600749000,1
1600749900,1
1600750800,1
1600751700,1
1600752600,1
1600753500,1
1600754400,1
1600755300,1
1600756200,1
1600757100,1
1600758000,1
1600758900,1
1600759800,1
1600760700,1
1600761600,1
1600762500,1
1600763400,1
1600764300,1
1600765200,1
1600766100,1
1600767000,1
1600767900,1
1600768800,1
1600769700,1
1600770600,1
1600771500,1
1600772400,1
1600773300,1
1600774200,1
1600775100,1
1600776000,1
1600776900,1
1600777800,1
1600778700,1
1600779600,1
1600780500,1
1600781400,1
1600782300,1
1600783200,1
1600784100,1
1600785000,1
1600785900,1
1600786800,1
1600787700,1
1600788600,1
1600789500,1
1600790400,1
1600791300,1
1600792200,1
1600793100,1
1600794000,1
1600794900,1
1600795800,1
1600796700,1
1600797600,1
1600798500,1
1600799400,1
1600800300,1
1600801200,1
1600802100,1
1600803000,1
1600803900,1
1600804800,1
1600805700,1
1600806600,1
1600807500,1
1600808400,1
1600809300,1
1600810200,1
1600811100,1
1600812000,1
1600812900,1
1600813800,1
1600814700,1
1600815600,1
1600816500,1
1600817400,1
1600818300,1
1600819200,1
1600820100,1
1600821000,1
1600821900,1
1600822800,1
1600823700,1
1600824600,1
1600825500,1
1600826400,1
1600827300,1
1600828200,1
1600829100,1
1600830000,1
1600830900,1
1600831800,1
1600832700,1
1600833600,1
1600834500,1
1600835400,1
1600836300,1
1600837200,1
1600838100,1
1600839000,1
1600839900,1
1600840800,1
1600841700,1
1600842600,1
1600843500,1
1600844400,1
1600845300,1
1600846200,1
1600847100,1
1600848000,1
1600848900,1
1600849800,1
1600850700,1
1600851600,1
1600852500,1
1600853400,1
1600854300,1
1600855200,1
1600856100,1
1600857000,1
1600857900,1
1600858800,1
1600859700,1
1600860600,1
1600861500,1
1600862400,1
1600863300,1
1600864200,1
1600865100,1
1600866000,1
1600866900,1
1600867800,1
1600868700,1
1600869600,1
1600870500,1
1600871400,1
1600872300,1
1600873200,1
1600874100,1
1600875000,1
1600875900,1
1600876800,1
1600877700,1
1600878600,1
1600879500,1
1600880400,1
1600881300,1
1600882200,1
1600883100,1
1600884000,1
1600884900,1
1600885800,1
1600886700,1
1600887600,1
1600888500,1
1600889400,1
1600890300,1
1600891200,1
1600892100,1
1600893000,1
1600893900,1
1600894800,1
1600895700,1
1600896600,1
1600897500,1
1600898400,1
1600899300,1
1600900200,1
1600901100,1
1600902000,1
1600902900,1
1600903800,1
1600904700,1
1600905600,1
1600906500,1
1600907400,1
1600908300,1
1600909200,1
1600910100,1
1600911000,1
1600911900,1
1600912800,1
1600913700,1
1600914600,1
1600915500,1
1600916400,1
1600917300,1
1600918200,1
1600919100,1
1600920000,1
1600920900,1
1600921800,1
1600922700,1
1600923600,1
1600924500,1
1600925400,1
1600926300,1
1600927200,1
1600928100,1
1600929000,1
1600929900,1
1600930800,1
1600931700,1
1600932600,1
1600933500,1
1600934400,1
1600935300,1
1600936200,1
1600937100,1
1600938000,1
1600938900,1
1600939800,1
1600940700,1
1600941600,1
1600942500,1
1600943400,1
1600944300,1
1600945200,1
1600946100,1
1600947000,1
1600947900,1
1600948800,1
1600949700,1
1600950600,1
1600951500,1
1600952400,1
1600953300,1
1600954200,1
1600955100,1
1600956000,1
1600956900,1
1600957800,1
1600958700,1
1600959600,1
1600960500,1
1600961400,1
1600962300,1
1600963200,1
1600964100,1
1600965000,1
1600965900,1
1600966800,1
1600967700,1
1600968600,1
1600969500,1
1600970400,1
1600971300,1
1600972200,1
1600973100,1
1600974000,1
1600974900,1
1600975800,1
1600976700,1
1600977600,1
1600978500,1
1600979400,1
1600980300,1
1600981200,1
1600982100,1
1600983000,1
1600983900,1
1600984800,1
1600985700,1
1600986600,1
1600987500,1
1600988400,1
1600989300,1
1600990200,1
1600991100,1
1600992000,1
1600992900,1
1600993800,1
1600994700,1
1600995600,1
1600996500,1
1600997400,1
1600998300,1
1600999200,1
1601000100,1
1601001000,1
1601001900,1
1601002800,1
1601003700,1
1601004600,1
1601005500,1
1601006400,1
1601007300,1
1601008200,1
1601009100,1
1601010000,1
1601010900,1
1601011800,1
1601012700,1
1601013600,1
1601014500,1
1601015400,1
1601016300,1
1601017200,1
1601018100,1
1601019000,1
1601019900,1
1601020800,1
1601021700,1
1601022600,1
1601023500,1
1601024400,1
1601025300,1
1601026200,1
1601027100,1
1601028000,1
1601028900,1
1601029800,1
1601030700,1
1601031600,1
1601032500,1
1601033400,1
1601034300,1
1601035200,1
1601036100,1
1601037000,1
1601037900,1
1601038800,1
1601039700,1
1601040600,1
1601041500,1
1601042400,1
1601043300,1
1601044200,1
1601045100,1
1601046000,1
1601046900,1
1601047800,1
1601048700,1
1601049600,1
1601050500,1
1601051400,1
1601052300,1
1601053200,1
1601054100,1
1601055000,1
1601055900,1
1601056800,1
1601057700,1
1601058600,1
1601059500,1
1601060400,1
1601061300,1
1601062200,1
1601063100,1
1601064000,1
1601064900,1
1601065800,1
1601066700,1
1601067600,1
1601068500,1
1601069400,1
1601070300,1
1601071200,1
1601072100,1
1601073000,1
1601073900,1
1601074800,1
1601075700,1
1601076600,1
1601077500,1
1601078400,1
1601079300,1
1601080200,1
1601081100,1
1601082000,1
1601082900,1
1601083800,1
1601084700,1
1601085600,1
1601086500,1
1601087400,1
1601088300,1
1601089200,1
1601090100,1
1601091000,1
1601091900,1
1601092800,1
1601093700,1
1601094600,1
1601095500,1
1601096400,1
1601097300,1
1601098200,1
1601099100,1
1601100000,1
1601100900,1
1601101800,1
1601102700,1
1601103600,1
1601104500,1
1601105400,1
1601106300,1
1601107200,1
1601108100,1
1601109000,1
1601109900,1
1601110800,1
1601111700,1
1601112600,1
1601113500,1
1601114400,1
1601115300,1
1601116200,1
1601117100,1
1601118000,1
1601118900,1
1601119800,1
1601120700,1
1601121600,1
1601122500,1
1601123400,1
1601124300,1
1601125200,1
1601126100,1
1601127000,1
1601127900,1
1601128800,1
1601129700,1
1601130600,1
1601131500,1
1601132400,1
1601133300,1
1601134200,1
1601135100,1
1601136000,1
1601136900,1
1601137800,1
1601138700,1
1601139600,1
1601140500,1
1601141400,1
1601142300,1
1601143200,1
1601144100,1
1601145000,1
1601145900,1
1601146800,1
1601147700,1
1601148600,1
1601149500,1
1601150400,1
1601151300,1
1601152200,1
1601153100,1
1601154000,1
1601154900,1
1601155800,1
1601156700,1
1601157600,1
1601158500,1
1601159400,1
1601160300,1
1601161200,1
1601162100,1
1601163000,1
1601163900,1
1601164800,1
1601165700,1
1601166600,1
1601167500,1
1601168400,1
1601169300,1
1601170200,1
1601171100,1
1601172000,1
1601172900,1
1601173800,1
1601174700,1
1601175600,1
1601176500,1
1601177400,1
1601178300,1
1601179200,1
1601180100,1
1601181000,1
1601181900,1
1601182800,1
1601183700,1
1601184600,1
1601185500,1
1601186400,1
1601187300,1
1601188200,1
1601189100,1
1601190000,1
1601190900,1
1601191800,1
1601192700,1
1601193600,1
1601194500,1
1601195400,1
1601196300,1
1601197200,1
1601198100,1
1601199000,1
1601199900,1
1601200800,1
1601201700,1
1601202600,1
1601203500,1
1601204400,1
1601205300,1
1601206200,1
1601207100,1
1601208000,1
1601208900,1
1601209800,1
1601210700,1
1601211600,1
1601212500,1
1601213400,1
1601214300,1
1601215200,1
1601216100,1
1601217000,1
1601217900,1
1601218800,1
1601219700,1
1601220600,1
1601221500,1
1601222400,1
1601223300,1
1601224200,1
1601225100,1
1601226000,1
1601226900,1
1601227800,1
1601228700,1
1601229600,1
1601230500,1
1601231400,1
1601232300,1
1601233200,1
1601234100,1
1601235000,1
1601235900,1
1601236800,1
1601237700,1
1601238600,1
1601239500,1
1601240400,1
1601241300,1
1601242200,1
1601243100,1
1601244000,1
1601244900,1
1601245800,1
1601246700,1
1601247600,1
1601248500,1
1601249400,1
1601250300,1
1601251200,1
1601252100,1
1601253000,1
1601253900,1
1601254800,1
1601255700,1
1601256600,1
1601257500,1
1601258400,1
1601259300,1
1601260200,1
1601261100,1
1601262000,1
1601262900,1
1601263800,1
1601264700,1
1601265600,1
1601266500,1
1601267400,1
1601268300,1
1601269200,1
1601270100,1
1601271000,1
1601271900,1
1601272800,1
1601273700,1
1601274600,1
1601275500,1
1601276400,1
1601277300,1
1601278200,1
1601279100,1
1601280000,1
1601280900,1
1601281800,1
1601282700,1
1601283600,1
1601284500,1
1601285400,1
1601286300,1
1601287200,1
1601288100,1
1601289000,1
1601289900,1
1601290800,1
1601291700,1
1601292600,1
1601293500,1
1601294400,1
1601295300,1
1601296200,1
1601297100,1
1601298000,1
1601298900,1
1601299800,1
1601300700,1
1601301600,1
1601302500,1
1601303400,1
1601304300,1
1601305200,1
1601306100,1
1601307000,1
1601307900,1
1601308800,1
1601309700,1
1601310600,1
1601311500,1
1601312400,1
1601313300,1
1601314200,1
1601315100,1
1601316000,1
1601316900,1
1601317800,1
1601318700,1
1601319600,1
1601320500,1
1601321400,1
1601322300,1
1601323200,1
1601324100,1
1601325000,1
1601325900,1
1601326800,1
1601327700,1
1601328600,1
1601329500,1
1601330400,1
1601331300,1
1601332200,1
1601333100,1
1601334000,1
1601334900,1
1601335800,1
1601336700,1
1601337600,1
1601338500,1
1601339400,1
1601340300,1
1601341200,1
1601342100,1
1601343000,1
1601343900,1
1601344800,1
1601345700,1
1601346600,1
1601347500,1
1601348400,1
1601349300,1
1601350200,1
1601351100,1
1601352000,1
1601352900,1
1601353800,1
1601354700,1
1601355600,1
1601356500,1
1601357400,1
1601358300,1
1601359200,1
1601360100,1
1601361000,1
1601361900,1
1601362800,1
1601363700,1
1601364600,1
1601365500,1
1601366400,1
1601367300,1
1601368200,1
1601369100,1
1601370000,1
1601370900,1
1601371800,1
1601372700,1
1601373600,1
1601374500,1
1601375400,1
1601376300,1
1601377200,1
1601378100,1
1601379000,1
1601379900,1
1601380800,1
1601381700,1
1601382600,1
1601383500,1
1601384400,1
1601385300,1
1601386200,1
1601387100,1
1601388000,1
1601388900,1
1601389800,1
1601390700,1
1601391600,1
1601392500,1
1601393400,1
1601394300,1
1601395200,1
1601396100,1
1601397000,1
1601397900,1
1601398800,1
1601399700,1
1601400600,1
1601401500,1
1601402400,1
1601403300,1
1601404200,1
1601405100,1
1601406000,1
1601406900,1
1601407800,1
1601408700,1
1601409600,1
1601410500,1
1601411400,1
1601412300,1
1601413200,1
1601414100,1
1601415000,1
1601415900,1
1601416800,1
1601417700,1
1601418600,1
1601419500,1
1601420400,1
1601421300,1
1601422200,1
1601423100,1
1601424000,1
1601424900,1
1601425800,1
1601426700,1
1601427600,1
1601428500,1
1601429400,1
1601430300,1
1601431200,1
1601432100,1
1601433000,1
1601433900,1
1601434800,1
1601435700,1
1601436600,1
1601437500,1
1601438400,1
1601439300,1
1601440200,1
1601441100,1
1601442000,1
1601442900,1
1601443800,1
1601444700,1
1601445600,1
1601446500,1
1601447400,1
1601448300,1
1601449200,1
1601450100,1
1601451000,1
1601451900,1
1601452800,1
1601453700,1
1601454600,1
1601455500,1
1601456400,1
1601457300,1
1601458200,1
1601459100,1
1601460000,1
1601460900,1
1601461800,1
1601462700,1
1601463600,1
1601464500,1
1601465400,1
1601466300,1
1601467200,1
1601468100,1
1601469000,1
1601469900,1
1601470800,1
1601471700,1
1601472600,1
1601473500,1
1601474400,1
1601475300,1
1601476200,1
1601477100,1
1601478000,1
1601478900,1
1601479800,1
1601480700,1
1601481600,1
1601482500,1
1601483400,1
1601484300,1
1601485200,1
1601486100,1
1601487000,1
1601487900,1
1601488800,1
1601489700,1
1601490600,1
1601491500,1
1601492400,1
1601493300,1
1601494200,1
1601495100,1
1601496000,1
1601496900,1
1601497800,1
1601498700,1
1601499600,1
1601500500,1
1601501400,1
1601502300,1
1601503200,1
1601504100,1
1601505000,1
1601505900,1
1601506800,1
1601507700,1
1601508600,1
1601509500,1
1601510400,1
1601511300,1
1601512200,1
1601513100,1
1601514000,1
1601514900,1
1601515800,1
1601516700,1
1601517600,1
1601518500,1
1601519400,1
1601520300,1
1601521200,1
1601522100,1
1601523000,1
1601523900,1
1601524800,1
1601525700,1
1601526600,1
1601527500,1
1601528400,1
1601529300,1
1601530200,1
1601531100,1
1601532000,1
1601532900,1
1601533800,1
1601534700,1
1601535600,1
1601536500,1
1601537400,1
1601538300,1
1601539200,1
1601540100,1
1601541000,1
1601541900,1
1601542800,1
1601543700,1
1601544600,1
1601545500,1
1601546400,1
1601547300,1
1601548200,1
1601549100,1
1601550000,1
1601550900,1
1601551800,1
1601552700,1
1601553600,1
1601554500,1
1601555400,1
1601556300,1
1601557200,1
1601558100,1
1601559000,1
1601559900,1
1601560800,1
1601561700,1
1601562600,1
1601563500,1
1601564400,1
1601565300,1
1601566200,1
1601567100,1
1601568000,1
1601568900,1
1601569800,1
1601570700,1
1601571600,1
1601572500,1
1601573400,1
1601574300,1
1601575200,1
1601576100,1
1601577000,1
1601577900,1
1601578800,1
1601579700,1
1601580600,1
1601581500,1
1601582400,1
1601583300,1
1601584200,1
1601585100,1
1601586000,1
1601586900,1
1601587800,1
1601588700,1
1601589600,1
1601590500,1
1601591400,1
1601592300,1
1601593200,1
1601594100,1
1601595000,1
1601595900,1
1601596800,1
1601597700,1
1601598600,1
1601599500,1
1601600400,1
1601601300,1
1601602200,1
1601603100,1
1601604000,1
1601604900,1
1601605800,1
1601606700,1
1601607600,1
1601608500,1
1601609400,1
1601610300,1
1601611200,1
1601612100,1
1601613000,1
1601613900,1
1601614800,1
1601615700,1
1601616600,1
1601617500,1
1601618400,1
1601619300,1
1601620200,1
1601621100,1
1601622000,1
1601622900,1
1601623800,1
1601624700,1
1601625600,1
1601626500,1
1601627400,1
1601628300,1
1601629200,1
1601630100,1
1601631000,1
1601631900,1
1601632800,1
1601633700,1
1601634600,1
1601635500,1
1601636400,1
1601637300,1
1601638200,1
1601639100,1
1601640000,1
1601640900,1
1601641800,1
1601642700,1
1601643600,1
1601644500,1
1601645400,1
1601646300,1
1601647200,1
1601648100,1
1601649000,1
1601649900,1
1601650800,1
1601651700,1
1601652600,1
1601653500,1
1601654400,1
1601655300,1
1601656200,1
1601657100,1
1601658000,1
1601658900,1
1601659800,1
1601660700,1
1601661600,1
1601662500,1
1601663400,1
1601664300,1
1601665200,1
1601666100,1
1601667000,1
1601667900,1
1601668800,1
1601669700,1
1601670600,1
1601671500,1
1601672400,1
1601673300,1
1601674200,1
1601675100,1
1601676000,1
1601676900,1
1601677800,1
1601678700,1
1601679600,1
1601680500,1
1601681400,1
1601682300,1
1601683200,1
1601684100,1
1601685000,1
1601685900,1
1601686800,1
1601687700,1
1601688600,1
1601689500,1
1601690400,1
1601691300,1
1601692200,1
1601693100,1
1601694000,1
1601694900,1
1601695800,1
1601696700,1
1601697600,1
1601698500,1
1601699400,1
1601700300,1
1601701200,1
1601702100,1
1601703000,1
1601703900,1
1601704800,1
1601705700,1
1601706600,1
1601707500,1
1601708400,1
1601709300,1
1601710200,1
1601711100,1
1601712000,1
1601712900,1
1601713800,1
1601714700,1
1601715600,1
1601716500,1
1601717400,1
1601718300,1
1601719200,1
1601720100,1
1601721000,1
1601721900,1
1601722800,1
1601723700,1
1601724600,1
1601725500,1
1601726400,1
1601727300,1
1601728200,1
1601729100,1
1601730000,1
1601730900,1
1601731800,1
1601732700,1
1601733600,1
1601734500,1
1601735400,1
1601736300,1
1601737200,1
1601738100,1
1601739000,1
1601739900,1
1601740800,1
1601741700,1
1601742600,1
1601743500,1
1601744400,1
1601745300,1
1601746200,1
1601747100,1
1601748000,1
1601748900,1
1601749800,1
1601750700,1
1601751600,1
1601752500,1
1601753400,1
1601754300,1
1601755200,1
1601756100,1
1601757000,1
1601757900,1
1601758800,1
1601759700,1
1601760600,1
1601761500,1
1601762400,1
1601763300,1
1601764200,1
1601765100,1
1601766000,1
1601766900,1
1601767800,1
1601768700,1
1601769600,1
1601770500,1
1601771400,1
1601772300,1
1601773200,1
1601774100,1
1601775000,1
1601775900,1
1601776800,1
1601777700,1
1601778600,1
1601779500,1
1601780400,1
1601781300,1
1601782200,1
1601783100,1
1601784000,1
1601784900,1
1601785800,1
1601786700,1
1601787600,1
1601788500,1
1601789400,1
1601790300,1
1601791200,1
1601792100,1
1601793000,1
1601793900,1
1601794800,1
1601795700,1
1601796600,1
1601797500,1
1601798400,1
1601799300,1
1601800200,1
1601801100,1
1601802000,1
1601802900,1
1601803800,1
1601804700,1
1601805600,1
1601806500,1
1601807400,1
1601808300,1
1601809200,1
1601810100,1
1601811000,1
1601811900,1
1601812800,1
1601813700,1
1601814600,1
1601815500,1
1601816400,1
1601817300,1
1601818200,1
1601819100,1
1601820000,1
1601820900,1
1601821800,1
1601822700,1
1601823600,1
1601824500,1
1601825400,1
1601826300,1
1601827200,1
1601828100,1
1601829000,1
1601829900,1
1601830800,1
1601831700,1
1601832600,1
1601833500,1
1601834400,1
1601835300,1
1601836200,1
1601837100,1
1601838000,1
1601838900,1
1601839800,1
1601840700,1
1601841600,1
1601842500,1
1601843400,1
1601844300,1
1601845200,1
1601846100,1
1601847000,1
1601847900,1
1601848800,1
1601849700,1
1601850600,1
1601851500,1
1601852400,1
1601853300,1
1601854200,1
1601855100,1
1601856000,1
1601856900,1
1601857800,1
1601858700,1
1601859600,1
1601860500,1
1601861400,1
1601862300,1
1601863200,1
1601864100,1
1601865000,1
1601865900,1
1601866800,1
1601867700,1
1601868600,1
1601869500,1
1601870400,1
1601871300,1
1601872200,1
1601873100,1
1601874000,1
1601874900,1
1601875800,1
1601876700,1
1601877600,1
1601878500,1
1601879400,1
1601880300,1
1601881200,1
1601882100,1
1601883000,1
1601883900,1
1601884800,1
1601885700,1
1601886600,1
1601887500,1
1601888400,1
1601889300,1
1601890200,1
1601891100,1
1601892000,1
1601892900,1
1601893800,1
1601894700,1
1601895600,1
1601896500,1
1601897400,1
1601898300,1
1601899200,1
1601900100,1
1601901000,1
1601901900,1
1601902800,1
1601903700,1
1601904600,1
1601905500,1
1601906400,1
1601907300,1
1601908200,1
1601909100,1
1601910000,1
1601910900,1
1601911800,1
1601912700,1
1601913600,1
1601914500,1
1601915400,1
1601916300,1
1601917200,1
1601918100,1
1601919000,1
1601919900,1
1601920800,1
1601921700,1
1601922600,1
1601923500,1
1601924400,1
1601925300,1
1601926200,1
1601927100,1
1601928000,1
1601928900,1
1601929800,1
1601930700,1
1601931600,1
1601932500,1
1601933400,1
1601934300,1
1601935200,1
1601936100,1
1601937000,1
1601937900,1
1601938800,1
1601939700,1
1601940600,1
1601941500,1
1601942400,1
1601943300,1
1601944200,1
1601945100,1
1601946000,1
1601946900,1
1601947800,1
1601948700,1
1601949600,1
1601950500,1
1601951400,1
1601952300,1
1601953200,1
1601954100,1
1601955000,1
1601955900,1
1601956800,1
1601957700,1
1601958600,1
1601959500,1
1601960400,1
1601961300,1
1601962200,1
1601963100,1
1601964000,1
1601964900,1
1601965800,1
1601966700,1
1601967600,1
1601968500,1
1601969400,1
1601970300,1
1601971200,1
1601972100,1
1601973000,1
1601973900,1
1601974800,1
1601975700,1
1601976600,1
1601977500,1
1601978400,1
1601979300,1
1601980200,1
1601981100,1
1601982000,1
1601982900,1
1601983800,1
1601984700,1
1601985600,1
1601986500,1
1601987400,1
1601988300,1
1601989200,1
1601990100,1
1601991000,1
1601991900,1
1601992800,1
1601993700,1
1601994600,1
1601995500,1
1601996400,1
1601997300,1
1601998200,1
1601999100,1
1602000000,1
1602000900,1
1602001800,1
1602002700,1
1602003600,1
1602004500,1
1602005400,1
1602006300,1
1602007200,1
1602008100,1
1602009000,1
1602009900,1
1602010800,1
1602011700,1
1602012600,1
1602013500,1
1602014400,1
1602015300,1
1602016200,1
1602017100,1
1602018000,1
1602018900,1
1602019800,1
1602020700,1
1602021600,1
1602022500,1
1602023400,1
1602024300,1
1602025200,1
1602026100,1
1602027000,1
1602027900,1
1602028800,1
1602029700,1
1602030600,1
1602031500,1
1602032400,1
1602033300,1
1602034200,1
1602035100,1
1602036000,1
1602036900,1
1602037800,1
1602038700,1
1602039600,1
1602040500,1
1602041400,1
1602042300,1
1602043200,1
1602044100,1
1602045000,1
1602045900,1
1602046800,1
1602047700,1
1602048600,1
1602049500,1
1602050400,1
1602051300,1
1602052200,1
1602053100,1
1602054000,1
1602054900,1
1602055800,1
1602056700,1
1602057600,1
1602058500,1
1602059400,1
1602060300,1
1602061200,1
1602062100,1
1602063000,1
1602063900,1
1602064800,1
1602065700,1
1602066600,1
1602067500,1
1602068400,1
1602069300,1
1602070200,1
1602071100,1
1602072000,1
1602072900,1
1602073800,1
1602074700,1
1602075600,1
1602076500,1
1602077400,1
1602078300,1
1602079200,1
1602080100,1
1602081000,1
1602081900,1
1602082800,1
1602083700,1
1602084600,1
1602085500,1
1602086400,1
1602087300,1
1602088200,1
1602089100,1
1602090000,1
1602090900,1
1602091800,1
1602092700,1
1602093600,1
1602094500,1
1602095400,1
1602096300,1
1602097200,1
1602098100,1
1602099000,1
1602099900,1
1602100800,1
1602101700,1
1602102600,1
1602103500,1
1602104400,1
1602105300,1
1602106200,1
1602107100,1
1602108000,1
1602108900,1
1602109800,1
1602110700,1
1602111600,1
1602112500,1
1602113400,1
1602114300,1
1602115200,1
1602116100,1
1602117000,1
1602117900,1
1602118800,1
1602119700,1
1602120600,1
1602121500,1
1602122400,1
1602123300,1
1602124200,1
1602125100,1
1602126000,1
1602126900,1
1602127800,1
1602128700,1
1602129600,1
1602130500,1
1602131400,1
1602132300,1
1602133200,1
1602134100,1
1602135000,1
1602135900,1
1602136800,1
1602137700,1
1602138600,1
1602139500,1
1602140400,1
1602141300,1
1602142200,1
1602143100,1
1602144000,1
1602144900,1
1602145800,1
1602146700,1
1602147600,1
1602148500,1
1602149400,1
1602150300,1
1602151200,1
1602152100,1
1602153000,1
1602153900,1
1602154800,1
1602155700,1
1602156600,1
1602157500,1
1602158400,1
1602159300,1
1602160200,1
1602161100,1
1602162000,1
1602162900,1
1602163800,1
1602164700,1
1602165600,1
1602166500,1
1602167400,1
1602168300,1
1602169200,1
1602170100,1
1602171000,1
1602171900,1
1602172800,1
1602173700,1
1602174600,1
1602175500,1
1602176400,1
1602177300,1
1602178200,1
1602179100,1
1602180000,1
1602180900,1
1602181800,1
1602182700,1
1602183600,1
1602184500,1
1602185400,1
1602186300,1
1602187200,1
1602188100,1
1602189000,1
1602189900,1
1602190800,1
1602191700,1
1602192600,1
1602193500,1
1602194400,1
1602195300,1
1602196200,1
1602197100,1
1602198000,1
1602198900,1
1602199800,1
1602200700,1
1602201600,1
1602202500,1
1602203400,1
1602204300,1
1602205200,1
1602206100,1
1602207000,1
1602207900,1
1602208800,1
1602209700,1
1602210600,1
1602211500,1
1602212400,1
1602213300,1
1602214200,1
1602215100,1
1602216000,1
1602216900,1
1602217800,1
1602218700,1
1602219600,1
1602220500,1
1602221400,1
1602222300,1
1602223200,1
1602224100,1
1602225000,1
1602225900,1
1602226800,1
1602227700,1
1602228600,1
1602229500,1
1602230400,1
1602231300,1
1602232200,1
1602233100,1
1602234000,1
1602234900,1
1602235800,1
1602236700,1
1602237600,1
1602238500,1
1602239400,1
1602240300,1
1602241200,1
1602242100,1
1602243000,1
1602243900,1
1602244800,1
1602245700,1
1602246600,1
1602247500,1
1602248400,1
1602249300,1
1602250200,1
1602251100,1
1602252000,1
1602252900,1
1602253800,1
1602254700,1
1602255600,1
1602256500,1
1602257400,1
1602258300,1
1602259200,1
1602260100,1
1602261000,1
1602261900,1
1602262800,1
1602263700,1
1602264600,1
1602265500,1
1602266400,1
1602267300,1
1602268200,1
1602269100,1
1602270000,1
1602270900,1
1602271800,1
1602272700,1
1602273600,1
1602274500,1
1602275400,1
1602276300,1
1602277200,1
1602278100,1
1602279000,1
1602279900,1
1602280800,1
1602281700,1
1602282600,1
1602283500,1
1602284400,1
1602285300,1
1602286200,1
1602287100,1
1602288000,1
1602288900,1
1602289800,1
1602290700,1
1602291600,1
1602292500,1
1602293400,1
1602294300,1
1602295200,1
1602296100,1
1602297000,1
1602297900,1
1602298800,1
1602299700,1
1602300600,1
1602301500,1
1602302400,1
1602303300,1
1602304200,1
1602305100,1
1602306000,1
1602306900,1
1602307800,1
1602308700,1
1602309600,1
1602310500,1
1602311400,1
1602312300,1
1602313200,1
1602314100,1
1602315000,1
1602315900,1
1602316800,1
1602317700,1
1602318600,1
1602319500,1
1602320400,1
1602321300,1
1602322200,1
1602323100,1
1602324000,1
1602324900,1
1602325800,1
1602326700,1
1602327600,1
1602328500,1
1602329400,1
1602330300,1
1602331200,1
1602332100,1
1602333000,1
1602333900,1
1602334800,1
1602335700,1
1602336600,1
1602337500,1
1602338400,1
1602339300,1
1602340200,1
1602341100,1
1602342000,1
1602342900,1
1602343800,1
1602344700,1
1602345600,1
1602346500,1
1602347400,1
1602348300,1
1602349200,1
1602350100,1
1602351000,1
1602351900,1
1602352800,1
1602353700,1
1602354600,1
1602355500,1
1602356400,1
1602357300,1
1602358200,1
1602359100,1
1602360000,1
1602360900,1
1602361800,1
1602362700,1
1602363600,1
1602364500,1
1602365400,1
1602366300,1
1602367200,1
1602368100,1
1602369000,1
1602369900,1
1602370800,1
1602371700,1
1602372600,1
1602373500,1
1602374400,1
1602375300,1
1602376200,1
1602377100,1
1602378000,1
1602378900,1
1602379800,1
1602380700,1
1602381600,1
1602382500,1
1602383400,1
1602384300,1
1602385200,1
1602386100,1
1602387000,1
1602387900,1
1602388800,1
1602389700,1
1602390600,1
1602391500,1
1602392400,1
1602393300,1
1602394200,1
1602395100,1
1602396000,1
1602396900,1
1602397800,1
1602398700,1
1602399600,1
1602400500,1
1602401400,1
1602402300,1
1602403200,1
1602404100,1
1602405000,1
1602405900,1
1602406800,1
1602407700,1
1602408600,1
1602409500,1
1602410400,1
1602411300,1
1602412200,1
1602413100,1
1602414000,1
1602414900,1
1602415800,1
1602416700,1
1602417600,1
1602418500,1
1602419400,1
1602420300,1
1602421200,1
1602422100,1
1602423000,1
1602423900,1
1602424800,1
1602425700,1
1602426600,1
1602427500,1
1602428400,1
1602429300,1
1602430200,1
1602431100,1
1602432000,1
1602432900,1
1602433800,1
1602434700,1
1602435600,1
1602436500,1
1602437400,1
1602438300,1
1602439200,1
1602440100,1
1602441000,1
1602441900,1
1602442800,1
1602443700,1
1602444600,1
1602445500,1
1602446400,1
1602447300,1
1602448200,1
1602449100,1
1602450000,1
1602450900,1
1602451800,1
1602452700,1
1602453600,1
1602454500,1
1602455400,1
1602456300,1
1602457200,1
1602458100,1
1602459000,1
1602459900,1
1602460800,1
1602461700,1
1602462600,1
1602463500,1
1602464400,1
1602465300,1
1602466200,1
1602467100,1
1602468000,1
1602468900,1
1602469800,1
1602470700,1
1602471600,1
1602472500,1
1602473400,1
1602474300,1
1602475200,1
1602476100,1
1602477000,1
1602477900,1
1602478800,1
1602479700,1
1602480600,1
1602481500,1
1602482400,1
1602483300,1
1602484200,1
1602485100,1
1602486000,1
1602486900,1
1602487800,1
1602488700,1
1602489600,1
1602490500,1
1602491400,1
1602492300,1
1602493200,1
1602494100,1
1602495000,1
1602495900,1
1602496800,1
1602497700,1
1602498600,1
1602499500,1
1602500400,1
1602501300,1
1602502200,1
1602503100,1
1602504000,1
1602504900,1
1602505800,1
1602506700,1
1602507600,1
1602508500,1
1602509400,1
1602510300,1
1602511200,1
1602512100,1
1602513000,1
1602513900,1
1602514800,1
1602515700,1
1602516600,1
1602517500,1
1602518400,1
1602519300,1
1602520200,1
1602521100,1
1602522000,1
1602522900,1
1602523800,1
1602524700,1
1602525600,1
1602526500,1
1602527400,1
1602528300,1
1602529200,1
1602530100,1
1602531000,1
1602531900,1
1602532800,1
1602533700,1
1602534600,1
1602535500,1
1602536400,1
1602537300,1
1602538200,1
1602539100,1
1602540000,1
1602540900,1
1602541800,1
1602542700,1
1602543600,1
1602544500,1
1602545400,1
1602546300,1
1602547200,1
1602548100,1
1602549000,1
1602549900,1
1602550800,1
1602551700,1
1602552600,1
1602553500,1
1602554400,1
1602555300,1
1602556200,1
1602557100,1
1602558000,1
1602558900,1
1602559800,1
1602560700,1
1602561600,1
1602562500,1
1602563400,1
1602564300,1
1602565200,1
1602566100,1
1602567000,1
1602567900,1
1602568800,1
1602569700,1
1602570600,1
1602571500,1
1602572400,1
1602573300,1
1602574200,1
1602575100,1
1602576000,1
1602576900,1
1602577800,1
1602578700,1
1602579600,1
1602580500,1
1602581400,1
1602582300,1
1602583200,1
1602584100,1
1602585000,1
1602585900,1
1602586800,1
1602587700,1
1602588600,1
1602589500,1
1602590400,1
1602591300,1
1602592200,1
1602593100,1
1602594000,1
1602594900,1
1602595800,1
1602596700,1
1602597600,1
1602598500,1
1602599400,1
1602600300,1
1602601200,1
1602602100,1
1602603000,1
1602603900,1
1602604800,1
1602605700,1
1602606600,1
1602607500,1
1602608400,1
1602609300,1
1602610200,1
1602611100,1
1602612000,1
1602612900,1
1602613800,1
1602614700,1
1602615600,1
1602616500,1
1602617400,1
1602618300,1
1602619200,1
1602620100,1
1602621000,1
1602621900,1
1602622800,1
1602623700,1
1602624600,1
1602625500,1
1602626400,1
1602627300,1
1602628200,1
1602629100,1
1602630000,1
1602630900,1
1602631800,1
1602632700,1
1602633600,1
1602634500,1
1602635400,1
1602636300,1
1602637200,1
1602638100,1
1602639000,1
1602639900,1
1602640800,1
1602641700,1
1602642600,1
1602643500,1
1602644400,1
1602645300,1
1602646200,1
1602647100,1
1602648000,1
1602648900,1
1602649800,1
1602650700,1
1602651600,1
1602652500,1
1602653400,1
1602654300,1
1602655200,1
1602656100,1
1602657000,1
1602657900,1
1602658800,1
1602659700,1
1602660600,1
1602661500,1
1602662400,1
1602663300,1
1602664200,1
1602665100,1
1602666000,1
1602666900,1
1602667800,1
1602668700,1
1602669600,1
1602670500,1
1602671400,1
1602672300,1
1602673200,1
1602674100,1
1602675000,1
1602675900,1
1602676800,1
1602677700,1
1602678600,1
1602679500,1
1602680400,1
1602681300,1
1602682200,1
1602683100,1
1602684000,1
1602684900,1
1602685800,1
1602686700,1
1602687600,1
1602688500,1
1602689400,1
1602690300,1
1602691200,1
1602692100,1
1602693000,1
1602693900,1
1602694800,1
1602695700,1
1602696600,1
1602697500,1
1602698400,1
1602699300,1
1602700200,1
1602701100,1
1602702000,1
1602702900,1
1602703800,1
1602704700,1
1602705600,1
1602706500,1
1602707400,1
1602708300,1
1602709200,1
1602710100,1
1602711000,1
1602711900,1
1602712800,1
1602713700,1
1602714600,1
1602715500,1
1602716400,1
1602717300,1
1602718200,1
1602719100,1
1602720000,1
1602720900,1
1602721800,1
1602722700,1
1602723600,1
1602724500,1
1602725400,1
1602726300,1
1602727200,1
1602728100,1
1602729000,1
1602729900,1
1602730800,1
1602731700,1
1602732600,1
1602733500,1
1602734400,1
1602735300,1
1602736200,1
1602737100,1
1602738000,1
1602738900,1
1602739800,1
1602740700,1
1602741600,1
1602742500,1
1602743400,1
1602744300,1
1602745200,1
1602746100,1
1602747000,1
1602747900,1
1602748800,1
1602749700,1
1602750600,1
1602751500,1
1602752400,1
1602753300,1
1602754200,1
1602755100,1
1602756000,1
1602756900,1
1602757800,1
1602758700,1
1602759600,1
1602760500,1
1602761400,1
1602762300,1
1602763200,1
1602764100,1
1602765000,1
1602765900,1
1602766800,1
1602767700,1
1602768600,1
1602769500,1
1602770400,1
1602771300,1
1602772200,1
1602773100,1
1602774000,1
1602774900,1
1602775800,1
1602776700,1
1602777600,1
1602778500,1
1602779400,1
1602780300,1
1602781200,1
1602782100,1
1602783000,1
1602783900,1
1602784800,1
1602785700,1
1602786600,1
1602787500,1
1602788400,1
1602789300,1
1602790200,1
1602791100,1
1602792000,1
1602792900,1
1602793800,1
1602794700,1
1602795600,1
1602796500,1
1602797400,1
1602798300,1
1602799200,1
1602800100,1
1602801000,1
1602801900,1
1602802800,1
1602803700,1
1602804600,1
1602805500,1
1602806400,1
1602807300,1
1602808200,1
1602809100,1
1602810000,1
1602810900,1
1602811800,1
1602812700,1
1602813600,1
1602814500,1
1602815400,1
1602816300,1
1602817200,1
1602818100,1
1602819000,1
1602819900,1
1602820800,1
1602821700,1
1602822600,1
1602823500,1
1602824400,1
1602825300,1
1602826200,1
1602827100,1
1602828000,1
1602828900,1
1602829800,1
1602830700,1
1602831600,1
1602832500,1
1602833400,1
1602834300,1
1602835200,1
1602836100,1
1602837000,1
1602837900,1
1602838800,1
1602839700,1
1602840600,1
1602841500,1
1602842400,1
1602843300,1
1602844200,1
1602845100,1
1602846000,1
1602846900,1
1602847800,1
1602848700,1
1602849600,1
1602850500,1
1602851400,1
1602852300,1
1602853200,1
1602854100,1
1602855000,1
1602855900,1
1602856800,1
1602857700,1
1602858600,1
1602859500,1
1602860400,1
1602861300,1
1602862200,1
1602863100,1
1602864000,1
1602864900,1
1602865800,1
1602866700,1
1602867600,1
1602868500,1
1602869400,1
1602870300,1
1602871200,1
1602872100,1
1602873000,1
1602873900,1
1602874800,1
1602875700,1
1602876600,1
1602877500,1
1602878400,1
1602879300,1
1602880200,1
1602881100,1
1602882000,1
1602882900,1
1602883800,1
1602884700,1
1602885600,1
1602886500,1
1602887400,1
1602888300,1
1602889200,1
1602890100,1
1602891000,1
1602891900,1
1602892800,1
1602893700,1
1602894600,1
1602895500,1
1602896400,1
1602897300,1
1602898200,1
1602899100,1
1602900000,1
1602900900,1
1602901800,1
1602902700,1
1602903600,1
1602904500,1
1602905400,1
1602906300,1
1602907200,1
1602908100,1
1602909000,1
1602909900,1
1602910800,1
1602911700,1
1602912600,1
1602913500,1
1602914400,1
1602915300,1
1602916200,1
1602917100,1
1602918000,1
1602918900,1
1602919800,1
1602920700,1
1602921600,1
1602922500,1
1602923400,1
1602924300,1
1602925200,1
1602926100,1
1602927000,1
1602927900,1
1602928800,1
1602929700,1
1602930600,1
1602931500,1
1602932400,1
1602933300,1
1602934200,1
1602935100,1
1602936000,1
1602936900,1
1602937800,1
1602938700,1
1602939600,1
1602940500,1
1602941400,1
1602942300,1
1602943200,1
1602944100,1
1602945000,1
1602945900,1
1602946800,1
1602947700,1
1602948600,1
1602949500,1
1602950400,1
1602951300,1
1602952200,1
1602953100,1
1602954000,1
1602954900,1
1602955800,1
1602956700,1
1602957600,1
1602958500,1
1602959400,1
1602960300,1
1602961200,1
1602962100,1
1602963000,1
1602963900,1
1602964800,1
1602965700,1
1602966600,1
1602967500,1
1602968400,1
1602969300,1
1602970200,1
1602971100,1
1602972000,1
1602972900,1
1602973800,1
1602974700,1
1602975600,1
1602976500,1
1602977400,1
1602978300,1
1602979200,1
1602980100,1
1602981000,1
1602981900,1
1602982800,1
1602983700,1
1602984600,1
1602985500,1
1602986400,1
1602987300,1
1602988200,1
1602989100,1
1602990000,1
1602990900,1
1602991800,1
1602992700,1
1602993600,1
1602994500,1
1602995400,1
1602996300,1
1602997200,1
1602998100,1
1602999000,1
1602999900,1
1603000800,1
1603001700,1
1603002600,1
1603003500,1
1603004400,1
1603005300,1
1603006200,1
1603007100,1
1603008000,1
1603008900,1
1603009800,1
1603010700,1
1603011600,1
1603012500,1
1603013400,1
1603014300,1
1603015200,1
1603016100,1
1603017000,1
1603017900,1
1603018800,1
1603019700,1
1603020600,1
1603021500,1
1603022400,1
1603023300,1
1603024200,1
1603025100,1
1603026000,1
1603026900,1
1603027800,1
1603028700,1
1603029600,1
1603030500,1
1603031400,1
1603032300,1
1603033200,1
1603034100,1
1603035000,1
1603035900,1
1603036800,1
1603037700,1
1603038600,1
1603039500,1
1603040400,1
1603041300,1
1603042200,1
1603043100,1
1603044000,1
1603044900,1
1603045800,1
1603046700,1
1603047600,1
1603048500,1
1603049400,1
1603050300,1
1603051200,1
1603052100,1
1603053000,1
1603053900,1
1603054800,1
1603055700,1
1603056600,1
1603057500,1
1603058400,1
1603059300,1
1603060200,1
1603061100,1
1603062000,1
1603062900,1
1603063800,1
1603064700,1
1603065600,1
1603066500,1
1603067400,1
1603068300,1
1603069200,1
1603070100,1
1603071000,1
1603071900,1
1603072800,1
1603073700,1
1603074600,1
1603075500,1
1603076400,1
1603077300,1
1603078200,1
1603079100,1
1603080000,1
1603080900,1
1603081800,1
1603082700,1
1603083600,1
1603084500,1
1603085400,1
1603086300,1
1603087200,1
1603088100,1
1603089000,1
1603089900,1
1603090800,1
1603091700,1
1603092600,1
1603093500,1
1603094400,1
1603095300,1
1603096200,1
1603097100,1
1603098000,1
1603098900,1
1603099800,1
1603100700,1
1603101600,1
1603102500,1
1603103400,1
1603104300,1
1603105200,1
1603106100,1
1603107000,1
1603107900,1
1603108800,1
1603109700,1
1603110600,1
1603111500,1
1603112400,1
1603113300,1
1603114200,1
1603115100,1
1603116000,1
1603116900,1
1603117800,1
1603118700,1
1603119600,1
1603120500,1
1603121400,1
1603122300,1
1603123200,1
1603124100,1
1603125000,1
1603125900,1
1603126800,1
1603127700,1
1603128600,1
1603129500,1
1603130400,1
1603131300,1
1603132200,1
1603133100,1
1603134000,1
1603134900,1
1603135800,1
1603136700,1
1603137600,1
1603138500,1
1603139400,1
1603140300,1
1603141200,1
1603142100,1
1603143000,1
1603143900,1
1603144800,1
1603145700,1
1603146600,1
1603147500,1
1603148400,1
1603149300,1
1603150200,1
1603151100,1
1603152000,1
1603152900,1
1603153800,1
1603154700,1
1603155600,1
1603156500,1
1603157400,1
1603158300,1
1603159200,1
1603160100,1
1603161000,1
1603161900,1
1603162800,1
1603163700,1
1603164600,1
1603165500,1
1603166400,1
1603167300,1
1603168200,1
1603169100,1
1603170000,1
1603170900,1
1603171800,1
1603172700,1
1603173600,1
1603174500,1
1603175400,1
1603176300,1
1603177200,1
1603178100,1
1603179000,1
1603179900,1
1603180800,1
1603181700,1
1603182600,1
1603183500,1
1603184400,1
1603185300,1
1603186200,1
1603187100,1
1603188000,1
1603188900,1
1603189800,1
1603190700,1
1603191600,1
1603192500,1
1603193400,1
1603194300,1
1603195200,1
1603196100,1
1603197000,1
1603197900,1
1603198800,1
1603199700,1
1603200600,1
1603201500,1
1603202400,1
1603203300,1
1603204200,1
1603205100,1
1603206000,1
1603206900,1
1603207800,1
1603208700,1
1603209600,1
1603210500,1
1603211400,1
1603212300,1
1603213200,1
1603214100,1
1603215000,1
1603215900,1
1603216800,1
1603217700,1
1603218600,1
1603219500,1
1603220400,1
1603221300,1
1603222200,1
1603223100,1
1603224000,1
1603224900,1
1603225800,1
1603226700,1
1603227600,1
1603228500,1
1603229400,1
1603230300,1
1603231200,1
1603232100,1
1603233000,1
1603233900,1
1603234800,1
1603235700,1
1603236600,1
1603237500,1
1603238400,1
1603239300,1
1603240200,1
1603241100,1
1603242000,1
1603242900,1
1603243800,1
1603244700,1
1603245600,1
1603246500,1
1603247400,1
1603248300,1
1603249200,1
1603250100,1
1603251000,1
1603251900,1
1603252800,1
1603253700,1
1603254600,1
1603255500,1
1603256400,1
1603257300,1
1603258200,1
1603259100,1
1603260000,1
1603260900,1
1603261800,1
1603262700,1
1603263600,1
1603264500,1
1603265400,1
1603266300,1
1603267200,1
1603268100,1
1603269000,1
1603269900,1
1603270800,1
1603271700,1
1603272600,1
1603273500,1
1603274400,1
1603275300,1
1603276200,1
1603277100,1
1603278000,1
1603278900,1
1603279800,1
1603280700,1
1603281600,1
1603282500,1
1603283400,1
1603284300,1
1603285200,1
1603286100,1
1603287000,1
1603287900,1
1603288800,1
1603289700,1
1603290600,1
1603291500,1
1603292400,1
1603293300,1
1603294200,1
1603295100,1
1603296000,1
1603296900,1
1603297800,1
1603298700,1
1603299600,1
1603300500,1
1603301400,1
1603302300,1
1603303200,1
1603304100,1
1603305000,1
1603305900,1
1603306800,1
1603307700,1
1603308600,1
1603309500,1
1603310400,1
1603311300,1
1603312200,1
1603313100,1
1603314000,1
1603314900,1
1603315800,1
1603316700,1
1603317600,1
1603318500,1
1603319400,1
1603320300,1
1603321200,1
1603322100,1
1603323000,1
1603323900,1
1603324800,1
1603325700,1
1603326600,1
1603327500,1
1603328400,1
1603329300,1
1603330200,1
1603331100,1
1603332000,1
1603332900,1
1603333800,1
1603334700,1
1603335600,1
1603336500,1
1603337400,1
1603338300,1
1603339200,1
1603340100,1
1603341000,1
1603341900,1
1603342800,1
1603343700,1
1603344600,1
1603345500,1
1603346400,1
1603347300,1
1603348200,1
1603349100,1
1603350000,1
1603350900,1
1603351800,1
1603352700,1
1603353600,1
1603354500,1
1603355400,1
1603356300,1
1603357200,1
1603358100,1
1603359000,1
1603359900,1
1603360800,1
1603361700,1
1603362600,1
1603363500,1
1603364400,1
1603365300,1
1603366200,1
1603367100,1
1603368000,1
1603368900,1
1603369800,1
1603370700,1
1603371600,1
1603372500,1
1603373400,1
1603374300,1
1603375200,1
1603376100,1
1603377000,1
1603377900,1
1603378800,1
1603379700,1
1603380600,1
1603381500,1
1603382400,1
1603383300,1
1603384200,1
1603385100,1
1603386000,1
1603386900,1
1603387800,1
1603388700,1
1603389600,1
1603390500,1
1603391400,1
1603392300,1
1603393200,1
1603394100,1
1603395000,1
1603395900,1
1603396800,1
1603397700,1
1603398600,1
1603399500,1
1603400400,1
1603401300,1
1603402200,1
1603403100,1
1603404000,1
1603404900,1
1603405800,1
1603406700,1
1603407600,1
1603408500,1
1603409400,1
1603410300,1
1603411200,1
1603412100,1
1603413000,1
1603413900,1
1603414800,1
1603415700,1
1603416600,1
1603417500,1
1603418400,1
1603419300,1
1603420200,1
1603421100,1
1603422000,1
1603422900,1
1603423800,1
1603424700,1
1603425600,1
1603426500,1
1603427400,1
1603428300,1
1603429200,1
1603430100,1
1603431000,1
1603431900,1
1603432800,1
1603433700,1
1603434600,1
1603435500,1
1603436400,1
1603437300,1
1603438200,1
1603439100,1
1603440000,1
1603440900,1
1603441800,1
1603442700,1
1603443600,1
1603444500,1
1603445400,1
1603446300,1
1603447200,1
1603448100,1
1603449000,1
1603449900,1
1603450800,1
1603451700,1
1603452600,1
1603453500,1
1603454400,1
1603455300,1
1603456200,1
1603457100,1
1603458000,1
1603458900,1
1603459800,1
1603460700,1
1603461600,1
1603462500,1
1603463400,1
1603464300,1
1603465200,1
1603466100,1
1603467000,1
1603467900,1
1603468800,1
1603469700,1
1603470600,1
1603471500,1
1603472400,1
1603473300,1
1603474200,1
1603475100,1
1603476000,1
1603476900,1
1603477800,1
1603478700,1
1603479600,1
1603480500,1
1603481400,1
1603482300,1
1603483200,1
1603484100,1
1603485000,1
1603485900,1
1603486800,1
1603487700,1
1603488600,1
1603489500,1
1603490400,1
1603491300,1
1603492200,1
1603493100,1
1603494000,1
1603494900,1
1603495800,1
1603496700,1
1603497600,1
1603498500,1
1603499400,1
1603500300,1
1603501200,1
1603502100,1
1603503000,1
1603503900,1
1603504800,1
1603505700,1
1603506600,1
1603507500,1
1603508400,1
1603509300,1
1603510200,1
1603511100,1
1603512000,1
1603512900,1
1603513800,1
1603514700,1
1603515600,1
1603516500,1
1603517400,1
1603518300,1
1603519200,1
1603520100,1
1603521000,1
1603521900,1
1603522800,1
1603523700,1
1603524600,1
1603525500,1
1603526400,1
1603527300,1
1603528200,1
1603529100,1
1603530000,1
1603530900,1
1603531800,1
1603532700,1
1603533600,1
1603534500,1
1603535400,1
1603536300,1
1603537200,1
1603538100,1
1603539000,1
1603539900,1
1603540800,1
1603541700,1
1603542600,1
1603543500,1
1603544400,1
1603545300,1
1603546200,1
1603547100,1
1603548000,1
1603548900,1
1603549800,1
1603550700,1
1603551600,1
1603552500,1
1603553400,1
1603554300,1
1603555200,1
1603556100,1
1603557000,1
1603557900,1
1603558800,1
1603559700,1
1603560600,1
1603561500,1
1603562400,1
1603563300,1
1603564200,1
1603565100,1
1603566000,1
1603566900,1
1603567800,1
1603568700,1
1603569600,1
1603570500,1
1603571400,1
1603572300,1
1603573200,1
1603574100,1
1603575000,1
1603575900,1
1603576800,1
1603577700,1
1603578600,1
1603579500,1
1603580400,1
1603581300,1
1603582200,1
1603583100,1
1603584000,1
1603584900,1
1603585800,1
1603586700,1
1603587600,1
1603588500,1
1603589400,1
1603590300,1
1603591200,1
1603592100,1
1603593000,1
1603593900,1
1603594800,1
1603595700,1
1603596600,1
1603597500,1
1603598400,1
1603599300,1
1603600200,1
1603601100,1
1603602000,1
1603602900,1
1603603800,1
1603604700,1
1603605600,1
1603606500,1
1603607400,1
1603608300,1
1603609200,1
1603610100,1
1603611000,1
1603611900,1
1603612800,1
1603613700,1
1603614600,1
1603615500,1
1603616400,1
1603617300,1
1603618200,1
1603619100,1
1603620000,1
1603620900,1
1603621800,1
1603622700,1
1603623600,1
1603624500,1
1603625400,1
1603626300,1
1603627200,1
1603628100,1
1603629000,1
1603629900,1
1603630800,1
1603631700,1
1603632600,1
1603633500,1
1603634400,1
1603635300,1
1603636200,1
1603637100,1
1603638000,1
1603638900,1
1603639800,1
1603640700,1
1603641600,1
1603642500,1
1603643400,1
1603644300,1
1603645200,1
1603646100,1
1603647000,1
1603647900,1
1603648800,1
1603649700,1
1603650600,1
1603651500,1
1603652400,1
1603653300,1
1603654200,1
1603655100,1
1603656000,1
1603656900,1
1603657800,1
1603658700,1
1603659600,1
1603660500,1
1603661400,1
1603662300,1
1603663200,1
1603664100,1
1603665000,1
1603665900,1
1603666800,1
1603667700,1
1603668600,1
1603669500,1
1603670400,1
1603671300,1
1603672200,1
1603673100,1
1603674000,1
1603674900,1
1603675800,1
1603676700,1
1603677600,1
1603678500,1
1603679400,1
1603680300,1
1603681200,1
1603682100,1
1603683000,1
1603683900,1
1603684800,1
1603685700,1
1603686600,1
1603687500,1
1603688400,1
1603689300,1
1603690200,1
1603691100,1
1603692000,1
1603692900,1
1603693800,1
1603694700,1
1603695600,1
1603696500,1
1603697400,1
1603698300,1
1603699200,1
1603700100,1
1603701000,1
1603701900,1
1603702800,1
1603703700,1
1603704600,1
1603705500,1
1603706400,1
1603707300,1
1603708200,1
1603709100,1
1603710000,1
1603710900,1
1603711800,1
1603712700,1
1603713600,1
1603714500,1
1603715400,1
1603716300,1
1603717200,1
1603718100,1
1603719000,1
1603719900,1
1603720800,1
1603721700,1
1603722600,1
1603723500,1
1603724400,1
1603725300,1
1603726200,1
1603727100,1
1603728000,1
1603728900,1
1603729800,1
1603730700,1
1603731600,1
1603732500,1
1603733400,1
1603734300,1
1603735200,1
1603736100,1
1603737000,1
1603737900,1
1603738800,1
1603739700,1
1603740600,1
1603741500,1
1603742400,1
1603743300,1
1603744200,1
1603745100,1
1603746000,1
1603746900,1
1603747800,1
1603748700,1
1603749600,1
1603750500,1
1603751400,1
1603752300,1
1603753200,1
1603754100,1
1603755000,1
1603755900,1
1603756800,1
1603757700,1
1603758600,1
1603759500,1
1603760400,1
1603761300,1
1603762200,1
1603763100,1
1603764000,1
1603764900,1
1603765800,1
1603766700,1
1603767600,1
1603768500,1
1603769400,1
1603770300,1
1603771200,1
1603772100,1
1603773000,1
1603773900,1
1603774800,1
1603775700,1
1603776600,1
1603777500,1
1603778400,1
1603779300,1
1603780200,1
1603781100,1
1603782000,1
1603782900,1
1603783800,1
1603784700,1
1603785600,1
1603786500,1
1603787400,1
1603788300,1
1603789200,1
1603790100,1
1603791000,1
1603791900,1
1603792800,1
1603793700,1
1603794600,1
1603795500,1
1603796400,1
1603797300,1
1603798200,1
1603799100,1
1603800000,1
1603800900,1
1603801800,1
1603802700,1
1603803600,1
1603804500,1
1603805400,1
1603806300,1
1603807200,1
1603808100,1
1603809000,1
1603809900,1
1603810800,1
1603811700,1
1603812600,1
1603813500,1
1603814400,1
1603815300,1
1603816200,1
1603817100,1
1603818000,1
1603818900,1
1603819800,1
1603820700,1
1603821600,1
1603822500,1
1603823400,1
1603824300,1
1603825200,1
1603826100,1
1603827000,1
1603827900,1
1603828800,1
1603829700,1
1603830600,1
1603831500,1
1603832400,1
1603833300,1
1603834200,1
1603835100,1
1603836000,1
1603836900,1
1603837800,1
1603838700,1
1603839600,1
1603840500,1
1603841400,1
1603842300,1
1603843200,1
1603844100,1
1603845000,1
1603845900,1
1603846800,1
1603847700,1
1603848600,1
1603849500,1
1603850400,1
1603851300,1
1603852200,1
1603853100,1
1603854000,1
1603854900,1
1603855800,1
1603856700,1
1603857600,1
1603858500,1
1603859400,1
1603860300,1
1603861200,1
1603862100,1
1603863000,1
1603863900,1
1603864800,1
1603865700,1
1603866600,1
1603867500,1
1603868400,1
1603869300,1
1603870200,1
1603871100,1
1603872000,1
1603872900,1
1603873800,1
1603874700,1
1603875600,1
1603876500,1
1603877400,1
1603878300,1
1603879200,1
1603880100,1
1603881000,1
1603881900,1
1603882800,1
1603883700,1
1603884600,1
1603885500,1
1603886400,1
1603887300,1
1603888200,1
1603889100,1
1603890000,1
1603890900,1
1603891800,1
1603892700,1
1603893600,1
1603894500,1
1603895400,1
1603896300,1
1603897200,1
1603898100,1
1603899000,1
1603899900,1
1603900800,1
1603901700,1
1603902600,1
1603903500,1
1603904400,1
1603905300,1
1603906200,1
1603907100,1
1603908000,1
1603908900,1
1603909800,1
1603910700,1
1603911600,1
1603912500,1
1603913400,1
1603914300,1
1603915200,1
1603916100,1
1603917000,1
1603917900,1
1603918800,1
1603919700,1
1603920600,1
1603921500,1
1603922400,1
1603923300,1
1603924200,1
1603925100,1
1603926000,1
1603926900,1
1603927800,1
1603928700,1
1603929600,1
1603930500,1
1603931400,1
1603932300,1
1603933200,1
1603934100,1
1603935000,1
1603935900,1
1603936800,1
1603937700,1
1603938600,1
1603939500,1
1603940400,1
1603941300,1
1603942200,1
1603943100,1
1603944000,1
1603944900,1
1603945800,1
1603946700,1
1603947600,1
1603948500,1
1603949400,1
1603950300,1
1603951200,1
1603952100,1
1603953000,1
1603953900,1
1603954800,1
1603955700,1
1603956600,1
1603957500,1
1603958400,1
1603959300,1
1603960200,1
1603961100,1
1603962000,1
1603962900,1
1603963800,1
1603964700,1
1603965600,1
1603966500,1
1603967400,1
1603968300,1
1603969200,1
1603970100,1
1603971000,1
1603971900,1
1603972800,1
1603973700,1
1603974600,1
1603975500,1
1603976400,1
1603977300,1
1603978200,1
1603979100,1
1603980000,1
1603980900,1
1603981800,1
1603982700,1
1603983600,1
1603984500,1
1603985400,1
1603986300,1
1603987200,1
1603988100,1
1603989000,1
1603989900,1
1603990800,1
1603991700,1
1603992600,1
1603993500,1
1603994400,1
1603995300,1
1603996200,1
1603997100,1
1603998000,1
1603998900,1
1603999800,1
1604000700,1
1604001600,1
1604002500,1
1604003400,1
1604004300,1
1604005200,1
1604006100,1
1604007000,1
1604007900,1
1604008800,1
1604009700,1
1604010600,1
1604011500,1
1604012400,1
1604013300,1
1604014200,1
1604015100,1
1604016000,1
1604016900,1
1604017800,1
1604018700,1
1604019600,1
1604020500,1
1604021400,1
1604022300,1
1604023200,1
1604024100,1
1604025000,1
1604025900,1
1604026800,1
1604027700,1
1604028600,1
1604029500,1
1604030400,1
1604031300,1
1604032200,1
1604033100,1
1604034000,1
1604034900,1
1604035800,1
1604036700,1
1604037600,1
1604038500,1
1604039400,1
1604040300,1
1604041200,1
1604042100,1
1604043000,1
1604043900,1
1604044800,1
1604045700,1
1604046600,1
1604047500,1
1604048400,1
1604049300,1
1604050200,1
1604051100,1
1604052000,1
1604052900,1
1604053800,1
1604054700,1
1604055600,1
1604056500,1
1604057400,1
1604058300,1
1604059200,1
1604060100,1
1604061000,1
1604061900,1
1604062800,1
1604063700,1
1604064600,1
1604065500,1
1604066400,1
1604067300,1
1604068200,1
1604069100,1
1604070000,1
1604070900,1
1604071800,1
1604072700,1
1604073600,1
1604074500,1
1604075400,1
1604076300,1
1604077200,1
1604078100,1
1604079000,1
1604079900,1
1604080800,1
1604081700,1
1604082600,1
1604083500,1
1604084400,1
1604085300,1
1604086200,1
1604087100,1
1604088000,1
1604088900,1
1604089800,1
1604090700,1
1604091600,1
1604092500,1
1604093400,1
1604094300,1
1604095200,1
1604096100,1
1604097000,1
1604097900,1
1604098800,1
1604099700,1
1604100600,1
1604101500,1
1604102400,1
1604103300,1
1604104200,1
1604105100,1
1604106000,1
1604106900,1
1604107800,1
1604108700,1
1604109600,1
1604110500,1
1604111400,1
1604112300,1
1604113200,1
1604114100,1
1604115000,1
1604115900,1
1604116800,1
1604117700,1
1604118600,1
1604119500,1
1604120400,1
1604121300,1
1604122200,1
1604123100,1
1604124000,1
1604124900,1
1604125800,1
1604126700,1
1604127600,1
1604128500,1
1604129400,1
1604130300,1
1604131200,1
1604132100,1
1604133000,1
1604133900,1
1604134800,1
1604135700,1
1604136600,1
1604137500,1
1604138400,1
1604139300,1
1604140200,1
1604141100,1
1604142000,1
1604142900,1
1604143800,1
1604144700,1
1604145600,1
1604146500,1
1604147400,1
1604148300,1
1604149200,1
1604150100,1
1604151000,1
1604151900,1
1604152800,1
1604153700,1
1604154600,1
1604155500,1
1604156400,1
1604157300,1
1604158200,1
1604159100,1
1604160000,1
1604160900,1
1604161800,1
1604162700,1
1604163600,1
1604164500,1
1604165400,1
1604166300,1
1604167200,1
1604168100,1
1604169000,1
1604169900,1
1604170800,1
1604171700,1
1604172600,1
1604173500,1
1604174400,1
1604175300,1
1604176200,1
1604177100,1
1604178000,1
1604178900,1
1604179800,1
1604180700,1
1604181600,1
1604182500,1
1604183400,1
1604184300,1
1604185200,1
1604186100,1
1604187000,1
1604187900,1
1604188800,1
1604189700,1
1604190600,1
1604191500,1
1604192400,1
1604193300,1
1604194200,1
1604195100,1
1604196000,1
1604196900,1
1604197800,1
1604198700,1
1604199600,1
1604200500,1
1604201400,1
1604202300,1
1604203200,1
1604204100,1
1604205000,1
1604205900,1
1604206800,1
1604207700,1
1604208600,1
1604209500,1
1604210400,1
1604211300,1
1604212200,1
1604213100,1
1604214000,1
1604214900,1
1604215800,1
1604216700,1
1604217600,1
1604218500,1
1604219400,1
1604220300,1
1604221200,1
1604222100,1
1604223000,1
1604223900,1
1604224800,1
1604225700,1
1604226600,1
1604227500,1
1604228400,1
1604229300,1
1604230200,1
1604231100,1
1604232000,1
1604232900,1
1604233800,1
1604234700,1
1604235600,1
1604236500,1
1604237400,1
1604238300,1
1604239200,1
1604240100,1
1604241000,1
1604241900,1
1604242800,1
1604243700,1
1604244600,1
1604245500,1
1604246400,1
1604247300,1
1604248200,1
1604249100,1
1604250000,1
1604250900,1
1604251800,1
1604252700,1
1604253600,1
1604254500,1
1604255400,1
1604256300,1
1604257200,1
1604258100,1
1604259000,1
1604259900,1
1604260800,1
1604261700,1
1604262600,1
1604263500,1
1604264400,1
1604265300,1
1604266200,1
1604267100,1
1604268000,1
1604268900,1
1604269800,1
1604270700,1
1604271600,1
1604272500,1
1604273400,1
1604274300,1
1604275200,1
1604276100,1
1604277000,1
1604277900,1
1604278800,1
1604279700,1
1604280600,1
1604281500,1
1604282400,1
1604283300,1
1604284200,1
1604285100,1
1604286000,1
1604286900,1
1604287800,1
1604288700,1
1604289600,1
1604290500,1
1604291400,1
1604292300,1
1604293200,1
1604294100,1
1604295000,1
1604295900,1
1604296800,1
1604297700,1
1604298600,1
1604299500,1
1604300400,1
1604301300,1
1604302200,1
1604303100,1
1604304000,1
1604304900,1
1604305800,1
1604306700,1
1604307600,1
1604308500,1
1604309400,1
1604310300,1
1604311200,1
1604312100,1
1604313000,1
1604313900,1
1604314800,1
1604315700,1
1604316600,1
1604317500,1
1604318400,1
1604319300,1
1604320200,1
1604321100,1
1604322000,1
1604322900,1
1604323800,1
1604324700,1
1604325600,1
1604326500,1
1604327400,1
1604328300,1
1604329200,1
1604330100,1
1604331000,1
1604331900,1
1604332800,1
1604333700,1
1604334600,1
1604335500,1
1604336400,1
1604337300,1
1604338200,1
1604339100,1
1604340000,1
1604340900,1
1604341800,1
1604342700,1
1604343600,1
1604344500,1
1604345400,1
1604346300,1
1604347200,1
1604348100,1
1604349000,1
1604349900,1
1604350800,1
1604351700,1
1604352600,1
1604353500,1
1604354400,1
1604355300,1
1604356200,1
1604357100,1
1604358000,1
1604358900,1
1604359800,1
1604360700,1
1604361600,1
1604362500,1
1604363400,1
1604364300,1
1604365200,1
1604366100,1
1604367000,1
1604367900,1
1604368800,1
1604369700,1
1604370600,1
1604371500,1
1604372400,1
1604373300,1
1604374200,1
1604375100,1
1604376000,1
1604376900,1
1604377800,1
1604378700,1
1604379600,1
1604380500,1
1604381400,1
1604382300,1
1604383200,1
1604384100,1
1604385000,1
1604385900,1
1604386800,1
1604387700,1
1604388600,1
1604389500,1
1604390400,1
1604391300,1
1604392200,1
1604393100,1
1604394000,1
1604394900,1
1604395800,1
1604396700,1
1604397600,1
1604398500,1
1604399400,1
1604400300,1
1604401200,1
1604402100,1
1604403000,1
1604403900,1
1604404800,1
1604405700,1
1604406600,1
1604407500,1
1604408400,1
1604409300,1
1604410200,1
1604411100,1
1604412000,1
1604412900,1
1604413800,1
1604414700,1
1604415600,1
1604416500,1
1604417400,1
1604418300,1
1604419200,1
1604420100,1
1604421000,1
1604421900,1
1604422800,1
1604423700,1
1604424600,1
1604425500,1
1604426400,1
1604427300,1
1604428200,1
1604429100,1
1604430000,1
1604430900,1
1604431800,1
1604432700,1
1604433600,1
1604434500,1
1604435400,1
1604436300,1
1604437200,1
1604438100,1
1604439000,1
1604439900,1
1604440800,1
1604441700,1
1604442600,1
1604443500,1
1604444400,1
1604445300,1
1604446200,1
1604447100,1
1604448000,1
1604448900,1
1604449800,1
1604450700,1
1604451600,1
1604452500,1
1604453400,1
1604454300,1
1604455200,1
1604456100,1
1604457000,1
1604457900,1
1604458800,1
1604459700,1
1604460600,1
1604461500,1
1604462400,1
1604463300,1
1604464200,1
1604465100,1
1604466000,1
1604466900,1
1604467800,1
1604468700,1
1604469600,1
1604470500,1
1604471400,1
1604472300,1
1604473200,1
1604474100,1
1604475000,1
1604475900,1
1604476800,1
1604477700,1
1604478600,1
1604479500,1
1604480400,1
1604481300,1
1604482200,1
1604483100,1
1604484000,1
1604484900,1
1604485800,1
1604486700,1
1604487600,1
1604488500,1
1604489400,1
1604490300,1
1604491200,1
1604492100,1
1604493000,1
1604493900,1
1604494800,1
1604495700,1
1604496600,1
1604497500,1
1604498400,1
1604499300,1
1604500200,1
1604501100,1
1604502000,1
1604502900,1
1604503800,1
1604504700,1
1604505600,1
1604506500,1
1604507400,1
1604508300,1
1604509200,1
1604510100,1
1604511000,1
1604511900,1
1604512800,1
1604513700,1
1604514600,1
1604515500,1
1604516400,1
1604517300,1
1604518200,1
1604519100,1
1604520000,1
1604520900,1
1604521800,1
1604522700,1
1604523600,1
1604524500,1
1604525400,1
1604526300,1
1604527200,1
1604528100,1
1604529000,1
1604529900,1
1604530800,1
1604531700,1
1604532600,1
1604533500,1
1604534400,1
1604535300,1
1604536200,1
1604537100,1
1604538000,1
1604538900,1
1604539800,1
1604540700,1
1604541600,1
1604542500,1
1604543400,1
1604544300,1
1604545200,1
1604546100,1
1604547000,1
1604547900,1
1604548800,1
1604549700,1
1604550600,1
1604551500,1
1604552400,1
1604553300,1
1604554200,1
1604555100,1
1604556000,1
1604556900,1
1604557800,1
1604558700,1
1604559600,1
1604560500,1
1604561400,1
1604562300,1
1604563200,1
1604564100,1
1604565000,1
1604565900,1
1604566800,1
1604567700,1
1604568600,1
1604569500,1
1604570400,1
1604571300,1
1604572200,1
1604573100,1
1604574000,1
1604574900,1
1604575800,1
1604576700,1
1604577600,1
1604578500,1
1604579400,1
1604580300,1
1604581200,1
1604582100,1
1604583000,1
1604583900,1
1604584800,1
1604585700,1
1604586600,1
1604587500,1
1604588400,1
1604589300,1
1604590200,1
1604591100,1
1604592000,1
1604592900,1
1604593800,1
1604594700,1
1604595600,1
1604596500,1
1604597400,1
1604598300,1
1604599200,1
1604600100,1
1604601000,1
1604601900,1
1604602800,1
1604603700,1
1604604600,1
1604605500,1
1604606400,1
1604607300,1
1604608200,1
1604609100,1
1604610000,1
1604610900,1
1604611800,1
1604612700,1
1604613600,1
1604614500,1
1604615400,1
1604616300,1
1604617200,1
1604618100,1
1604619000,1
1604619900,1
1604620800,1
1604621700,1
1604622600,1
1604623500,1
1604624400,1
1604625300,1
1604626200,1
1604627100,1
1604628000,1
1604628900,1
1604629800,1
1604630700,1
1604631600,1
1604632500,1
1604633400,1
1604634300,1
1604635200,1
1604636100,1
1604637000,1
1604637900,1
1604638800,1
1604639700,1
1604640600,1
1604641500,1
1604642400,1
1604643300,1
1604644200,1
1604645100,1
1604646000,1
1604646900,1
1604647800,1
1604648700,1
1604649600,1
1604650500,1
1604651400,1
1604652300,1
1604653200,1
1604654100,1
1604655000,1
1604655900,1
1604656800,1
1604657700,1
1604658600,1
1604659500,1
1604660400,1
1604661300,1
1604662200,1
1604663100,1
1604664000,1
1604664900,1
1604665800,1
1604666700,1
1604667600,1
1604668500,1
1604669400,1
1604670300,1
1604671200,1
1604672100,1
1604673000,1
1604673900,1
1604674800,1
1604675700,1
1604676600,1
1604677500,1
1604678400,1
1604679300,1
1604680200,1
1604681100,1
1604682000,1
1604682900,1
1604683800,1
1604684700,1
1604685600,1
1604686500,1
1604687400,1
1604688300,1
1604689200,1
1604690100,1
1604691000,1
1604691900,1
1604692800,1
1604693700,1
1604694600,1
1604695500,1
1604696400,1
1604697300,1
1604698200,1
1604699100,1
1604700000,1
1604700900,1
1604701800,1
1604702700,1
1604703600,1
1604704500,1
1604705400,1
1604706300,1
1604707200,1
1604708100,1
1604709000,1
1604709900,1
1604710800,1
1604711700,1
1604712600,1
1604713500,1
1604714400,1
1604715300,1
1604716200,1
1604717100,1
1604718000,1
1604718900,1
1604719800,1
1604720700,1
1604721600,1
1604722500,1
1604723400,1
1604724300,1
1604725200,1
1604726100,1
1604727000,1
1604727900,1
1604728800,1
1604729700,1
1604730600,1
1604731500,1
1604732400,1
1604733300,1
1604734200,1
1604735100,1
1604736000,1
1604736900,1
1604737800,1
1604738700,1
1604739600,1
1604740500,1
1604741400,1
1604742300,1
1604743200,1
1604744100,1
1604745000,1
1604745900,1
1604746800,1
1604747700,1
1604748600,1
1604749500,1
1604750400,1
1604751300,1
1604752200,1
1604753100,1
1604754000,1
1604754900,1
1604755800,1
1604756700,1
1604757600,1
1604758500,1
1604759400,1
1604760300,1
1604761200,1
1604762100,1
1604763000,1
1604763900,1
1604764800,1
1604765700,1
1604766600,1
1604767500,1
1604768400,1
1604769300,1
1604770200,1
1604771100,1
1604772000,1
1604772900,1
1604773800,1
1604774700,1
1604775600,1
1604776500,1
1604777400,1
1604778300,1
1604779200,1
1604780100,1
1604781000,1
1604781900,1
1604782800,1
1604783700,1
1604784600,1
1604785500,1
1604786400,1
1604787300,1
1604788200,1
1604789100,1
1604790000,1
1604790900,1
1604791800,1
1604792700,1
1604793600,1
1604794500,1
1604795400,1
1604796300,1
1604797200,1
1604798100,1
1604799000,1
1604799900,1
1604800800,1
1604801700,1
1604802600,1
1604803500,1
1604804400,1
1604805300,1
1604806200,1
1604807100,1
1604808000,1
1604808900,1
1604809800,1
1604810700,1
1604811600,1
1604812500,1
1604813400,1
1604814300,1
1604815200,1
1604816100,1
1604817000,1
1604817900,1
1604818800,1
1604819700,1
1604820600,1
1604821500,1
1604822400,1
1604823300,1
1604824200,1
1604825100,1
1604826000,1
1604826900,1
1604827800,1
1604828700,1
1604829600,1
1604830500,1
1604831400,1
1604832300,1
1604833200,1
1604834100,1
1604835000,1
1604835900,1
1604836800,1
1604837700,1
1604838600,1
1604839500,1
1604840400,1
1604841300,1
1604842200,1
1604843100,1
1604844000,1
1604844900,1
1604845800,1
1604846700,1
1604847600,1
1604848500,1
1604849400,1
1604850300,1
1604851200,1
1604852100,1
1604853000,1
1604853900,1
1604854800,1
1604855700,1
1604856600,1
1604857500,1
1604858400,1
1604859300,1
1604860200,1
1604861100,1
1604862000,1
1604862900,1
1604863800,1
1604864700,1
1604865600,1
1604866500,1
1604867400,1
1604868300,1
1604869200,1
1604870100,1
1604871000,1
1604871900,1
1604872800,1
1604873700,1
1604874600,1
1604875500,1
1604876400,1
1604877300,1
1604878200,1
1604879100,1
1604880000,1
1604880900,1
1604881800,1
1604882700,1
1604883600,1
1604884500,1
1604885400,1
1604886300,1
1604887200,1
1604888100,1
1604889000,1
1604889900,1
1604890800,1
1604891700,1
1604892600,1
1604893500,1
1604894400,1
1604895300,1
1604896200,1
1604897100,1
1604898000,1
1604898900,1
1604899800,1
1604900700,1
1604901600,1
1604902500,1
1604903400,1
1604904300,1
1604905200,1
1604906100,1
1604907000,1
1604907900,1
1604908800,1
1604909700,1
1604910600,1
1604911500,1
1604912400,1
1604913300,1
1604914200,1
1604915100,1
1604916000,1
1604916900,1
1604917800,1
1604918700,1
1604919600,1
1604920500,1
1604921400,1
1604922300,1
1604923200,1
1604924100,1
1604925000,1
1604925900,1
1604926800,1
1604927700,1
1604928600,1
1604929500,1
1604930400,1
1604931300,1
1604932200,1
1604933100,1
1604934000,1
1604934900,1
1604935800,1
1604936700,1
1604937600,1
1604938500,1
1604939400,1
1604940300,1
1604941200,1
1604942100,1
1604943000,1
1604943900,1
1604944800,1
1604945700,1
1604946600,1
1604947500,1
1604948400,1
1604949300,1
1604950200,1
1604951100,1
1604952000,1
1604952900,1
1604953800,1
1604954700,1
1604955600,1
1604956500,1
1604957400,1
1604958300,1
1604959200,1
1604960100,1
1604961000,1
1604961900,1
1604962800,1
1604963700,1
1604964600,1
1604965500,1
1604966400,1
1604967300,1
1604968200,1
1604969100,1
1604970000,1
1604970900,1
1604971800,1
1604972700,1
1604973600,1
1604974500,1
1604975400,1
1604976300,1
1604977200,1
1604978100,1
1604979000,1
1604979900,1
1604980800,1
1604981700,1
1604982600,1
1604983500,1
1604984400,1
1604985300,1
1604986200,1
1604987100,1
1604988000,1
1604988900,1
1604989800,1
1604990700,1
1604991600,1
1604992500,1
1604993400,1
1604994300,1
1604995200,1
1604996100,1
1604997000,1
1604997900,1
1604998800,1
1604999700,1
1605000600,1
1605001500,1
1605002400,1
1605003300,1
1605004200,1
1605005100,1
1605006000,1
1605006900,1
1605007800,1
1605008700,1
1605009600,1
1605010500,1
1605011400,1
1605012300,1
1605013200,1
1605014100,1
1605015000,1
1605015900,1
1605016800,1
1605017700,1
1605018600,1
1605019500,1
1605020400,1
1605021300,1
1605022200,1
1605023100,1
1605024000,1
1605024900,1
1605025800,1
1605026700,1
1605027600,1
1605028500,1
1605029400,1
1605030300,1
1605031200,1
1605032100,1
1605033000,1
1605033900,1
1605034800,1
1605035700,1
1605036600,1
1605037500,1
1605038400,1
1605039300,1
1605040200,1
1605041100,1
1605042000,1
1605042900,1
1605043800,1
1605044700,1
1605045600,1
1605046500,1
1605047400,1
1605048300,1
1605049200,1
1605050100,1
1605051000,1
1605051900,1
1605052800,1
1605053700,1
1605054600,1
1605055500,1
1605056400,1
1605057300,1
1605058200,1
1605059100,1
1605060000,1
1605060900,1
1605061800,1
1605062700,1
1605063600,1
1605064500,1
1605065400,1
1605066300,1
1605067200,1
1605068100,1
1605069000,1
1605069900,1
1605070800,1
1605071700,1
1605072600,1
1605073500,1
1605074400,1
1605075300,1
1605076200,1
1605077100,1
1605078000,1
1605078900,1
1605079800,1
1605080700,1
1605081600,1
1605082500,1
1605083400,1
1605084300,1
1605085200,1
1605086100,1
1605087000,1
1605087900,1
1605088800,1
1605089700,1
1605090600,1
1605091500,1
1605092400,1
1605093300,1
1605094200,1
1605095100,1
1605096000,1
1605096900,1
1605097800,1
1605098700,1
1605099600,1
1605100500,1
1605101400,1
1605102300,1
1605103200,1
1605104100,1
1605105000,1
1605105900,1
1605106800,1
1605107700,1
1605108600,1
1605109500,1
1605110400,1
1605111300,1
1605112200,1
1605113100,1
1605114000,1
1605114900,1
1605115800,1
1605116700,1
1605117600,1
1605118500,1
1605119400,1
1605120300,1
1605121200,1
1605122100,1
1605123000,1
1605123900,1
1605124800,1
1605125700,1
1605126600,1
1605127500,1
1605128400,1
1605129300,1
1605130200,1
1605131100,1
1605132000,1
1605132900,1
1605133800,1
1605134700,1
1605135600,1
1605136500,1
1605137400,1
1605138300,1
1605139200,1
1605140100,1
1605141000,1
1605141900,1
1605142800,1
1605143700,1
1605144600,1
1605145500,1
1605146400,1
1605147300,1
1605148200,1
1605149100,1
1605150000,1
1605150900,1
1605151800,1
1605152700,1
1605153600,1
1605154500,1
1605155400,1
1605156300,1
1605157200,1
1605158100,1
1605159000,1
1605159900,1
1605160800,1
1605161700,1
1605162600,1
1605163500,1
1605164400,1
1605165300,1
1605166200,1
1605167100,1
1605168000,1
1605168900,1
1605169800,1
1605170700,1
1605171600,1
1605172500,1
1605173400,1
1605174300,1
1605175200,1
1605176100,1
1605177000,1
1605177900,1
1605178800,1
1605179700,1
1605180600,1
1605181500,1
1605182400,1
1605183300,1
1605184200,1
1605185100,1
1605186000,1
1605186900,1
1605187800,1
1605188700,1
1605189600,1
1605190500,1
1605191400,1
1605192300,1
1605193200,1
1605194100,1
1605195000,1
1605195900,1
1605196800,1
1605197700,1
1605198600,1
1605199500,1
1605200400,1
1605201300,1
1605202200,1
1605203100,1
1605204000,1
1605204900,1
1605205800,1
1605206700,1
1605207600,1
1605208500,1
1605209400,1
1605210300,1
1605211200,1
1605212100,1
1605213000,1
1605213900,1
1605214800,1
1605215700,1
1605216600,1
1605217500,1
1605218400,1
1605219300,1
1605220200,1
1605221100,1
1605222000,1
1605222900,1
1605223800,1
1605224700,1
1605225600,1
1605226500,1
1605227400,1
1605228300,1
1605229200,1
1605230100,1
1605231000,1
1605231900,1
1605232800,1
1605233700,1
1605234600,1
1605235500,1
1605236400,1
1605237300,1
1605238200,1
1605239100,1
1605240000,1
1605240900,1
1605241800,1
1605242700,1
1605243600,1
1605244500,1
1605245400,1
1605246300,1
1605247200,1
1605248100,1
1605249000,1
1605249900,1
1605250800,1
1605251700,1
1605252600,1
1605253500,1
1605254400,1
1605255300,1
1605256200,1
1605257100,1
1605258000,1
1605258900,1
1605259800,1
1605260700,1
1605261600,1
1605262500,1
1605263400,1
1605264300,1
1605265200,1
1605266100,1
1605267000,1
1605267900,1
1605268800,1
1605269700,1
1605270600,1
1605271500,1
1605272400,1
1605273300,1
1605274200,1
1605275100,1
1605276000,1
1605276900,1
1605277800,1
1605278700,1
1605279600,1
1605280500,1
1605281400,1
1605282300,1
1605283200,1
1605284100,1
1605285000,1
1605285900,1
1605286800,1
1605287700,1
1605288600,1
1605289500,1
1605290400,1
1605291300,1
1605292200,1
1605293100,1
1605294000,1
1605294900,1
1605295800,1
1605296700,1
1605297600,1
1605298500,1
1605299400,1
1605300300,1
1605301200,1
1605302100,1
1605303000,1
1605303900,1
1605304800,1
1605305700,1
1605306600,1
1605307500,1
1605308400,1
1605309300,1
1605310200,1
1605311100,1
1605312000,1
1605312900,1
1605313800,1
1605314700,1
1605315600,1
1605316500,1
1605317400,1
1605318300,1
1605319200,1
1605320100,1
1605321000,1
1605321900,1
1605322800,1
1605323700,1
1605324600,1
1605325500,1
1605326400,1
1605327300,1
1605328200,1
1605329100,1
1605330000,1
1605330900,1
1605331800,1
1605332700,1
1605333600,1
1605334500,1
1605335400,1
1605336300,1
1605337200,1
1605338100,1
1605339000,1
1605339900,1
1605340800,1
1605341700,1
1605342600,1
1605343500,1
1605344400,1
1605345300,1
1605346200,1
1605347100,1
1605348000,1
1605348900,1
1605349800,1
1605350700,1
1605351600,1
1605352500,1
1605353400,1
1605354300,1
1605355200,1
1605356100,1
1605357000,1
1605357900,1
1605358800,1
1605359700,1
1605360600,1
1605361500,1
1605362400,1
1605363300,1
1605364200,1
1605365100,1
1605366000,1
1605366900,1
1605367800,1
1605368700,1
1605369600,1
1605370500,1
1605371400,1
1605372300,1
1605373200,1
1605374100,1
1605375000,1
1605375900,1
1605376800,1
1605377700,1
1605378600,1
1605379500,1
1605380400,1
1605381300,1
1605382200,1
1605383100,1
1605384000,1
1605384900,1
1605385800,1
1605386700,1
1605387600,1
1605388500,1
1605389400,1
1605390300,1
1605391200,1
1605392100,1
1605393000,1
1605393900,1
1605394800,1
1605395700,1
1605396600,1
1605397500,1
1605398400,1
1605399300,1
1605400200,1
1605401100,1
1605402000,1
1605402900,1
1605403800,1
1605404700,1
1605405600,1
1605406500,1
1605407400,1
1605408300,1
1605409200,1
1605410100,1
1605411000,1
1605411900,1
1605412800,1
1605413700,1
1605414600,1
1605415500,1
1605416400,1
1605417300,1
1605418200,1
1605419100,1
1605420000,1
1605420900,1
1605421800,1
1605422700,1
1605423600,1
1605424500,1
1605425400,1
1605426300,1
1605427200,1
1605428100,1
1605429000,1
1605429900,1
1605430800,1
1605431700,1
1605432600,1
1605433500,1
1605434400,1
1605435300,1
1605436200,1
1605437100,1
1605438000,1
1605438900,1
1605439800,1
1605440700,1
1605441600,1
1605442500,1
1605443400,1
1605444300,1
1605445200,1
1605446100,1
1605447000,1
1605447900,1
1605448800,1
1605449700,1
1605450600,1
1605451500,1
1605452400,1
1605453300,1
1605454200,1
1605455100,1
1605456000,1
1605456900,1
1605457800,1
1605458700,1
1605459600,1
1605460500,1
1605461400,1
1605462300,1
1605463200,1
1605464100,1
1605465000,1
1605465900,1
1605466800,1
1605467700,1
1605468600,1
1605469500,1
1605470400,1
1605471300,1
1605472200,1
1605473100,1
1605474000,1
1605474900,1
1605475800,1
1605476700,1
1605477600,1
1605478500,1
1605479400,1
1605480300,1
1605481200,1
1605482100,1
1605483000,1
1605483900,1
1605484800,1
1605485700,1
1605486600,1
1605487500,1
1605488400,1
1605489300,1
1605490200,1
1605491100,1
1605492000,1
1605492900,1
1605493800,1
1605494700,1
1605495600,1
1605496500,1
1605497400,1
1605498300,1
1605499200,1
1605500100,1
1605501000,1
1605501900,1
1605502800,1
1605503700,1
1605504600,1
1605505500,1
1605506400,1
1605507300,1
1605508200,1
1605509100,1
1605510000,1
1605510900,1
1605511800,1
1605512700,1
1605513600,1
1605514500,1
1605515400,1
1605516300,1
1605517200,1
1605518100,1
1605519000,1
1605519900,1
1605520800,1
1605521700,1
1605522600,1
1605523500,1
1605524400,1
1605525300,1
1605526200,1
1605527100,1
1605528000,1
1605528900,1
1605529800,1
1605530700,1
1605531600,1
1605532500,1
1605533400,1
1605534300,1
1605535200,1
1605536100,1
1605537000,1
1605537900,1
1605538800,1
1605539700,1
1605540600,1
1605541500,1
1605542400,1
1605543300,1
1605544200,1
1605545100,1
1605546000,1
1605546900,1
1605547800,1
1605548700,1
1605549600,1
1605550500,1
1605551400,1
1605552300,1
1605553200,1
1605554100,1
1605555000,1
1605555900,1
1605556800,1
1605557700,1
1605558600,1
1605559500,1
1605560400,1
1605561300,1
1605562200,1
1605563100,1
1605564000,1
1605564900,1
1605565800,1
1605566700,1
1605567600,1
1605568500,1
1605569400,1
1605570300,1
1605571200,1
1605572100,1
1605573000,1
1605573900,1
1605574800,1
1605575700,1
1605576600,1
1605577500,1
1605578400,1
1605579300,1
1605580200,1
1605581100,1
1605582000,1
1605582900,1
1605583800,1
1605584700,1
1605585600,1
1605586500,1
1605587400,1
1605588300,1
1605589200,1
1605590100,1
1605591000,1
1605591900,1
1605592800,1
1605593700,1
1605594600,1
1605595500,1
1605596400,1
1605597300,1
1605598200,1
1605599100,1
1605600000,1
1605600900,1
1605601800,1
1605602700,1
1605603600,1
1605604500,1
1605605400,1
1605606300,1
1605607200,1
1605608100,1
1605609000,1
1605609900,1
1605610800,1
1605611700,1
1605612600,1
1605613500,1
1605614400,1
1605615300,1
1605616200,1
1605617100,1
1605618000,1
1605618900,1
1605619800,1
1605620700,1
1605621600,1
1605622500,1
1605623400,1
1605624300,1
1605625200,1
1605626100,1
1605627000,1
1605627900,1
1605628800,1
1605629700,1
1605630600,1
1605631500,1
1605632400,1
1605633300,1
1605634200,1
1605635100,1
1605636000,1
1605636900,1
1605637800,1
1605638700,1
1605639600,1
1605640500,1
1605641400,1
1605642300,1
1605643200,1
1605644100,1
1605645000,1
1605645900,1
1605646800,1
1605647700,1
1605648600,1
1605649500,1
1605650400,1
1605651300,1
1605652200,1
1605653100,1
1605654000,1
1605654900,1
1605655800,1
1605656700,1
1605657600,1
1605658500,1
1605659400,1
1605660300,1
1605661200,1
1605662100,1
1605663000,1
1605663900,1
1605664800,1
1605665700,1
1605666600,1
1605667500,1
1605668400,1
1605669300,1
1605670200,1
1605671100,1
1605672000,1
1605672900,1
1605673800,1
1605674700,1
1605675600,1
1605676500,1
1605677400,1
1605678300,1
1605679200,1
1605680100,1
1605681000,1
1605681900,1
1605682800,1
1605683700,1
1605684600,1
1605685500,1
1605686400,1
1605687300,1
1605688200,1
1605689100,1
1605690000,1
1605690900,1
1605691800,1
1605692700,1
1605693600,1
1605694500,1
1605695400,1
1605696300,1
1605697200,1
1605698100,1
1605699000,1
1605699900,1
1605700800,1
1605701700,1
1605702600,1
1605703500,1
1605704400,1
1605705300,1
1605706200,1
1605707100,1
1605708000,1
1605708900,1
1605709800,1
1605710700,1
1605711600,1
1605712500,1
1605713400,1
1605714300,1
1605715200,1
1605716100,1
1605717000,1
1605717900,1
1605718800,1
1605719700,1
1605720600,1
1605721500,1
1605722400,1
1605723300,1
1605724200,1
1605725100,1
1605726000,1
1605726900,1
1605727800,1
1605728700,1
1605729600,1
1605730500,1
1605731400,1
1605732300,1
1605733200,1
1605734100,1
1605735000,1
1605735900,1
1605736800,1
1605737700,1
1605738600,1
1605739500,1
1605740400,1
1605741300,1
1605742200,1
1605743100,1
1605744000,1
1605744900,1
1605745800,1
1605746700,1
1605747600,1
1605748500,1
1605749400,1
1605750300,1
1605751200,1
1605752100,1
1605753000,1
1605753900,1
1605754800,1
1605755700,1
1605756600,1
1605757500,1
1605758400,1
1605759300,1
1605760200,1
1605761100,1
1605762000,1
1605762900,1
1605763800,1
1605764700,1
1605765600,1
1605766500,1
1605767400,1
1605768300,1
1605769200,1
1605770100,1
1605771000,1
1605771900,1
1605772800,1
1605773700,1
1605774600,1
1605775500,1
1605776400,1
1605777300,1
1605778200,1
1605779100,1
1605780000,1
1605780900,1
1605781800,1
1605782700,1
1605783600,1
1605784500,1
1605785400,1
1605786300,1
1605787200,1
1605788100,1
1605789000,1
1605789900,1
1605790800,1
1605791700,1
1605792600,1
1605793500,1
1605794400,1
1605795300,1
1605796200,1
1605797100,1
1605798000,1
1605798900,1
1605799800,1
1605800700,1
1605801600,1
1605802500,1
1605803400,1
1605804300,1
1605805200,1
1605806100,1
1605807000,1
1605807900,1
1605808800,1
1605809700,1
1605810600,1
1605811500,1
1605812400,1
1605813300,1
1605814200,1
1605815100,1
1605816000,1
1605816900,1
1605817800,1
1605818700,1
1605819600,1
1605820500,1
1605821400,1
1605822300,1
1605823200,1
1605824100,1
1605825000,1
1605825900,1
1605826800,1
1605827700,1
1605828600,1
1605829500,1
1605830400,1
1605831300,1
1605832200,1
1605833100,1
1605834000,1
1605834900,1
1605835800,1
1605836700,1
1605837600,1
1605838500,1
1605839400,1
1605840300,1
1605841200,1
1605842100,1
1605843000,1
1605843900,1
1605844800,1
1605845700,1
1605846600,1
1605847500,1
1605848400,1
1605849300,1
1605850200,1
1605851100,1
1605852000,1
1605852900,1
1605853800,1
1605854700,1
1605855600,1
1605856500,1
1605857400,1
1605858300,1
1605859200,1
1605860100,1
1605861000,1
1605861900,1
1605862800,1
1605863700,1
1605864600,1
1605865500,1
1605866400,1
1605867300,1
1605868200,1
1605869100,1
1605870000,1
1605870900,1
1605871800,1
1605872700,1
1605873600,1
1605874500,1
1605875400,1
1605876300,1
1605877200,1
1605878100,1
1605879000,1
1605879900,1
1605880800,1
1605881700,1
1605882600,1
1605883500,1
1605884400,1
1605885300,1
1605886200,1
1605887100,1
1605888000,1
1605888900,1
1605889800,1
1605890700,1
1605891600,1
1605892500,1
1605893400,1
1605894300,1
1605895200,1
1605896100,1
1605897000,1
1605897900,1
1605898800,1
1605899700,1
1605900600,1
1605901500,1
1605902400,1
1605903300,1
1605904200,1
1605905100,1
1605906000,1
1605906900,1
1605907800,1
1605908700,1
1605909600,1
1605910500,1
1605911400,1
1605912300,1
1605913200,1
1605914100,1
1605915000,1
1605915900,1
1605916800,1
1605917700,1
1605918600,1
1605919500,1
1605920400,1
1605921300,1
1605922200,1
1605923100,1
1605924000,1
1605924900,1
1605925800,1
1605926700,1
1605927600,1
1605928500,1
1605929400,1
1605930300,1
1605931200,1
1605932100,1
1605933000,1
1605933900,1
1605934800,1
1605935700,1
1605936600,1
1605937500,1
1605938400,1
1605939300,1
1605940200,1
1605941100,1
1605942000,1
1605942900,1
1605943800,1
1605944700,1
1605945600,1
1605946500,1
1605947400,1
1605948300,1
1605949200,1
1605950100,1
1605951000,1
1605951900,1
1605952800,1
1605953700,1
1605954600,1
1605955500,1
1605956400,1
1605957300,1
1605958200,1
1605959100,1
1605960000,1
1605960900,1
1605961800,1
1605962700,1
1605963600,1
1605964500,1
1605965400,1
1605966300,1
1605967200,1
1605968100,1
1605969000,1
1605969900,1
1605970800,1
1605971700,1
1605972600,1
1605973500,1
1605974400,1
1605975300,1
1605976200,1
1605977100,1
1605978000,1
1605978900,1
1605979800,1
1605980700,1
1605981600,1
1605982500,1
1605983400,1
1605984300,1
1605985200,1
1605986100,1
1605987000,1
1605987900,1
1605988800,1
1605989700,1
1605990600,1
1605991500,1
1605992400,1
1605993300,1
1605994200,1
1605995100,1
1605996000,1
1605996900,1
1605997800,1
1605998700,1
1605999600,1
1606000500,1
1606001400,1
1606002300,1
1606003200,1
1606004100,1
1606005000,1
1606005900,1
1606006800,1
1606007700,1
1606008600,1
1606009500,1
1606010400,1
1606011300,1
1606012200,1
1606013100,1
1606014000,1
1606014900,1
1606015800,1
1606016700,1
1606017600,1
1606018500,1
1606019400,1
1606020300,1
1606021200,1
1606022100,1
1606023000,1
1606023900,1
1606024800,1
1606025700,1
1606026600,1
1606027500,1
1606028400,1
1606029300,1
1606030200,1
1606031100,1
1606032000,1
1606032900,1
1606033800,1
1606034700,1
1606035600,1
1606036500,1
1606037400,1
1606038300,1
1606039200,1
1606040100,1
1606041000,1
1606041900,1
1606042800,1
1606043700,1
1606044600,1
1606045500,1
1606046400,1
1606047300,1
1606048200,1
1606049100,1
1606050000,1
1606050900,1
1606051800,1
1606052700,1
1606053600,1
1606054500,1
1606055400,1
1606056300,1
1606057200,1
1606058100,1
1606059000,1
1606059900,1
1606060800,1
1606061700,1
1606062600,1
1606063500,1
1606064400,1
1606065300,1
1606066200,1
1606067100,1
1606068000,1
1606068900,1
1606069800,1
1606070700,1
1606071600,1
1606072500,1
1606073400,1
1606074300,1
1606075200,1
1606076100,1
1606077000,1
1606077900,1
1606078800,1
1606079700,1
1606080600,1
1606081500,1
1606082400,1
1606083300,1
1606084200,1
1606085100,1
1606086000,1
1606086900,1
1606087800,1
1606088700,1
1606089600,1
1606090500,1
1606091400,1
1606092300,1
1606093200,1
1606094100,1
1606095000,1
1606095900,1
1606096800,1
1606097700,1
1606098600,1
1606099500,1
1606100400,1
1606101300,1
1606102200,1
1606103100,1
1606104000,1
1606104900,1
1606105800,1
1606106700,1
1606107600,1
1606108500,1
1606109400,1
1606110300,1
1606111200,1
1606112100,1
1606113000,1
1606113900,1
1606114800,1
1606115700,1
1606116600,1
1606117500,1
1606118400,1
1606119300,1
1606120200,1
1606121100,1
1606122000,1
1606122900,1
1606123800,1
1606124700,1
1606125600,1
1606126500,1
1606127400,1
1606128300,1
1606129200,1
1606130100,1
1606131000,1
1606131900,1
1606132800,1
1606133700,1
1606134600,1
1606135500,1
1606136400,1
1606137300,1
1606138200,1
1606139100,1
1606140000,1
1606140900,1
1606141800,1
1606142700,1
1606143600,1
1606144500,1
1606145400,1
1606146300,1
1606147200,1
1606148100,1
1606149000,1
1606149900,1
1606150800,1
1606151700,1
1606152600,1
1606153500,1
1606154400,1
1606155300,1
1606156200,1
1606157100,1
1606158000,1
1606158900,1
1606159800,1
1606160700,1
1606161600,1
1606162500,1
1606163400,1
1606164300,1
1606165200,1
1606166100,1
1606167000,1
1606167900,1
1606168800,1
1606169700,1
1606170600,1
1606171500,1
1606172400,1
1606173300,1
1606174200,1
1606175100,1
1606176000,1
1606176900,1
1606177800,1
1606178700,1
1606179600,1
1606180500,1
1606181400,1
1606182300,1
1606183200,1
1606184100,1
1606185000,1
1606185900,1
1606186800,1
1606187700,1
1606188600,1
1606189500,1
1606190400,1
1606191300,1
1606192200,1
1606193100,1
1606194000,1
1606194900,1
1606195800,1
1606196700,1
1606197600,1
1606198500,1
1606199400,1
1606200300,1
1606201200,1
1606202100,1
1606203000,1
1606203900,1
1606204800,1
1606205700,1
1606206600,1
1606207500,1
1606208400,1
1606209300,1
1606210200,1
1606211100,1
1606212000,1
1606212900,1
1606213800,1
1606214700,1
1606215600,1
1606216500,1
1606217400,1
1606218300,1
1606219200,1
1606220100,1
1606221000,1
1606221900,1
1606222800,1
1606223700,1
1606224600,1
1606225500,1
1606226400,1
1606227300,1
1606228200,1
1606229100,1
1606230000,1
1606230900,1
1606231800,1
1606232700,1
1606233600,1
1606234500,1
1606235400,1
1606236300,1
1606237200,1
1606238100,1
1606239000,1
1606239900,1
1606240800,1
1606241700,1
1606242600,1
1606243500,1
1606244400,1
1606245300,1
1606246200,1
1606247100,1
1606248000,1
1606248900,1
1606249800,1
1606250700,1
1606251600,1
1606252500,1
1606253400,1
1606254300,1
1606255200,1
1606256100,1
1606257000,1
1606257900,1
1606258800,1
1606259700,1
1606260600,1
1606261500,1
1606262400,1
1606263300,1
1606264200,1
1606265100,1
1606266000,1
1606266900,1
1606267800,1
1606268700,1
1606269600,1
1606270500,1
1606271400,1
1606272300,1
1606273200,1
1606274100,1
1606275000,1
1606275900,1
1606276800,1
1606277700,1
1606278600,1
1606279500,1
1606280400,1
1606281300,1
1606282200,1
1606283100,1
1606284000,1
1606284900,1
1606285800,1
1606286700,1
1606287600,1
1606288500,1
1606289400,1
1606290300,1
1606291200,1
1606292100,1
1606293000,1
1606293900,1
1606294800,1
1606295700,1
1606296600,1
1606297500,1
1606298400,1
1606299300,1
1606300200,1
1606301100,1
1606302000,1
1606302900,1
1606303800,1
1606304700,1
1606305600,1
1606306500,1
1606307400,1
1606308300,1
1606309200,1
1606310100,1
1606311000,1
1606311900,1
1606312800,1
1606313700,1
1606314600,1
1606315500,1
1606316400,1
1606317300,1
1606318200,1
1606319100,1
1606320000,1
1606320900,1
1606321800,1
1606322700,1
1606323600,1
1606324500,1
1606325400,1
1606326300,1
1606327200,1
1606328100,1
1606329000,1
1606329900,1
1606330800,1
1606331700,1
1606332600,1
1606333500,1
1606334400,1
1606335300,1
1606336200,1
1606337100,1
1606338000,1
1606338900,1
1606339800,1
1606340700,1
1606341600,1
1606342500,1
1606343400,1
1606344300,1
1606345200,1
1606346100,1
1606347000,1
1606347900,1
1606348800,1
1606349700,1
1606350600,1
1606351500,1
1606352400,1
1606353300,1
1606354200,1
1606355100,1
1606356000,1
1606356900,1
1606357800,1
1606358700,1
1606359600,1
1606360500,1
1606361400,1
1606362300,1
1606363200,1
1606364100,1
1606365000,1
1606365900,1
1606366800,1
1606367700,1
1606368600,1
1606369500,1
1606370400,1
1606371300,1
1606372200,1
1606373100,1
1606374000,1
1606374900,1
1606375800,1
1606376700,1
1606377600,1
1606378500,1
1606379400,1
1606380300,1
1606381200,1
1606382100,1
1606383000,1
1606383900,1
1606384800,1
1606385700,1
1606386600,1
1606387500,1
1606388400,1
1606389300,1
1606390200,1
1606391100,1
1606392000,1
1606392900,1
1606393800,1
1606394700,1
1606395600,1
1606396500,1
1606397400,1
1606398300,1
1606399200,1
1606400100,1
1606401000,1
1606401900,1
1606402800,1
1606403700,1
1606404600,1
1606405500,1
1606406400,1
1606407300,1
1606408200,1
1606409100,1
1606410000,1
1606410900,1
1606411800,1
1606412700,1
1606413600,1
1606414500,1
1606415400,1
1606416300,1
1606417200,1
1606418100,1
1606419000,1
1606419900,1
1606420800,1
1606421700,1
1606422600,1
1606423500,1
1606424400,1
1606425300,1
1606426200,1
1606427100,1
1606428000,1
1606428900,1
1606429800,1
1606430700,1
1606431600,1
1606432500,1
1606433400,1
1606434300,1
1606435200,1
1606436100,1
1606437000,1
1606437900,1
1606438800,1
1606439700,1
1606440600,1
1606441500,1
1606442400,1
1606443300,1
1606444200,1
1606445100,1
1606446000,1
1606446900,1
1606447800,1
1606448700,1
1606449600,1
1606450500,1
1606451400,1
1606452300,1
1606453200,1
1606454100,1
1606455000,1
1606455900,1
1606456800,1
1606457700,1
1606458600,1
1606459500,1
1606460400,1
1606461300,1
1606462200,1
1606463100,1
1606464000,1
1606464900,1
1606465800,1
1606466700,1
1606467600,1
1606468500,1
1606469400,1
1606470300,1
1606471200,1
1606472100,1
1606473000,1
1606473900,1
1606474800,1
1606475700,1
1606476600,1
1606477500,1
1606478400,1
1606479300,1
1606480200,1
1606481100,1
1606482000,1
1606482900,1
1606483800,1
1606484700,1
1606485600,1
1606486500,1
1606487400,1
1606488300,1
1606489200,1
1606490100,1
1606491000,1
1606491900,1
1606492800,1
1606493700,1
1606494600,1
1606495500,1
1606496400,1
1606497300,1
1606498200,1
1606499100,1
1606500000,1
1606500900,1
1606501800,1
1606502700,1
1606503600,1
1606504500,1
1606505400,1
1606506300,1
1606507200,1
1606508100,1
1606509000,1
1606509900,1
1606510800,1
1606511700,1
1606512600,1
1606513500,1
1606514400,1
1606515300,1
1606516200,1
1606517100,1
1606518000,1
1606518900,1
1606519800,1
1606520700,1
1606521600,1
1606522500,1
1606523400,1
1606524300,1
1606525200,1
1606526100,1
1606527000,1
1606527900,1
1606528800,1
1606529700,1
1606530600,1
1606531500,1
1606532400,1
1606533300,1
1606534200,1
1606535100,1
1606536000,1
1606536900,1
1606537800,1
1606538700,1
1606539600,1
1606540500,1
1606541400,1
1606542300,1
1606543200,1
1606544100,1
1606545000,1
1606545900,1
1606546800,1
1606547700,1
1606548600,1
1606549500,1
1606550400,1
1606551300,1
1606552200,1
1606553100,1
1606554000,1
1606554900,1
1606555800,1
1606556700,1
1606557600,1
1606558500,1
1606559400,1
1606560300,1
1606561200,1
1606562100,1
1606563000,1
1606563900,1
1606564800,1
1606565700,1
1606566600,1
1606567500,1
1606568400,1
1606569300,1
1606570200,1
1606571100,1
1606572000,1
1606572900,1
1606573800,1
1606574700,1
1606575600,1
1606576500,1
1606577400,1
1606578300,1
1606579200,1
1606580100,1
1606581000,1
1606581900,1
1606582800,1
1606583700,1
1606584600,1
1606585500,1
1606586400,1
1606587300,1
1606588200,1
1606589100,1
1606590000,1
1606590900,1
1606591800,1
1606592700,1
1606593600,1
1606594500,1
1606595400,1
1606596300,1
1606597200,1
1606598100,1
1606599000,1
1606599900,1
1606600800,1
1606601700,1
1606602600,1
1606603500,1
1606604400,1
1606605300,1
1606606200,1
1606607100,1
1606608000,1
1606608900,1
1606609800,1
1606610700,1
1606611600,1
1606612500,1
1606613400,1
1606614300,1
1606615200,1
1606616100,1
1606617000,1
1606617900,1
1606618800,1
1606619700,1
1606620600,1
1606621500,1
1606622400,1
1606623300,1
1606624200,1
1606625100,1
1606626000,1
1606626900,1
1606627800,1
1606628700,1
1606629600,1
1606630500,1
1606631400,1
1606632300,1
1606633200,1
1606634100,1
1606635000,1
1606635900,1
1606636800,1
1606637700,1
1606638600,1
1606639500,1
1606640400,1
1606641300,1
1606642200,1
1606643100,1
1606644000,1
1606644900,1
1606645800,1
1606646700,1
1606647600,1
1606648500,1
1606649400,1
1606650300,1
1606651200,1
1606652100,1
1606653000,1
1606653900,1
1606654800,1
1606655700,1
1606656600,1
1606657500,1
1606658400,1
1606659300,1
1606660200,1
1606661100,1
1606662000,1
1606662900,1
1606663800,1
1606664700,1
1606665600,1
1606666500,1
1606667400,1
1606668300,1
1606669200,1
1606670100,1
1606671000,1
1606671900,1
1606672800,1
1606673700,1
1606674600,1
1606675500,1
1606676400,1
1606677300,1
1606678200,1
1606679100,1
1606680000,1
1606680900,1
1606681800,1
1606682700,1
1606683600,1
1606684500,1
1606685400,1
1606686300,1
1606687200,1
1606688100,1
1606689000,1
1606689900,1
1606690800,1
1606691700,1
1606692600,1
1606693500,1
1606694400,1
1606695300,1
1606696200,1
1606697100,1
1606698000,1
1606698900,1
1606699800,1
1606700700,1
1606701600,1
1606702500,1
1606703400,1
1606704300,1
1606705200,1
1606706100,1
1606707000,1
1606707900,1
1606708800,1
1606709700,1
1606710600,1
1606711500,1
1606712400,1
1606713300,1
1606714200,1
1606715100,1
1606716000,1
1606716900,1
1606717800,1
1606718700,1
1606719600,1
1606720500,1
1606721400,1
1606722300,1
1606723200,1
1606724100,1
1606725000,1
1606725900,1
1606726800,1
1606727700,1
1606728600,1
1606729500,1
1606730400,1
1606731300,1
1606732200,1
1606733100,1
1606734000,1
1606734900,1
1606735800,1
1606736700,1
1606737600,1
1606738500,1
1606739400,1
1606740300,1
1606741200,1
1606742100,1
1606743000,1
1606743900,1
1606744800,1
1606745700,1
1606746600,1
1606747500,1
1606748400,1
1606749300,1
1606750200,1
1606751100,1
1606752000,1
1606752900,1
1606753800,1
1606754700,1
1606755600,1
1606756500,1
1606757400,1
1606758300,1
1606759200,1
1606760100,1
1606761000,1
1606761900,1
1606762800,1
1606763700,1
1606764600,1
1606765500,1
1606766400,1
1606767300,1
1606768200,1
1606769100,1
1606770000,1
1606770900,1
1606771800,1
1606772700,1
1606773600,1
1606774500,1
1606775400,1
1606776300,1
1606777200,1
1606778100,1
1606779000,1
1606779900,1
1606780800,1
1606781700,1
1606782600,1
1606783500,1
1606784400,1
1606785300,1
1606786200,1
1606787100,1
1606788000,1
1606788900,1
1606789800,1
1606790700,1
1606791600,1
1606792500,1
1606793400,1
1606794300,1
1606795200,1
1606796100,1
1606797000,1
1606797900,1
1606798800,1
1606799700,1
1606800600,1
1606801500,1
1606802400,1
1606803300,1
1606804200,1
1606805100,1
1606806000,1
1606806900,1
1606807800,1
1606808700,1
1606809600,1
1606810500,1
1606811400,1
1606812300,1
1606813200,1
1606814100,1
1606815000,1
1606815900,1
1606816800,1
1606817700,1
1606818600,1
1606819500,1
1606820400,1
1606821300,1
1606822200,1
1606823100,1
1606824000,1
1606824900,1
1606825800,1
1606826700,1
1606827600,1
1606828500,1
1606829400,1
1606830300,1
1606831200,1
1606832100,1
1606833000,1
1606833900,1
1606834800,1
1606835700,1
1606836600,1
1606837500,1
1606838400,1
1606839300,1
1606840200,1
1606841100,1
1606842000,1
1606842900,1
1606843800,1
1606844700,1
1606845600,1
1606846500,1
1606847400,1
1606848300,1
1606849200,1
1606850100,1
1606851000,1
1606851900,1
1606852800,1
1606853700,1
1606854600,1
1606855500,1
1606856400,1
1606857300,1
1606858200,1
1606859100,1
1606860000,1
1606860900,1
1606861800,1
1606862700,1
1606863600,1
1606864500,1
1606865400,1
1606866300,1
1606867200,1
1606868100,1
1606869000,1
1606869900,1
1606870800,1
1606871700,1
1606872600,1
1606873500,1
1606874400,1
1606875300,1
1606876200,1
1606877100,1
1606878000,1
1606878900,1
1606879800,1
1606880700,1
1606881600,1
1606882500,1
1606883400,1
1606884300,1
1606885200,1
1606886100,1
1606887000,1
1606887900,1
1606888800,1
1606889700,1
1606890600,1
1606891500,1
1606892400,1
1606893300,1
1606894200,1
1606895100,1
1606896000,1
1606896900,1
1606897800,1
1606898700,1
1606899600,1
1606900500,1
1606901400,1
1606902300,1
1606903200,1
1606904100,1
1606905000,1
1606905900,1
1606906800,1
1606907700,1
1606908600,1
1606909500,1
1606910400,1
1606911300,1
1606912200,1
1606913100,1
1606914000,1
1606914900,1
1606915800,1
1606916700,1
1606917600,1
1606918500,1
1606919400,1
1606920300,1
1606921200,1
1606922100,1
1606923000,1
1606923900,1
1606924800,1
1606925700,1
1606926600,1
1606927500,1
1606928400,1
1606929300,1
1606930200,1
1606931100,1
1606932000,1
1606932900,1
1606933800,1
1606934700,1
1606935600,1
1606936500,1
1606937400,1
1606938300,1
1606939200,1
1606940100,1
1606941000,1
1606941900,1
1606942800,1
1606943700,1
1606944600,1
1606945500,1
1606946400,1
1606947300,1
1606948200,1
1606949100,1
1606950000,1
1606950900,1
1606951800,1
1606952700,1
1606953600,1
1606954500,1
1606955400,1
1606956300,1
1606957200,1
1606958100,1
1606959000,1
1606959900,1
1606960800,1
1606961700,1
1606962600,1
1606963500,1
1606964400,1
1606965300,1
1606966200,1
1606967100,1
1606968000,1
1606968900,1
1606969800,1
1606970700,1
1606971600,1
1606972500,1
1606973400,1
1606974300,1
1606975200,1
1606976100,1
1606977000,1
1606977900,1
1606978800,1
1606979700,1
1606980600,1
1606981500,1
1606982400,1
1606983300,1
1606984200,1
1606985100,1
1606986000,1
1606986900,1
1606987800,1
1606988700,1
1606989600,1
1606990500,1
1606991400,1
1606992300,1
1606993200,1
1606994100,1
1606995000,1
1606995900,1
1606996800,1
1606997700,1
1606998600,1
1606999500,1
1607000400,1
1607001300,1
1607002200,1
1607003100,1
1607004000,1
1607004900,1
1607005800,1
1607006700,1
1607007600,1
1607008500,1
1607009400,1
1607010300,1
1607011200,1
1607012100,1
1607013000,1
1607013900,1
1607014800,1
1607015700,1
1607016600,1
1607017500,1
1607018400,1
1607019300,1
1607020200,1
1607021100,1
1607022000,1
1607022900,1
1607023800,1
1607024700,1
1607025600,1
1607026500,1
1607027400,1
1607028300,1
1607029200,1
1607030100,1
1607031000,1
1607031900,1
1607032800,1
1607033700,1
1607034600,1
1607035500,1
1607036400,1
1607037300,1
1607038200,1
1607039100,1
1607040000,1
1607040900,1
1607041800,1
1607042700,1
1607043600,1
1607044500,1
1607045400,1
1607046300,1
1607047200,1
1607048100,1
1607049000,1
1607049900,1
1607050800,1
1607051700,1
1607052600,1
1607053500,1
1607054400,1
1607055300,1
1607056200,1
1607057100,1
1607058000,1
1607058900,1
1607059800,1
1607060700,1
1607061600,1
1607062500,1
1607063400,1
1607064300,1
1607065200,1
1607066100,1
1607067000,1
1607067900,1
1607068800,1
1607069700,1
1607070600,1
1607071500,1
1607072400,1
1607073300,1
1607074200,1
1607075100,1
1607076000,1
1607076900,1
1607077800,1
1607078700,1
1607079600,1
1607080500,1
1607081400,1
1607082300,1
1607083200,1
1607084100,1
1607085000,1
1607085900,1
1607086800,1
1607087700,1
1607088600,1
1607089500,1
1607090400,1
1607091300,1
1607092200,1
1607093100,1
1607094000,1
1607094900,1
1607095800,1
1607096700,1
1607097600,1
1607098500,1
1607099400,1
1607100300,1
1607101200,1
1607102100,1
1607103000,1
1607103900,1
1607104800,1
1607105700,1
1607106600,1
1607107500,1
1607108400,1
1607109300,1
1607110200,1
1607111100,1
1607112000,1
1607112900,1
1607113800,1
1607114700,1
1607115600,1
1607116500,1
1607117400,1
1607118300,1
1607119200,1
1607120100,1
1607121000,1
1607121900,1
1607122800,1
1607123700,1
1607124600,1
1607125500,1
1607126400,1
1607127300,1
1607128200,1
1607129100,1
1607130000,1
1607130900,1
1607131800,1
1607132700,1
1607133600,1
1607134500,1
1607135400,1
1607136300,1
1607137200,1
1607138100,1
1607139000,1
1607139900,1
1607140800,1
1607141700,1
1607142600,1
1607143500,1
1607144400,1
1607145300,1
1607146200,1
1607147100,1
1607148000,1
1607148900,1
1607149800,1
1607150700,1
1607151600,1
1607152500,1
1607153400,1
1607154300,1
1607155200,1
1607156100,1
1607157000,1
1607157900,1
1607158800,1
1607159700,1
1607160600,1
1607161500,1
1607162400,1
1607163300,1
1607164200,1
1607165100,1
1607166000,1
1607166900,1
1607167800,1
1607168700,1
1607169600,1
1607170500,1
1607171400,1
1607172300,1
1607173200,1
1607174100,1
1607175000,1
1607175900,1
1607176800,1
1607177700,1
1607178600,1
1607179500,1
1607180400,1
1607181300,1
1607182200,1
1607183100,1
1607184000,1
1607184900,1
1607185800,1
1607186700,1
1607187600,1
1607188500,1
1607189400,1
1607190300,1
1607191200,1
1607192100,1
1607193000,1
1607193900,1
1607194800,1
1607195700,1
1607196600,1
1607197500,1
1607198400,1
1607199300,1
1607200200,1
1607201100,1
1607202000,1
1607202900,1
1607203800,1
1607204700,1
1607205600,1
1607206500,1
1607207400,1
1607208300,1
1607209200,1
1607210100,1
1607211000,1
1607211900,1
1607212800,1
1607213700,1
1607214600,1
1607215500,1
1607216400,1
1607217300,1
1607218200,1
1607219100,1
1607220000,1
1607220900,1
1607221800,1
1607222700,1
1607223600,1
1607224500,1
1607225400,1
1607226300,1
1607227200,1
1607228100,1
1607229000,1
1607229900,1
1607230800,1
1607231700,1
1607232600,1
1607233500,1
1607234400,1
1607235300,1
1607236200,1
1607237100,1
1607238000,1
1607238900,1
1607239800,1
1607240700,1
1607241600,1
1607242500,1
1607243400,1
1607244300,1
1607245200,1
1607246100,1
1607247000,1
1607247900,1
1607248800,1
1607249700,1
1607250600,1
1607251500,1
1607252400,1
1607253300,1
1607254200,1
1607255100,1
1607256000,1
1607256900,1
1607257800,1
1607258700,1
1607259600,1
1607260500,1
1607261400,1
1607262300,1
1607263200,1
1607264100,1
1607265000,1
1607265900,1
1607266800,1
1607267700,1
1607268600,1
1607269500,1
1607270400,1
1607271300,1
1607272200,1
1607273100,1
1607274000,1
1607274900,1
1607275800,1
1607276700,1
1607277600,1
1607278500,1
1607279400,1
1607280300,1
1607281200,1
1607282100,1
1607283000,1
1607283900,1
1607284800,1
1607285700,1
1607286600,1
1607287500,1
1607288400,1
1607289300,1
1607290200,1
1607291100,1
1607292000,1
1607292900,1
1607293800,1
1607294700,1
1607295600,1
1607296500,1
1607297400,1
1607298300,1
1607299200,1
1607300100,1
1607301000,1
1607301900,1
1607302800,1
1607303700,1
1607304600,1
1607305500,1
1607306400,1
1607307300,1
1607308200,1
1607309100,1
1607310000,1
1607310900,1
1607311800,1
1607312700,1
1607313600,1
1607314500,1
1607315400,1
1607316300,1
1607317200,1
1607318100,1
1607319000,1
1607319900,1
1607320800,1
1607321700,1
1607322600,1
1607323500,1
1607324400,1
1607325300,1
1607326200,1
1607327100,1
1607328000,1
1607328900,1
1607329800,1
1607330700,1
1607331600,1
1607332500,1
1607333400,1
1607334300,1
1607335200,1
1607336100,1
1607337000,1
1607337900,1
1607338800,1
1607339700,1
1607340600,1
1607341500,1
1607342400,1
1607343300,1
1607344200,1
1607345100,1
1607346000,1
1607346900,1
1607347800,1
1607348700,1
1607349600,1
1607350500,1
1607351400,1
1607352300,1
1607353200,1
1607354100,1
1607355000,1
1607355900,1
1607356800,1
1607357700,1
1607358600,1
1607359500,1
1607360400,1
1607361300,1
1607362200,1
1607363100,1
1607364000,1
1607364900,1
1607365800,1
1607366700,1
1607367600,1
1607368500,1
1607369400,1
1607370300,1
1607371200,1
1607372100,1
1607373000,1
1607373900,1
1607374800,1
1607375700,1
1607376600,1
1607377500,1
1607378400,1
1607379300,1
1607380200,1
1607381100,1
1607382000,1
1607382900,1
1607383800,1
1607384700,1
1607385600,1
1607386500,1
1607387400,1
1607388300,1
1607389200,1
1607390100,1
1607391000,1
1607391900,1
1607392800,1
1607393700,1
1607394600,1
1607395500,1
1607396400,1
1607397300,1
1607398200,1
1607399100,1
1607400000,1
1607400900,1
1607401800,1
1607402700,1
1607403600,1
1607404500,1
1607405400,1
1607406300,1
1607407200,1
1607408100,1
1607409000,1
1607409900,1
1607410800,1
1607411700,1
1607412600,1
1607413500,1
1607414400,1
1607415300,1
1607416200,1
1607417100,1
1607418000,1
1607418900,1
1607419800,1
1607420700,1
1607421600,1
1607422500,1
1607423400,1
1607424300,1
1607425200,1
1607426100,1
1607427000,1
1607427900,1
1607428800,1
1607429700,1
1607430600,1
1607431500,1
1607432400,1
1607433300,1
1607434200,1
1607435100,1
1607436000,1
1607436900,1
1607437800,1
1607438700,1
1607439600,1
1607440500,1
1607441400,1
1607442300,1
1607443200,1
1607444100,1
1607445000,1
1607445900,1
1607446800,1
1607447700,1
1607448600,1
1607449500,1
1607450400,1
1607451300,1
1607452200,1
1607453100,1
1607454000,1
1607454900,1
1607455800,1
1607456700,1
1607457600,1
1607458500,1
1607459400,1
1607460300,1
1607461200,1
1607462100,1
1607463000,1
1607463900,1
1607464800,1
1607465700,1
1607466600,1
1607467500,1
1607468400,1
1607469300,1
1607470200,1
1607471100,1
1607472000,1
1607472900,1
1607473800,1
1607474700,1
1607475600,1
1607476500,1
1607477400,1
1607478300,1
1607479200,1
1607480100,1
1607481000,1
1607481900,1
1607482800,1
1607483700,1
1607484600,1
1607485500,1
1607486400,1
1607487300,1
1607488200,1
1607489100,1
1607490000,1
1607490900,1
1607491800,1
1607492700,1
1607493600,1
1607494500,1
1607495400,1
1607496300,1
1607497200,1
1607498100,1
1607499000,1
1607499900,1
1607500800,1
1607501700,1
1607502600,1
1607503500,1
1607504400,1
1607505300,1
1607506200,1
1607507100,1
1607508000,1
1607508900,1
1607509800,1
1607510700,1
1607511600,1
1607512500,1
1607513400,1
1607514300,1
1607515200,1
1607516100,1
1607517000,1
1607517900,1
1607518800,1
1607519700,1
1607520600,1
1607521500,1
1607522400,1
1607523300,1
1607524200,1
1607525100,1
1607526000,1
1607526900,1
1607527800,1
1607528700,1
1607529600,1
1607530500,1
1607531400,1
1607532300,1
1607533200,1
1607534100,1
1607535000,1
1607535900,1
1607536800,1
1607537700,1
1607538600,1
1607539500,1
1607540400,1
1607541300,1
1607542200,1
1607543100,1
1607544000,1
1607544900,1
1607545800,1
1607546700,1
1607547600,1
1607548500,1
1607549400,1
1607550300,1
1607551200,1
1607552100,1
1607553000,1
1607553900,1
1607554800,1
1607555700,1
1607556600,1
1607557500,1
1607558400,1
1607559300,1
1607560200,1
1607561100,1
1607562000,1
1607562900,1
1607563800,1
1607564700,1
1607565600,1
1607566500,1
1607567400,1
1607568300,1
1607569200,1
1607570100,1
1607571000,1
1607571900,1
1607572800,1
1607573700,1
1607574600,1
1607575500,1
1607576400,1
1607577300,1
1607578200,1
1607579100,1
1607580000,1
1607580900,1
1607581800,1
1607582700,1
1607583600,1
1607584500,1
1607585400,1
1607586300,1
1607587200,1
1607588100,1
1607589000,1
1607589900,1
1607590800,1
1607591700,1
1607592600,1
1607593500,1
1607594400,1
1607595300,1
1607596200,1
1607597100,1
1607598000,1
1607598900,1
1607599800,1
1607600700,1
1607601600,1
1607602500,1
1607603400,1
1607604300,1
1607605200,1
1607606100,1
1607607000,1
1607607900,1
1607608800,1
1607609700,1
1607610600,1
1607611500,1
1607612400,1
1607613300,1
1607614200,1
1607615100,1
1607616000,1
1607616900,1
1607617800,1
1607618700,1
1607619600,1
1607620500,1
1607621400,1
1607622300,1
1607623200,1
1607624100,1
1607625000,1
1607625900,1
1607626800,1
1607627700,1
1607628600,1
1607629500,1
1607630400,1
1607631300,1
1607632200,1
1607633100,1
1607634000,1
1607634900,1
1607635800,1
1607636700,1
1607637600,1
1607638500,1
1607639400,1
1607640300,1
1607641200,1
1607642100,1
1607643000,1
1607643900,1
1607644800,1
1607645700,1
1607646600,1
1607647500,1
1607648400,1
1607649300,1
1607650200,1
1607651100,1
1607652000,1
1607652900,1
1607653800,1
1607654700,1
1607655600,1
1607656500,1
1607657400,1
1607658300,1
1607659200,1
1607660100,1
1607661000,1
1607661900,1
1607662800,1
1607663700,1
1607664600,1
1607665500,1
1607666400,1
1607667300,1
1607668200,1
1607669100,1
1607670000,1
1607670900,1
1607671800,1
1607672700,1
1607673600,1
1607674500,1
1607675400,1
1607676300,1
1607677200,1
1607678100,1
1607679000,1
1607679900,1
1607680800,1
1607681700,1
1607682600,1
1607683500,1
1607684400,1
1607685300,1
1607686200,1
1607687100,1
1607688000,1
1607688900,1
1607689800,1
1607690700,1
1607691600,1
1607692500,1
1607693400,1
1607694300,1
1607695200,1
1607696100,1
1607697000,1
1607697900,1
1607698800,1
1607699700,1
1607700600,1
1607701500,1
1607702400,1
1607703300,1
1607704200,1
1607705100,1
1607706000,1
1607706900,1
1607707800,1
1607708700,1
1607709600,1
1607710500,1
1607711400,1
1607712300,1
1607713200,1
1607714100,1
1607715000,1
1607715900,1
1607716800,1
1607717700,1
1607718600,1
1607719500,1
1607720400,1
1607721300,1
1607722200,1
1607723100,1
1607724000,1
1607724900,1
1607725800,1
1607726700,1
1607727600,1
1607728500,1
1607729400,1
1607730300,1
1607731200,1
1607732100,1
1607733000,1
1607733900,1
1607734800,1
1607735700,1
1607736600,1
1607737500,1
1607738400,1
1607739300,1
1607740200,1
1607741100,1
1607742000,1
1607742900,1
1607743800,1
1607744700,1
1607745600,1
1607746500,1
1607747400,1
1607748300,1
1607749200,1
1607750100,1
1607751000,1
1607751900,1
1607752800,1
1607753700,1
1607754600,1
1607755500,1
1607756400,1
1607757300,1
1607758200,1
1607759100,1
1607760000,1
1607760900,1
1607761800,1
1607762700,1
1607763600,1
1607764500,1
1607765400,1
1607766300,1
1607767200,1
1607768100,1
1607769000,1
1607769900,1
1607770800,1
1607771700,1
1607772600,1
1607773500,1
1607774400,1
1607775300,1
1607776200,1
1607777100,1
1607778000,1
1607778900,1
1607779800,1
1607780700,1
1607781600,1
1607782500,1
1607783400,1
1607784300,1
1607785200,1
1607786100,1
1607787000,1
1607787900,1
1607788800,1
1607789700,1
1607790600,1
1607791500,1
1607792400,1
1607793300,1
1607794200,1
1607795100,1
1607796000,1
1607796900,1
1607797800,1
1607798700,1
1607799600,1
1607800500,1
1607801400,1
1607802300,1
1607803200,1
1607804100,1
1607805000,1
1607805900,1
1607806800,1
1607807700,1
1607808600,1
1607809500,1
1607810400,1
1607811300,1
1607812200,1
1607813100,1
1607814000,1
1607814900,1
1607815800,1
1607816700,1
1607817600,1
1607818500,1
1607819400,1
1607820300,1
1607821200,1
1607822100,1
1607823000,1
1607823900,1
1607824800,1
1607825700,1
1607826600,1
1607827500,1
1607828400,1
1607829300,1
1607830200,1
1607831100,1
1607832000,1
1607832900,1
1607833800,1
1607834700,1
1607835600,1
1607836500,1
1607837400,1
1607838300,1
1607839200,1
1607840100,1
1607841000,1
1607841900,1
1607842800,1
1607843700,1
1607844600,1
1607845500,1
1607846400,1
1607847300,1
1607848200,1
1607849100,1
1607850000,1
1607850900,1
1607851800,1
1607852700,1
1607853600,1
1607854500,1
1607855400,1
1607856300,1
1607857200,1
1607858100,1
1607859000,1
1607859900,1
1607860800,1
1607861700,1
1607862600,1
1607863500,1
1607864400,1
1607865300,1
1607866200,1
1607867100,1
1607868000,1
1607868900,1
1607869800,1
1607870700,1
1607871600,1
1607872500,1
1607873400,1
1607874300,1
1607875200,1
1607876100,1
1607877000,1
1607877900,1
1607878800,1
1607879700,1
1607880600,1
1607881500,1
1607882400,1
1607883300,1
1607884200,1
1607885100,1
1607886000,1
1607886900,1
1607887800,1
1607888700,1
1607889600,1
1607890500,1
1607891400,1
1607892300,1
1607893200,1
1607894100,1
1607895000,1
1607895900,1
1607896800,1
1607897700,1
1607898600,1
1607899500,1
1607900400,1
1607901300,1
1607902200,1
1607903100,1
1607904000,1
1607904900,1
1607905800,1
1607906700,1
1607907600,1
1607908500,1
1607909400,1
1607910300,1
1607911200,1
1607912100,1
1607913000,1
1607913900,1
1607914800,1
1607915700,1
1607916600,1
1607917500,1
1607918400,1
1607919300,1
1607920200,1
1607921100,1
1607922000,1
1607922900,1
1607923800,1
1607924700,1
1607925600,1
1607926500,1
1607927400,1
1607928300,1
1607929200,1
1607930100,1
1607931000,1
1607931900,1
1607932800,1
1607933700,1
1607934600,1
1607935500,1
1607936400,1
1607937300,1
1607938200,1
1607939100,1
1607940000,1
1607940900,1
1607941800,1
1607942700,1
1607943600,1
1607944500,1
1607945400,1
1607946300,1
1607947200,1
1607948100,1
1607949000,1
1607949900,1
1607950800,1
1607951700,1
1607952600,1
1607953500,1
1607954400,1
1607955300,1
1607956200,1
1607957100,1
1607958000,1
1607958900,1
1607959800,1
1607960700,1
1607961600,1
1607962500,1
1607963400,1
1607964300,1
1607965200,1
1607966100,1
1607967000,1
1607967900,1
1607968800,1
1607969700,1
1607970600,1
1607971500,1
1607972400,1
1607973300,1
1607974200,1
1607975100,1
1607976000,1
1607976900,1
1607977800,1
1607978700,1
1607979600,1
1607980500,1
1607981400,1
1607982300,1
1607983200,1
1607984100,1
1607985000,1
1607985900,1
1607986800,1
1607987700,1
1607988600,1
1607989500,1
1607990400,1
1607991300,1
1607992200,1
1607993100,1
1607994000,1
1607994900,1
1607995800,1
1607996700,1
1607997600,1
1607998500,1
1607999400,1
1608000300,1
1608001200,1
1608002100,1
1608003000,1
1608003900,1
1608004800,1
1608005700,1
1608006600,1
1608007500,1
1608008400,1
1608009300,1
1608010200,1
1608011100,1
1608012000,1
1608012900,1
1608013800,1
1608014700,1
1608015600,1
1608016500,1
1608017400,1
1608018300,1
1608019200,1
1608020100,1
1608021000,1
1608021900,1
1608022800,1
1608023700,1
1608024600,1
1608025500,1
1608026400,1
1608027300,1
1608028200,1
1608029100,1
1608030000,1
1608030900,1
1608031800,1
1608032700,1
1608033600,1
1608034500,1
1608035400,1
1608036300,1
1608037200,1
1608038100,1
1608039000,1
1608039900,1
1608040800,1
1608041700,1
1608042600,1
1608043500,1
1608044400,1
1608045300,1
1608046200,1
1608047100,1
1608048000,1
1608048900,1
1608049800,1
1608050700,1
1608051600,1
1608052500,1
1608053400,1
1608054300,1
1608055200,1
1608056100,1
1608057000,1
1608057900,1
1608058800,1
1608059700,1
1608060600,1
1608061500,1
1608062400,1
1608063300,1
1608064200,1
1608065100,1
1608066000,1
1608066900,1
1608067800,1
1608068700,1
1608069600,1
1608070500,1
1608071400,1
1608072300,1
1608073200,1
1608074100,1
1608075000,1
1608075900,1
1608076800,1
1608077700,1
1608078600,1
1608079500,1
1608080400,1
1608081300,1
1608082200,1
1608083100,1
1608084000,1
1608084900,1
1608085800,1
1608086700,1
1608087600,1
1608088500,1
1608089400,1
1608090300,1
1608091200,1
1608092100,1
1608093000,1
1608093900,1
1608094800,1
1608095700,1
1608096600,1
1608097500,1
1608098400,1
1608099300,1
1608100200,1
1608101100,1
1608102000,1
1608102900,1
1608103800,1
1608104700,1
1608105600,1
1608106500,1
1608107400,1
1608108300,1
1608109200,1
1608110100,1
1608111000,1
1608111900,1
1608112800,1
1608113700,1
1608114600,1
1608115500,1
1608116400,1
1608117300,1
1608118200,1
1608119100,1
1608120000,1
1608120900,1
1608121800,1
1608122700,1
1608123600,1
1608124500,1
1608125400,1
1608126300,1
1608127200,1
1608128100,1
1608129000,1
1608129900,1
1608130800,1
1608131700,1
1608132600,1
1608133500,1
1608134400,1
1608135300,1
1608136200,1
1608137100,1
1608138000,1
1608138900,1
1608139800,1
1608140700,1
1608141600,1
1608142500,1
1608143400,1
1608144300,1
1608145200,1
1608146100,1
1608147000,1
1608147900,1
1608148800,1
1608149700,1
1608150600,1
1608151500,1
1608152400,1
1608153300,1
1608154200,1
1608155100,1
1608156000,1
1608156900,1
1608157800,1
1608158700,1
1608159600,1
1608160500,1
1608161400,1
1608162300,1
1608163200,1
1608164100,1
1608165000,1
1608165900,1
1608166800,1
1608167700,1
1608168600,1
1608169500,1
1608170400,1
1608171300,1
1608172200,1
1608173100,1
1608174000,1
1608174900,1
1608175800,1
1608176700,1
1608177600,1
1608178500,1
1608179400,1
1608180300,1
1608181200,1
1608182100,1
1608183000,1
1608183900,1
1608184800,1
1608185700,1
1608186600,1
1608187500,1
1608188400,1
1608189300,1
1608190200,1
1608191100,1
1608192000,1
1608192900,1
1608193800,1
1608194700,1
1608195600,1
1608196500,1
1608197400,1
1608198300,1
1608199200,1
1608200100,1
1608201000,1
1608201900,1
1608202800,1
1608203700,1
1608204600,1
1608205500,1
1608206400,1
1608207300,1
1608208200,1
1608209100,1
1608210000,1
1608210900,1
1608211800,1
1608212700,1
1608213600,1
1608214500,1
1608215400,1
1608216300,1
1608217200,1
1608218100,1
1608219000,1
1608219900,1
1608220800,1
1608221700,1
1608222600,1
1608223500,1
1608224400,1
1608225300,1
1608226200,1
1608227100,1
1608228000,1
1608228900,1
1608229800,1
1608230700,1
1608231600,1
1608232500,1
1608233400,1
1608234300,1
1608235200,1
1608236100,1
1608237000,1
1608237900,1
1608238800,1
1608239700,1
1608240600,1
1608241500,1
1608242400,1
1608243300,1
1608244200,1
1608245100,1
1608246000,1
1608246900,1
1608247800,1
1608248700,1
1608249600,1
1608250500,1
1608251400,1
1608252300,1
1608253200,1
1608254100,1
1608255000,1
1608255900,1
1608256800,1
1608257700,1
1608258600,1
1608259500,1
1608260400,1
1608261300,1
1608262200,1
1608263100,1
1608264000,1
1608264900,1
1608265800,1
1608266700,1
1608267600,1
1608268500,1
1608269400,1
1608270300,1
1608271200,1
1608272100,1
1608273000,1
1608273900,1
1608274800,1
1608275700,1
1608276600,1
1608277500,1
1608278400,1
1608279300,1
1608280200,1
1608281100,1
1608282000,1
1608282900,1
1608283800,1
1608284700,1
1608285600,1
1608286500,1
1608287400,1
1608288300,1
1608289200,1
1608290100,1
1608291000,1
1608291900,1
1608292800,1
1608293700,1
1608294600,1
1608295500,1
1608296400,1
1608297300,1
1608298200,1
1608299100,1
1608300000,1
1608300900,1
1608301800,1
1608302700,1
1608303600,1
1608304500,1
1608305400,1
1608306300,1
1608307200,1
1608308100,1
1608309000,1
1608309900,1
1608310800,1
1608311700,1
1608312600,1
1608313500,1
1608314400,1
1608315300,1
1608316200,1
1608317100,1
1608318000,1
1608318900,1
1608319800,1
1608320700,1
1608321600,1
1608322500,1
1608323400,1
1608324300,1
1608325200,1
1608326100,1
1608327000,1
1608327900,1
1608328800,1
1608329700,1
1608330600,1
1608331500,1
1608332400,1
1608333300,1
1608334200,1
1608335100,1
1608336000,1
1608336900,1
1608337800,1
1608338700,1
1608339600,1
1608340500,1
1608341400,1
1608342300,1
1608343200,1
1608344100,1
1608345000,1
1608345900,1
1608346800,1
1608347700,1
1608348600,1
1608349500,1
1608350400,1
1608351300,1
1608352200,1
1608353100,1
1608354000,1
1608354900,1
1608355800,1
1608356700,1
1608357600,1
1608358500,1
1608359400,1
1608360300,1
1608361200,1
1608362100,1
1608363000,1
1608363900,1
1608364800,1
1608365700,1
1608366600,1
1608367500,1
1608368400,1
1608369300,1
1608370200,1
1608371100,1
1608372000,1
1608372900,1
1608373800,1
1608374700,1
1608375600,1
1608376500,1
1608377400,1
1608378300,1
1608379200,1
1608380100,1
1608381000,1
1608381900,1
1608382800,1
1608383700,1
1608384600,1
1608385500,1
1608386400,1
1608387300,1
1608388200,1
1608389100,1
1608390000,1
1608390900,1
1608391800,1
1608392700,1
1608393600,1
1608394500,1
1608395400,1
1608396300,1
1608397200,1
1608398100,1
1608399000,1
1608399900,1
1608400800,1
1608401700,1
1608402600,1
1608403500,1
1608404400,1
1608405300,1
1608406200,1
1608407100,1
1608408000,1
1608408900,1
1608409800,1
1608410700,1
1608411600,1
1608412500,1
1608413400,1
1608414300,1
1608415200,1
1608416100,1
1608417000,1
1608417900,1
1608418800,1
1608419700,1
1608420600,1
1608421500,1
1608422400,1
1608423300,1
1608424200,1
1608425100,1
1608426000,1
1608426900,1
1608427800,1
1608428700,1
1608429600,1
1608430500,1
1608431400,1
1608432300,1
1608433200,1
1608434100,1
1608435000,1
1608435900,1
1608436800,1
1608437700,1
1608438600,1
1608439500,1
1608440400,1
1608441300,1
1608442200,1
1608443100,1
1608444000,1
1608444900,1
1608445800,1
1608446700,1
1608447600,1
1608448500,1
1608449400,1
1608450300,1
1608451200,1
1608452100,1
1608453000,1
1608453900,1
1608454800,1
1608455700,1
1608456600,1
1608457500,1
1608458400,1
1608459300,1
1608460200,1
1608461100,1
1608462000,1
1608462900,1
1608463800,1
1608464700,1
1608465600,1
1608466500,1
1608467400,1
1608468300,1
1608469200,1
1608470100,1
1608471000,1
1608471900,1
1608472800,1
1608473700,1
1608474600,1
1608475500,1
1608476400,1
1608477300,1
1608478200,1
1608479100,1
1608480000,1
1608480900,1
1608481800,1
1608482700,1
1608483600,1
1608484500,1
1608485400,1
1608486300,1
1608487200,1
1608488100,1
1608489000,1
1608489900,1
1608490800,1
1608491700,1
1608492600,1
1608493500,1
1608494400,1
1608495300,1
1608496200,1
1608497100,1
1608498000,1
1608498900,1
1608499800,1
1608500700,1
1608501600,1
1608502500,1
1608503400,1
1608504300,1
1608505200,1
1608506100,1
1608507000,1
1608507900,1
1608508800,1
1608509700,1
1608510600,1
1608511500,1
1608512400,1
1608513300,1
1608514200,1
1608515100,1
1608516000,1
1608516900,1
1608517800,1
1608518700,1
1608519600,1
1608520500,1
1608521400,1
1608522300,1
1608523200,1
1608524100,1
1608525000,1
1608525900,1
1608526800,1
1608527700,1
1608528600,1
1608529500,1
1608530400,1
1608531300,1
1608532200,1
1608533100,1
1608534000,1
1608534900,1
1608535800,1
1608536700,1
1608537600,1
1608538500,1
1608539400,1
1608540300,1
1608541200,1
1608542100,1
1608543000,1
1608543900,1
1608544800,1
1608545700,1
1608546600,1
1608547500,1
1608548400,1
1608549300,1
1608550200,1
1608551100,1
1608552000,1
1608552900,1
1608553800,1
1608554700,1
1608555600,1
1608556500,1
1608557400,1
1608558300,1
1608559200,1
1608560100,1
1608561000,1
1608561900,1
1608562800,1
1608563700,1
1608564600,1
1608565500,1
1608566400,1
1608567300,1
1608568200,1
1608569100,1
1608570000,1
1608570900,1
1608571800,1
1608572700,1
1608573600,1
1608574500,1
1608575400,1
1608576300,1
1608577200,1
1608578100,1
1608579000,1
1608579900,1
1608580800,1
1608581700,1
1608582600,1
1608583500,1
1608584400,1
1608585300,1
1608586200,1
1608587100,1
1608588000,1
1608588900,1
1608589800,1
1608590700,1
1608591600,1
1608592500,1
1608593400,1
1608594300,1
1608595200,1
1608596100,1
1608597000,1
1608597900,1
1608598800,1
1608599700,1
1608600600,1
1608601500,1
1608602400,1
1608603300,1
1608604200,1
1608605100,1
1608606000,1
1608606900,1
1608607800,1
1608608700,1
1608609600,1
1608610500,1
1608611400,1
1608612300,1
1608613200,1
1608614100,1
1608615000,1
1608615900,1
1608616800,1
1608617700,1
1608618600,1
1608619500,1
1608620400,1
1608621300,1
1608622200,1
1608623100,1
1608624000,1
1608624900,1
1608625800,1
1608626700,1
1608627600,1
1608628500,1
1608629400,1
1608630300,1
1608631200,1
1608632100,1
1608633000,1
1608633900,1
1608634800,1
1608635700,1
1608636600,1
1608637500,1
1608638400,1
1608639300,1
1608640200,1
1608641100,1
1608642000,1
1608642900,1
1608643800,1
1608644700,1
1608645600,1
1608646500,1
1608647400,1
1608648300,1
1608649200,1
1608650100,1
1608651000,1
1608651900,1
1608652800,1
1608653700,1
1608654600,1
1608655500,1
1608656400,1
1608657300,1
1608658200,1
1608659100,1
1608660000,1
1608660900,1
1608661800,1
1608662700,1
1608663600,1
1608664500,1
1608665400,1
1608666300,1
1608667200,1
1608668100,1
1608669000,1
1608669900,1
1608670800,1
1608671700,1
1608672600,1
1608673500,1
1608674400,1
1608675300,1
1608676200,1
1608677100,1
1608678000,1
1608678900,1
1608679800,1
1608680700,1
1608681600,1
1608682500,1
1608683400,1
1608684300,1
1608685200,1
1608686100,1
1608687000,1
1608687900,1
1608688800,1
1608689700,1
1608690600,1
1608691500,1
1608692400,1
1608693300,1
1608694200,1
1608695100,1
1608696000,1
1608696900,1
1608697800,1
1608698700,1
1608699600,1
1608700500,1
1608701400,1
1608702300,1
1608703200,1
1608704100,1
1608705000,1
1608705900,1
1608706800,1
1608707700,1
1608708600,1
1608709500,1
1608710400,1
1608711300,1
1608712200,1
1608713100,1
1608714000,1
1608714900,1
1608715800,1
1608716700,1
1608717600,1
1608718500,1
1608719400,1
1608720300,1
1608721200,1
1608722100,1
1608723000,1
1608723900,1
1608724800,1
1608725700,1
1608726600,1
1608727500,1
1608728400,1
1608729300,1
1608730200,1
1608731100,1
1608732000,1
1608732900,1
1608733800,1
1608734700,1
1608735600,1
1608736500,1
1608737400,1
1608738300,1
1608739200,1
1608740100,1
1608741000,1
1608741900,1
1608742800,1
1608743700,1
1608744600,1
1608745500,1
1608746400,1
1608747300,1
1608748200,1
1608749100,1
1608750000,1
1608750900,1
1608751800,1
1608752700,1
1608753600,1
1608754500,1
1608755400,1
1608756300,1
1608757200,1
1608758100,1
1608759000,1
1608759900,1
1608760800,1
1608761700,1
1608762600,1
1608763500,1
1608764400,1
1608765300,1
1608766200,1
1608767100,1
1608768000,1
1608768900,1
1608769800,1
1608770700,1
1608771600,1
1608772500,1
1608773400,1
1608774300,1
1608775200,1
1608776100,1
1608777000,1
1608777900,1
1608778800,1
1608779700,1
1608780600,1
1608781500,1
1608782400,1
1608783300,1
1608784200,1
1608785100,1
1608786000,1
1608786900,1
1608787800,1
1608788700,1
1608789600,1
1608790500,1
1608791400,1
1608792300,1
1608793200,1
1608794100,1
1608795000,1
1608795900,1
1608796800,1
1608797700,1
1608798600,1
1608799500,1
1608800400,1
1608801300,1
1608802200,1
1608803100,1
1608804000,1
1608804900,1
1608805800,1
1608806700,1
1608807600,1
1608808500,1
1608809400,1
1608810300,1
1608811200,1
1608812100,1
1608813000,1
1608813900,1
1608814800,1
1608815700,1
1608816600,1
1608817500,1
1608818400,1
1608819300,1
1608820200,1
1608821100,1
1608822000,1
1608822900,1
1608823800,1
1608824700,1
1608825600,1
1608826500,1
1608827400,1
1608828300,1
1608829200,1
1608830100,1
1608831000,1
1608831900,1
1608832800,1
1608833700,1
1608834600,1
1608835500,1
1608836400,1
1608837300,1
1608838200,1
1608839100,1
1608840000,1
1608840900,1
1608841800,1
1608842700,1
1608843600,1
1608844500,1
1608845400,1
1608846300,1
1608847200,1
1608848100,1
1608849000,1
1608849900,1
1608850800,1
1608851700,1
1608852600,1
1608853500,1
1608854400,1
1608855300,1
1608856200,1
1608857100,1
1608858000,1
1608858900,1
1608859800,1
1608860700,1
1608861600,1
1608862500,1
1608863400,1
1608864300,1
1608865200,1
1608866100,1
1608867000,1
1608867900,1
1608868800,1
1608869700,1
1608870600,1
1608871500,1
1608872400,1
1608873300,1
1608874200,1
1608875100,1
1608876000,1
1608876900,1
1608877800,1
1608878700,1
1608879600,1
1608880500,1
1608881400,1
1608882300,1
1608883200,1
1608884100,1
1608885000,1
1608885900,1
1608886800,1
1608887700,1
1608888600,1
1608889500,1
1608890400,1
1608891300,1
1608892200,1
1608893100,1
1608894000,1
1608894900,1
1608895800,1
1608896700,1
1608897600,1
1608898500,1
1608899400,1
1608900300,1
1608901200,1
1608902100,1
1608903000,1
1608903900,1
1608904800,1
1608905700,1
1608906600,1
1608907500,1
1608908400,1
1608909300,1
1608910200,1
1608911100,1
1608912000,1
1608912900,1
1608913800,1
1608914700,1
1608915600,1
1608916500,1
1608917400,1
1608918300,1
1608919200,1
1608920100,1
1608921000,1
1608921900,1
1608922800,1
1608923700,1
1608924600,1
1608925500,1
1608926400,1
1608927300,1
1608928200,1
1608929100,1
1608930000,1
1608930900,1
1608931800,1
1608932700,1
1608933600,1
1608934500,1
1608935400,1
1608936300,1
1608937200,1
1608938100,1
1608939000,1
1608939900,1
1608940800,1
1608941700,1
1608942600,1
1608943500,1
1608944400,1
1608945300,1
1608946200,1
1608947100,1
1608948000,1
1608948900,1
1608949800,1
1608950700,1
1608951600,1
1608952500,1
1608953400,1
1608954300,1
1608955200,1
1608956100,1
1608957000,1
1608957900,1
1608958800,1
1608959700,1
1608960600,1
1608961500,1
1608962400,1
1608963300,1
1608964200,1
1608965100,1
1608966000,1
1608966900,1
1608967800,1
1608968700,1
1608969600,1
1608970500,1
1608971400,1
1608972300,1
1608973200,1
1608974100,1
1608975000,1
1608975900,1
1608976800,1
1608977700,1
1608978600,1
1608979500,1
1608980400,1
1608981300,1
1608982200,1
1608983100,1
1608984000,1
1608984900,1
1608985800,1
1608986700,1
1608987600,1
1608988500,1
1608989400,1
1608990300,1
1608991200,1
1608992100,1
1608993000,1
1608993900,1
1608994800,1
1608995700,1
1608996600,1
1608997500,1
1608998400,1
1608999300,1
1609000200,1
1609001100,1
1609002000,1
1609002900,1
1609003800,1
1609004700,1
1609005600,1
1609006500,1
1609007400,1
1609008300,1
1609009200,1
1609010100,1
1609011000,1
1609011900,1
1609012800,1
1609013700,1
1609014600,1
1609015500,1
1609016400,1
1609017300,1
1609018200,1
1609019100,1
1609020000,1
1609020900,1
1609021800,1
1609022700,1
1609023600,1
1609024500,1
1609025400,1
1609026300,1
1609027200,1
1609028100,1
1609029000,1
1609029900,1
1609030800,1
1609031700,1
1609032600,1
1609033500,1
1609034400,1
1609035300,1
1609036200,1
1609037100,1
1609038000,1
1609038900,1
1609039800,1
1609040700,1
1609041600,1
1609042500,1
1609043400,1
1609044300,1
1609045200,1
1609046100,1
1609047000,1
1609047900,1
1609048800,1
1609049700,1
1609050600,1
1609051500,1
1609052400,1
1609053300,1
1609054200,1
1609055100,1
1609056000,1
1609056900,1
1609057800,1
1609058700,1
1609059600,1
1609060500,1
1609061400,1
1609062300,1
1609063200,1
1609064100,1
1609065000,1
1609065900,1
1609066800,1
1609067700,1
1609068600,1
1609069500,1
1609070400,1
1609071300,1
1609072200,1
1609073100,1
1609074000,1
1609074900,1
1609075800,1
1609076700,1
1609077600,1
1609078500,1
1609079400,1
1609080300,1
1609081200,1
1609082100,1
1609083000,1
1609083900,1
1609084800,1
1609085700,1
1609086600,1
1609087500,1
1609088400,1
1609089300,1
1609090200,1
1609091100,1
1609092000,1
1609092900,1
1609093800,1
1609094700,1
1609095600,1
1609096500,1
1609097400,1
1609098300,1
1609099200,1
1609100100,1
1609101000,1
1609101900,1
1609102800,1
1609103700,1
1609104600,1
1609105500,1
1609106400,1
1609107300,1
1609108200,1
1609109100,1
1609110000,1
1609110900,1
1609111800,1
1609112700,1
1609113600,1
1609114500,1
1609115400,1
1609116300,1
1609117200,1
1609118100,1
1609119000,1
1609119900,1
1609120800,1
1609121700,1
1609122600,1
1609123500,1
1609124400,1
1609125300,1
1609126200,1
1609127100,1
1609128000,1
1609128900,1
1609129800,1
1609130700,1
1609131600,1
1609132500,1
1609133400,1
1609134300,1
1609135200,1
1609136100,1
1609137000,1
1609137900,1
1609138800,1
1609139700,1
1609140600,1
1609141500,1
1609142400,1
1609143300,1
1609144200,1
1609145100,1
1609146000,1
1609146900,1
1609147800,1
1609148700,1
1609149600,1
1609150500,1
1609151400,1
1609152300,1
1609153200,1
1609154100,1
1609155000,1
1609155900,1
1609156800,1
1609157700,1
1609158600,1
1609159500,1
1609160400,1
1609161300,1
1609162200,1
1609163100,1
1609164000,1
1609164900,1
1609165800,1
1609166700,1
1609167600,1
1609168500,1
1609169400,1
1609170300,1
1609171200,1
1609172100,1
1609173000,1
1609173900,1
1609174800,1
1609175700,1
1609176600,1
1609177500,1
1609178400,1
1609179300,1
1609180200,1
1609181100,1
1609182000,1
1609182900,1
1609183800,1
1609184700,1
1609185600,1
1609186500,1
1609187400,1
1609188300,1
1609189200,1
1609190100,1
1609191000,1
1609191900,1
1609192800,1
1609193700,1
1609194600,1
1609195500,1
1609196400,1
1609197300,1
1609198200,1
1609199100,1
1609200000,1
1609200900,1
1609201800,1
1609202700,1
1609203600,1
1609204500,1
1609205400,1
1609206300,1
1609207200,1
1609208100,1
1609209000,1
1609209900,1
1609210800,1
1609211700,1
1609212600,1
1609213500,1
1609214400,1
1609215300,1
1609216200,1
1609217100,1
1609218000,1
1609218900,1
1609219800,1
1609220700,1
1609221600,1
1609222500,1
1609223400,1
1609224300,1
1609225200,1
1609226100,1
1609227000,1
1609227900,1
1609228800,1
1609229700,1
1609230600,1
1609231500,1
1609232400,1
1609233300,1
1609234200,1
1609235100,1
1609236000,1
1609236900,1
1609237800,1
1609238700,1
1609239600,1
1609240500,1
1609241400,1
1609242300,1
1609243200,1
1609244100,1
1609245000,1
1609245900,1
1609246800,1
1609247700,1
1609248600,1
1609249500,1
1609250400,1
1609251300,1
1609252200,1
1609253100,1
1609254000,1
1609254900,1
1609255800,1
1609256700,1
1609257600,1
1609258500,1
1609259400,1
1609260300,1
1609261200,1
1609262100,1
1609263000,1
1609263900,1
1609264800,1
1609265700,1
1609266600,1
1609267500,1
1609268400,1
1609269300,1
1609270200,1
1609271100,1
1609272000,1
1609272900,1
1609273800,1
1609274700,1
1609275600,1
1609276500,1
1609277400,1
1609278300,1
1609279200,1
1609280100,1
1609281000,1
1609281900,1
1609282800,1
1609283700,1
1609284600,1
1609285500,1
1609286400,1
1609287300,1
1609288200,1
1609289100,1
1609290000,1
1609290900,1
1609291800,1
1609292700,1
1609293600,1
1609294500,1
1609295400,1
1609296300,1
1609297200,1
1609298100,1
1609299000,1
1609299900,1
1609300800,1
1609301700,1
1609302600,1
1609303500,1
1609304400,1
1609305300,1
1609306200,1
1609307100,1
1609308000,1
1609308900,1
1609309800,1
1609310700,1
1609311600,1
1609312500,1
1609313400,1
1609314300,1
1609315200,1
1609316100,1
1609317000,1
1609317900,1
1609318800,1
1609319700,1
1609320600,1
1609321500,1
1609322400,1
1609323300,1
1609324200,1
1609325100,1
1609326000,1
1609326900,1
1609327800,1
1609328700,1
1609329600,1
1609330500,1
1609331400,1
1609332300,1
1609333200,1
1609334100,1
1609335000,1
1609335900,1
1609336800,1
1609337700,1
1609338600,1
1609339500,1
1609340400,1
1609341300,1
1609342200,1
1609343100,1
1609344000,1
1609344900,1
1609345800,1
1609346700,1
1609347600,1
1609348500,1
1609349400,1
1609350300,1
1609351200,1
1609352100,1
1609353000,1
1609353900,1
1609354800,1
1609355700,1
1609356600,1
1609357500,1
1609358400,1
1609359300,1
1609360200,1
1609361100,1
1609362000,1
1609362900,1
1609363800,1
1609364700,1
1609365600,1
1609366500,1
1609367400,1
1609368300,1
1609369200,1
1609370100,1
1609371000,1
1609371900,1
1609372800,1
1609373700,1
1609374600,1
1609375500,1
1609376400,1
1609377300,1
1609378200,1
1609379100,1
1609380000,1
1609380900,1
1609381800,1
1609382700,1
1609383600,1
1609384500,1
1609385400,1
1609386300,1
1609387200,1
1609388100,1
1609389000,1
1609389900,1
1609390800,1
1609391700,1
1609392600,1
1609393500,1
1609394400,1
1609395300,1
1609396200,1
1609397100,1
1609398000,1
1609398900,1
1609399800,1
1609400700,1
1609401600,1
1609402500,1
1609403400,1
1609404300,1
1609405200,1
1609406100,1
1609407000,1
1609407900,1
1609408800,1
1609409700,1
1609410600,1
1609411500,1
1609412400,1
1609413300,1
1609414200,1
1609415100,1
1609416000,1
1609416900,1
1609417800,1
1609418700,1
1609419600,1
1609420500,1
1609421400,1
1609422300,1
1609423200,1
1609424100,1
1609425000,1
1609425900,1
1609426800,1
1609427700,1
1609428600,1
1609429500,1
1609430400,1
1609431300,1
1609432200,1
1609433100,1
1609434000,1
1609434900,1
1609435800,1
1609436700,1
1609437600,1
1609438500,1
1609439400,1
1609440300,1
1609441200,1
1609442100,1
1609443000,1
1609443900,1
1609444800,1
1609445700,1
1609446600,1
1609447500,1
1609448400,1
1609449300,1
1609450200,1
1609451100,1
1609452000,1
1609452900,1
1609453800,1
1609454700,1
1609455600,1
1609456500,1
1609457400,1
1609458300,1
1609459200,1
1609460100,1
1609461000,1
1609461900,1
1609462800,1
1609463700,1
1609464600,1
1609465500,1
1609466400,1
1609467300,1
1609468200,1
1609469100,1
1609470000,1
1609470900,1
1609471800,1
1609472700,1
1609473600,1
1609474500,1
1609475400,1
1609476300,1
1609477200,1
1609478100,1
1609479000,1
1609479900,1
1609480800,1
1609481700,1
1609482600,1
1609483500,1
1609484400,1
1609485300,1
1609486200,1
1609487100,1
1609488000,1
1609488900,1
1609489800,1
1609490700,1
1609491600,1
1609492500,1
1609493400,1
1609494300,1
1609495200,1
1609496100,1
1609497000,1
1609497900,1
1609498800,1
1609499700,1
1609500600,1
1609501500,1
1609502400,1
1609503300,1
1609504200,1
1609505100,1
1609506000,1
1609506900,1
1609507800,1
1609508700,1
1609509600,1
1609510500,1
1609511400,1
1609512300,1
1609513200,1
1609514100,1
1609515000,1
1609515900,1
1609516800,1
1609517700,1
1609518600,1
1609519500,1
1609520400,1
1609521300,1
1609522200,1
1609523100,1
1609524000,1
1609524900,1
1609525800,1
1609526700,1
1609527600,1
1609528500,1
1609529400,1
1609530300,1
1609531200,1
1609532100,1
1609533000,1
1609533900,1
1609534800,1
1609535700,1
1609536600,1
1609537500,1
1609538400,1
1609539300,1
1609540200,1
1609541100,1
1609542000,1
1609542900,1
1609543800,1
1609544700,1
1609545600,1
1609546500,1
1609547400,1
1609548300,1
1609549200,1
1609550100,1
1609551000,1
1609551900,1
1609552800,1
1609553700,1
1609554600,1
1609555500,1
1609556400,1
1609557300,1
1609558200,1
1609559100,1
1609560000,1
1609560900,1
1609561800,1
1609562700,1
1609563600,1
1609564500,1
1609565400,1
1609566300,1
1609567200,1
1609568100,1
1609569000,1
1609569900,1
1609570800,1
1609571700,1
1609572600,1
1609573500,1
1609574400,1
1609575300,1
1609576200,1
1609577100,1
1609578000,1
1609578900,1
1609579800,1
1609580700,1
1609581600,1
1609582500,1
1609583400,1
1609584300,1
1609585200,1
1609586100,1
1609587000,1
1609587900,1
1609588800,1
1609589700,1
1609590600,1
1609591500,1
1609592400,1
1609593300,1
1609594200,1
1609595100,1
1609596000,1
1609596900,1
1609597800,1
1609598700,1
1609599600,1
1609600500,1
1609601400,1
1609602300,1
1609603200,1
1609604100,1
1609605000,1
1609605900,1
1609606800,1
1609607700,1
1609608600,1
1609609500,1
1609610400,1
1609611300,1
1609612200,1
1609613100,1
1609614000,1
1609614900,1
1609615800,1
1609616700,1
1609617600,1
1609618500,1
1609619400,1
1609620300,1
1609621200,1
1609622100,1
1609623000,1
1609623900,1
1609624800,1
1609625700,1
1609626600,1
1609627500,1
1609628400,1
1609629300,1
1609630200,1
1609631100,1
1609632000,1
1609632900,1
1609633800,1
1609634700,1
1609635600,1
1609636500,1
1609637400,1
1609638300,1
1609639200,1
1609640100,1
1609641000,1
1609641900,1
1609642800,1
1609643700,1
1609644600,1
1609645500,1
1609646400,1
1609647300,1
1609648200,1
1609649100,1
1609650000,1
1609650900,1
1609651800,1
1609652700,1
1609653600,1
1609654500,1
1609655400,1
1609656300,1
1609657200,1
1609658100,1
1609659000,1
1609659900,1
1609660800,1
1609661700,1
1609662600,1
1609663500,1
1609664400,1
1609665300,1
1609666200,1
1609667100,1
1609668000,1
1609668900,1
1609669800,1
1609670700,1
1609671600,1
1609672500,1
1609673400,1
1609674300,1
1609675200,1
1609676100,1
1609677000,1
1609677900,1
1609678800,1
1609679700,1
1609680600,1
1609681500,1
1609682400,1
1609683300,1
1609684200,1
1609685100,1
1609686000,1
1609686900,1
1609687800,1
1609688700,1
1609689600,1
1609690500,1
1609691400,1
1609692300,1
1609693200,1
1609694100,1
1609695000,1
1609695900,1
1609696800,1
1609697700,1
1609698600,1
1609699500,1
1609700400,1
1609701300,1
1609702200,1
1609703100,1
1609704000,1
1609704900,1
1609705800,1
1609706700,1
1609707600,1
1609708500,1
1609709400,1
1609710300,1
1609711200,1
1609712100,1
1609713000,1
1609713900,1
1609714800,1
1609715700,1
1609716600,1
1609717500,1
1609718400,1
1609719300,1
1609720200,1
1609721100,1
1609722000,1
1609722900,1
1609723800,1
1609724700,1
1609725600,1
1609726500,1
1609727400,1
1609728300,1
1609729200,1
1609730100,1
1609731000,1
1609731900,1
1609732800,1
1609733700,1
1609734600,1
1609735500,1
1609736400,1
1609737300,1
1609738200,1
1609739100,1
1609740000,1
1609740900,1
1609741800,1
1609742700,1
1609743600,1
1609744500,1
1609745400,1
1609746300,1
1609747200,1
1609748100,1
1609749000,1
1609749900,1
1609750800,1
1609751700,1
1609752600,1
1609753500,1
1609754400,1
1609755300,1
1609756200,1
1609757100,1
1609758000,1
1609758900,1
1609759800,1
1609760700,1
1609761600,1
1609762500,1
1609763400,1
1609764300,1
1609765200,1
1609766100,1
1609767000,1
1609767900,1
1609768800,1
1609769700,1
1609770600,1
1609771500,1
1609772400,1
1609773300,1
1609774200,1
1609775100,1
1609776000,1
1609776900,1
1609777800,1
1609778700,1
1609779600,1
1609780500,1
1609781400,1
1609782300,1
1609783200,1
1609784100,1
1609785000,1
1609785900,1
1609786800,1
1609787700,1
1609788600,1
1609789500,1
1609790400,1
1609791300,1
1609792200,1
1609793100,1
1609794000,1
1609794900,1
1609795800,1
1609796700,1
1609797600,1
1609798500,1
1609799400,1
1609800300,1
1609801200,1
1609802100,1
1609803000,1
1609803900,1
1609804800,1
1609805700,1
1609806600,1
1609807500,1
1609808400,1
1609809300,1
1609810200,1
1609811100,1
1609812000,1
1609812900,1
1609813800,1
1609814700,1
1609815600,1
1609816500,1
1609817400,1
1609818300,1
1609819200,1
1609820100,1
1609821000,1
1609821900,1
1609822800,1
1609823700,1
1609824600,1
1609825500,1
1609826400,1
1609827300,1
1609828200,1
1609829100,1
1609830000,1
1609830900,1
1609831800,1
1609832700,1
1609833600,1
1609834500,1
1609835400,1
1609836300,1
1609837200,1
1609838100,1
1609839000,1
1609839900,1
1609840800,1
1609841700,1
1609842600,1
1609843500,1
1609844400,1
1609845300,1
1609846200,1
1609847100,1
1609848000,1
1609848900,1
1609849800,1
1609850700,1
1609851600,1
1609852500,1
1609853400,1
1609854300,1
1609855200,1
1609856100,1
1609857000,1
1609857900,1
1609858800,1
1609859700,1
1609860600,1
1609861500,1
1609862400,1
1609863300,1
1609864200,1
1609865100,1
1609866000,1
1609866900,1
1609867800,1
1609868700,1
1609869600,1
1609870500,1
1609871400,1
1609872300,1
1609873200,1
1609874100,1
1609875000,1
1609875900,1
1609876800,1
1609877700,1
1609878600,1
1609879500,1
1609880400,1
1609881300,1
1609882200,1
1609883100,1
1609884000,1
1609884900,1
1609885800,1
1609886700,1
1609887600,1
1609888500,1
1609889400,1
1609890300,1
1609891200,1
1609892100,1
1609893000,1
1609893900,1
1609894800,1
1609895700,1
1609896600,1
1609897500,1
1609898400,1
1609899300,1
1609900200,1
1609901100,1
1609902000,1
1609902900,1
1609903800,1
1609904700,1
1609905600,1
1609906500,1
1609907400,1
1609908300,1
1609909200,1
1609910100,1
1609911000,1
1609911900,1
1609912800,1
1609913700,1
1609914600,1
1609915500,1
1609916400,1
1609917300,1
1609918200,1
1609919100,1
1609920000,1
1609920900,1
1609921800,1
1609922700,1
1609923600,1
1609924500,1
1609925400,1
1609926300,1
1609927200,1
1609928100,1
1609929000,1
1609929900,1
1609930800,1
1609931700,1
1609932600,1
1609933500,1
1609934400,1
1609935300,1
1609936200,1
1609937100,1
1609938000,1
1609938900,1
1609939800,1
1609940700,1
1609941600,1
1609942500,1
1609943400,1
1609944300,1
1609945200,1
1609946100,1
1609947000,1
1609947900,1
1609948800,1
1609949700,1
1609950600,1
1609951500,1
1609952400,1
1609953300,1
1609954200,1
1609955100,1
1609956000,1
1609956900,1
1609957800,1
1609958700,1
1609959600,1
1609960500,1
1609961400,1
1609962300,1
1609963200,1
1609964100,1
1609965000,1
1609965900,1
1609966800,1
1609967700,1
1609968600,1
1609969500,1
1609970400,1
1609971300,1
1609972200,1
1609973100,1
1609974000,1
1609974900,1
1609975800,1
1609976700,1
1609977600,1
1609978500,1
1609979400,1
1609980300,1
1609981200,1
1609982100,1
1609983000,1
1609983900,1
1609984800,1
1609985700,1
1609986600,1
1609987500,1
1609988400,1
1609989300,1
1609990200,1
1609991100,1
1609992000,1
1609992900,1
1609993800,1
1609994700,1
1609995600,1
1609996500,1
1609997400,1
1609998300,1
1609999200,1
1610000100,1
1610001000,1
1610001900,1
1610002800,1
1610003700,1
1610004600,1
1610005500,1
1610006400,1
1610007300,1
1610008200,1
1610009100,1
1610010000,1
1610010900,1
1610011800,1
1610012700,1
1610013600,1
1610014500,1
1610015400,1
1610016300,1
1610017200,1
1610018100,1
1610019000,1
1610019900,1
1610020800,1
1610021700,1
1610022600,1
1610023500,1
1610024400,1
1610025300,1
1610026200,1
1610027100,1
1610028000,1
1610028900,1
1610029800,1
1610030700,1
1610031600,1
1610032500,1
1610033400,1
1610034300,1
1610035200,1
1610036100,1
1610037000,1
1610037900,1
1610038800,1
1610039700,1
1610040600,1
1610041500,1
1610042400,1
1610043300,1
1610044200,1
1610045100,1
1610046000,1
1610046900,1
1610047800,1
1610048700,1
1610049600,1
1610050500,1
1610051400,1
1610052300,1
1610053200,1
1610054100,1
1610055000,1
1610055900,1
1610056800,1
1610057700,1
1610058600,1
1610059500,1
1610060400,1
1610061300,1
1610062200,1
1610063100,1
1610064000,1
1610064900,1
1610065800,1
1610066700,1
1610067600,1
1610068500,1
1610069400,1
1610070300,1
1610071200,1
1610072100,1
1610073000,1
1610073900,1
1610074800,1
1610075700,1
1610076600,1
1610077500,1
1610078400,1
1610079300,1
1610080200,1
1610081100,1
1610082000,1
1610082900,1
1610083800,1
1610084700,1
1610085600,1
1610086500,1
1610087400,1
1610088300,1
1610089200,1
1610090100,1
1610091000,1
1610091900,1
1610092800,1
1610093700,1
1610094600,1
1610095500,1
1610096400,1
1610097300,1
1610098200,1
1610099100,1
1610100000,1
1610100900,1
1610101800,1
1610102700,1
1610103600,1
1610104500,1
1610105400,1
1610106300,1
1610107200,1
1610108100,1
1610109000,1
1610109900,1
1610110800,1
1610111700,1
1610112600,1
1610113500,1
1610114400,1
1610115300,1
1610116200,1
1610117100,1
1610118000,1
1610118900,1
1610119800,1
1610120700,1
1610121600,1
1610122500,1
1610123400,1
1610124300,1
1610125200,1
1610126100,1
1610127000,1
1610127900,1
1610128800,1
1610129700,1
1610130600,1
1610131500,1
1610132400,1
1610133300,1
1610134200,1
1610135100,1
1610136000,1
1610136900,1
1610137800,1
1610138700,1
1610139600,1
1610140500,1
1610141400,1
1610142300,1
1610143200,1
1610144100,1
1610145000,1
1610145900,1
1610146800,1
1610147700,1
1610148600,1
1610149500,1
1610150400,1
1610151300,1
1610152200,1
1610153100,1
1610154000,1
1610154900,1
1610155800,1
1610156700,1
1610157600,1
1610158500,1
1610159400,1
1610160300,1
1610161200,1
1610162100,1
1610163000,1
1610163900,1
1610164800,1
1610165700,1
1610166600,1
1610167500,1
1610168400,1
1610169300,1
1610170200,1
1610171100,1
1610172000,1
1610172900,1
1610173800,1
1610174700,1
1610175600,1
1610176500,1
1610177400,1
1610178300,1
1610179200,1
1610180100,1
1610181000,1
1610181900,1
1610182800,1
1610183700,1
1610184600,1
1610185500,1
1610186400,1
1610187300,1
1610188200,1
1610189100,1
1610190000,1
1610190900,1
1610191800,1
1610192700,1
1610193600,1
1610194500,1
1610195400,1
1610196300,1
1610197200,1
1610198100,1
1610199000,1
1610199900,1
1610200800,1
1610201700,1
1610202600,1
1610203500,1
1610204400,1
1610205300,1
1610206200,1
1610207100,1
1610208000,1
1610208900,1
1610209800,1
1610210700,1
1610211600,1
1610212500,1
1610213400,1
1610214300,1
1610215200,1
1610216100,1
1610217000,1
1610217900,1
1610218800,1
1610219700,1
1610220600,1
1610221500,1
1610222400,1
1610223300,1
1610224200,1
1610225100,1
1610226000,1
1610226900,1
1610227800,1
1610228700,1
1610229600,1
1610230500,1
1610231400,1
1610232300,1
1610233200,1
1610234100,1
1610235000,1
1610235900,1
1610236800,1
1610237700,1
1610238600,1
1610239500,1
1610240400,1
1610241300,1
1610242200,1
1610243100,1
1610244000,1
1610244900,1
1610245800,1
1610246700,1
1610247600,1
1610248500,1
1610249400,1
1610250300,1
1610251200,1
1610252100,1
1610253000,1
1610253900,1
1610254800,1
1610255700,1
1610256600,1
1610257500,1
1610258400,1
1610259300,1
1610260200,1
1610261100,1
1610262000,1
1610262900,1
1610263800,1
1610264700,1
1610265600,1
1610266500,1
1610267400,1
1610268300,1
1610269200,1
1610270100,1
1610271000,1
1610271900,1
1610272800,1
1610273700,1
1610274600,1
1610275500,1
1610276400,1
1610277300,1
1610278200,1
1610279100,1
1610280000,1
1610280900,1
1610281800,1
1610282700,1
1610283600,1
1610284500,1
1610285400,1
1610286300,1
1610287200,1
1610288100,1
1610289000,1
1610289900,1
1610290800,1
1610291700,1
1610292600,1
1610293500,1
1610294400,1
1610295300,1
1610296200,1
1610297100,1
1610298000,1
1610298900,1
1610299800,1
1610300700,1
1610301600,1
1610302500,1
1610303400,1
1610304300,1
1610305200,1
1610306100,1
1610307000,1
1610307900,1
1610308800,1
1610309700,1
1610310600,1
1610311500,1
1610312400,1
1610313300,1
1610314200,1
1610315100,1
1610316000,1
1610316900,1
1610317800,1
1610318700,1
1610319600,1
1610320500,1
1610321400,1
1610322300,1
1610323200,1
1610324100,1
1610325000,1
1610325900,1
1610326800,1
1610327700,1
1610328600,1
1610329500,1
1610330400,1
1610331300,1
1610332200,1
1610333100,1
1610334000,1
1610334900,1
1610335800,1
1610336700,1
1610337600,1
1610338500,1
1610339400,1
1610340300,1
1610341200,1
1610342100,1
1610343000,1
1610343900,1
1610344800,1
1610345700,1
1610346600,1
1610347500,1
1610348400,1
1610349300,1
1610350200,1
1610351100,1
1610352000,1
1610352900,1
1610353800,1
1610354700,1
1610355600,1
1610356500,1
1610357400,1
1610358300,1
1610359200,1
1610360100,1
1610361000,1
1610361900,1
1610362800,1
1610363700,1
1610364600,1
1610365500,1
1610366400,1
1610367300,1
1610368200,1
1610369100,1
1610370000,1
1610370900,1
1610371800,1
1610372700,1
1610373600,1
1610374500,1
1610375400,1
1610376300,1
1610377200,1
1610378100,1
1610379000,1
1610379900,1
1610380800,1
1610381700,1
1610382600,1
1610383500,1
1610384400,1
1610385300,1
1610386200,1
1610387100,1
1610388000,1
1610388900,1
1610389800,1
1610390700,1
1610391600,1
1610392500,1
1610393400,1
1610394300,1
1610395200,1
1610396100,1
1610397000,1
1610397900,1
1610398800,1
1610399700,1
1610400600,1
1610401500,1
1610402400,1
1610403300,1
1610404200,1
1610405100,1
1610406000,1
1610406900,1
1610407800,1
1610408700,1
1610409600,1
1610410500,1
1610411400,1
1610412300,1
1610413200,1
1610414100,1
1610415000,1
1610415900,1
1610416800,1
1610417700,1
1610418600,1
1610419500,1
1610420400,1
1610421300,1
1610422200,1
1610423100,1
1610424000,1
1610424900,1
1610425800,1
1610426700,1
1610427600,1
1610428500,1
1610429400,1
1610430300,1
1610431200,1
1610432100,1
1610433000,1
1610433900,1
1610434800,1
1610435700,1
1610436600,1
1610437500,1
1610438400,1
1610439300,1
1610440200,1
1610441100,1
1610442000,1
1610442900,1
1610443800,1
1610444700,1
1610445600,1
1610446500,1
1610447400,1
1610448300,1
1610449200,1
1610450100,1
1610451000,1
1610451900,1
1610452800,1
1610453700,1
1610454600,1
1610455500,1
1610456400,1
1610457300,1
1610458200,1
1610459100,1
1610460000,1
1610460900,1
1610461800,1
1610462700,1
1610463600,1
1610464500,1
1610465400,1
1610466300,1
1610467200,1
1610468100,1
1610469000,1
1610469900,1
1610470800,1
1610471700,1
1610472600,1
1610473500,1
1610474400,1
1610475300,1
1610476200,1
1610477100,1
1610478000,1
1610478900,1
1610479800,1
1610480700,1
1610481600,1
1610482500,1
1610483400,1
1610484300,1
1610485200,1
1610486100,1
1610487000,1
1610487900,1
1610488800,1
1610489700,1
1610490600,1
1610491500,1
1610492400,1
1610493300,1
1610494200,1
1610495100,1
1610496000,1
1610496900,1
1610497800,1
1610498700,1
1610499600,1
1610500500,1
1610501400,1
1610502300,1
1610503200,1
1610504100,1
1610505000,1
1610505900,1
1610506800,1
1610507700,1
1610508600,1
1610509500,1
1610510400,1
1610511300,1
1610512200,1
1610513100,1
1610514000,1
1610514900,1
1610515800,1
1610516700,1
1610517600,1
1610518500,1
1610519400,1
1610520300,1
1610521200,1
1610522100,1
1610523000,1
1610523900,1
1610524800,1
1610525700,1
1610526600,1
1610527500,1
1610528400,1
1610529300,1
1610530200,1
1610531100,1
1610532000,1
1610532900,1
1610533800,1
1610534700,1
1610535600,1
1610536500,1
1610537400,1
1610538300,1
1610539200,1
1610540100,1
1610541000,1
1610541900,1
1610542800,1
1610543700,1
1610544600,1
1610545500,1
1610546400,1
1610547300,1
1610548200,1
1610549100,1
1610550000,1
1610550900,1
1610551800,1
1610552700,1
1610553600,1
1610554500,1
1610555400,1
1610556300,1
1610557200,1
1610558100,1
1610559000,1
1610559900,1
1610560800,1
1610561700,1
1610562600,1
1610563500,1
1610564400,1
1610565300,1
1610566200,1
1610567100,1
1610568000,1
1610568900,1
1610569800,1
1610570700,1
1610571600,1
1610572500,1
1610573400,1
1610574300,1
1610575200,1
1610576100,1
1610577000,1
1610577900,1
1610578800,1
1610579700,1
1610580600,1
1610581500,1
1610582400,1
1610583300,1
1610584200,1
1610585100,1
1610586000,1
1610586900,1
1610587800,1
1610588700,1
1610589600,1
1610590500,1
1610591400,1
1610592300,1
1610593200,1
1610594100,1
1610595000,1
1610595900,1
1610596800,1
1610597700,1
1610598600,1
1610599500,1
1610600400,1
1610601300,1
1610602200,1
1610603100,1
1610604000,1
1610604900,1
1610605800,1
1610606700,1
1610607600,1
1610608500,1
1610609400,1
1610610300,1
1610611200,1
1610612100,1
1610613000,1
1610613900,1
1610614800,1
1610615700,1
1610616600,1
1610617500,1
1610618400,1
1610619300,1
1610620200,1
1610621100,1
1610622000,1
1610622900,1
1610623800,1
1610624700,1
1610625600,1
1610626500,1
1610627400,1
1610628300,1
1610629200,1
1610630100,1
1610631000,1
1610631900,1
1610632800,1
1610633700,1
1610634600,1
1610635500,1
1610636400,1
1610637300,1
1610638200,1
1610639100,1
1610640000,1
1610640900,1
1610641800,1
1610642700,1
1610643600,1
1610644500,1
1610645400,1
1610646300,1
1610647200,1
1610648100,1
1610649000,1
1610649900,1
1610650800,1
1610651700,1
1610652600,1
1610653500,1
1610654400,1
1610655300,1
1610656200,1
1610657100,1
1610658000,1
1610658900,1
1610659800,1
1610660700,1
1610661600,1
1610662500,1
1610663400,1
1610664300,1
1610665200,1
1610666100,1
1610667000,1
1610667900,1
1610668800,1
1610669700,1
1610670600,1
1610671500,1
1610672400,1
1610673300,1
1610674200,1
1610675100,1
1610676000,1
1610676900,1
1610677800,1
1610678700,1
1610679600,1
1610680500,1
1610681400,1
1610682300,1
1610683200,1
1610684100,1
1610685000,1
1610685900,1
1610686800,1
1610687700,1
1610688600,1
1610689500,1
1610690400,1
1610691300,1
1610692200,1
1610693100,1
1610694000,1
1610694900,1
1610695800,1
1610696700,1
1610697600,1
1610698500,1
1610699400,1
1610700300,1
1610701200,1
1610702100,1
1610703000,1
1610703900,1
1610704800,1
1610705700,1
1610706600,1
1610707500,1
1610708400,1
1610709300,1
1610710200,1
1610711100,1
1610712000,1
1610712900,1
1610713800,1
1610714700,1
1610715600,1
1610716500,1
1610717400,1
1610718300,1
1610719200,1
1610720100,1
1610721000,1
1610721900,1
1610722800,1
1610723700,1
1610724600,1
1610725500,1
1610726400,1
1610727300,1
1610728200,1
1610729100,1
1610730000,1
1610730900,1
1610731800,1
1610732700,1
1610733600,1
1610734500,1
1610735400,1
1610736300,1
1610737200,1
1610738100,1
1610739000,1
1610739900,1
1610740800,1
1610741700,1
1610742600,1
1610743500,1
1610744400,1
1610745300,1
1610746200,1
1610747100,1
1610748000,1
1610748900,1
1610749800,1
1610750700,1
1610751600,1
1610752500,1
1610753400,1
1610754300,1
1610755200,1
1610756100,1
1610757000,1
1610757900,1
1610758800,1
1610759700,1
1610760600,1
1610761500,1
1610762400,1
1610763300,1
1610764200,1
1610765100,1
1610766000,1
1610766900,1
1610767800,1
1610768700,1
1610769600,1
1610770500,1
1610771400,1
1610772300,1
1610773200,1
1610774100,1
1610775000,1
1610775900,1
1610776800,1
1610777700,1
1610778600,1
1610779500,1
1610780400,1
1610781300,1
1610782200,1
1610783100,1
1610784000,1
1610784900,1
1610785800,1
1610786700,1
1610787600,1
1610788500,1
1610789400,1
1610790300,1
1610791200,1
1610792100,1
1610793000,1
1610793900,1
1610794800,1
1610795700,1
1610796600,1
1610797500,1
1610798400,1
1610799300,1
1610800200,1
1610801100,1
1610802000,1
1610802900,1
1610803800,1
1610804700,1
1610805600,1
1610806500,1
1610807400,1
1610808300,1
1610809200,1
1610810100,1
1610811000,1
1610811900,1
1610812800,1
1610813700,1
1610814600,1
1610815500,1
1610816400,1
1610817300,1
1610818200,1
1610819100,1
1610820000,1
1610820900,1
1610821800,1
1610822700,1
1610823600,1
1610824500,1
1610825400,1
1610826300,1
1610827200,1
1610828100,1
1610829000,1
1610829900,1
1610830800,1
1610831700,1
1610832600,1
1610833500,1
1610834400,1
1610835300,1
1610836200,1
1610837100,1
1610838000,1
1610838900,1
1610839800,1
1610840700,1
1610841600,1
1610842500,1
1610843400,1
1610844300,1
1610845200,1
1610846100,1
1610847000,1
1610847900,1
1610848800,1
1610849700,1
1610850600,1
1610851500,1
1610852400,1
1610853300,1
1610854200,1
1610855100,1
1610856000,1
1610856900,1
1610857800,1
1610858700,1
1610859600,1
1610860500,1
1610861400,1
1610862300,1
1610863200,1
1610864100,1
1610865000,1
1610865900,1
1610866800,1
1610867700,1
1610868600,1
1610869500,1
1610870400,1
1610871300,1
1610872200,1
1610873100,1
1610874000,1
1610874900,1
1610875800,1
1610876700,1
1610877600,1
1610878500,1
1610879400,1
1610880300,1
1610881200,1
1610882100,1
1610883000,1
1610883900,1
1610884800,1
1610885700,1
1610886600,1
1610887500,1
1610888400,1
1610889300,1
1610890200,1
1610891100,1
1610892000,1
1610892900,1
1610893800,1
1610894700,1
1610895600,1
1610896500,1
1610897400,1
1610898300,1
1610899200,1
1610900100,1
1610901000,1
1610901900,1
1610902800,1
1610903700,1
1610904600,1
1610905500,1
1610906400,1
1610907300,1
1610908200,1
1610909100,1
1610910000,1
1610910900,1
1610911800,1
1610912700,1
1610913600,1
1610914500,1
1610915400,1
1610916300,1
1610917200,1
1610918100,1
1610919000,1
1610919900,1
1610920800,1
1610921700,1
1610922600,1
1610923500,1
1610924400,1
1610925300,1
1610926200,1
1610927100,1
1610928000,1
1610928900,1
1610929800,1
1610930700,1
1610931600,1
1610932500,1
1610933400,1
1610934300,1
1610935200,1
1610936100,1
1610937000,1
1610937900,1
1610938800,1
1610939700,1
1610940600,1
1610941500,1
1610942400,1
1610943300,1
1610944200,1
1610945100,1
1610946000,1
1610946900,1
1610947800,1
1610948700,1
1610949600,1
1610950500,1
1610951400,1
1610952300,1
1610953200,1
1610954100,1
1610955000,1
1610955900,1
1610956800,1
1610957700,1
1610958600,1
1610959500,1
1610960400,1
1610961300,1
1610962200,1
1610963100,1
1610964000,1
1610964900,1
1610965800,1
1610966700,1
1610967600,1
1610968500,1
1610969400,1
1610970300,1
1610971200,1
1610972100,1
1610973000,1
1610973900,1
1610974800,1
1610975700,1
1610976600,1
1610977500,1
1610978400,1
1610979300,1
1610980200,1
1610981100,1
1610982000,1
1610982900,1
1610983800,1
1610984700,1
1610985600,1
1610986500,1
1610987400,1
1610988300,1
1610989200,1
1610990100,1
1610991000,1
1610991900,1
1610992800,1
1610993700,1
1610994600,1
1610995500,1
1610996400,1
1610997300,1
1610998200,1
1610999100,1
1611000000,1
1611000900,1
1611001800,1
1611002700,1
1611003600,1
1611004500,1
1611005400,1
1611006300,1
1611007200,1
1611008100,1
1611009000,1
1611009900,1
1611010800,1
1611011700,1
1611012600,1
1611013500,1
1611014400,1
1611015300,1
1611016200,1
1611017100,1
1611018000,1
1611018900,1
1611019800,1
1611020700,1
1611021600,1
1611022500,1
1611023400,1
1611024300,1
1611025200,1
1611026100,1
1611027000,1
1611027900,1
1611028800,1
1611029700,1
1611030600,1
1611031500,1
1611032400,1
1611033300,1
1611034200,1
1611035100,1
1611036000,1
1611036900,1
1611037800,1
1611038700,1
1611039600,1
1611040500,1
1611041400,1
1611042300,1
1611043200,1
1611044100,1
1611045000,1
1611045900,1
1611046800,1
1611047700,1
1611048600,1
1611049500,1
1611050400,1
1611051300,1
1611052200,1
1611053100,1
1611054000,1
1611054900,1
1611055800,1
1611056700,1
1611057600,1
1611058500,1
1611059400,1
1611060300,1
1611061200,1
1611062100,1
1611063000,1
1611063900,1
1611064800,1
1611065700,1
1611066600,1
1611067500,1
1611068400,1
1611069300,1
1611070200,1
1611071100,1
1611072000,1
1611072900,1
1611073800,1
1611074700,1
1611075600,1
1611076500,1
1611077400,1
1611078300,1
1611079200,1
1611080100,1
1611081000,1
1611081900,1
1611082800,1
1611083700,1
1611084600,1
1611085500,1
1611086400,1
1611087300,1
1611088200,1
1611089100,1
1611090000,1
1611090900,1
1611091800,1
1611092700,1
1611093600,1
1611094500,1
1611095400,1
1611096300,1
1611097200,1
1611098100,1
1611099000,1
1611099900,1
1611100800,1
1611101700,1
1611102600,1
1611103500,1
1611104400,1
1611105300,1
1611106200,1
1611107100,1
1611108000,1
1611108900,1
1611109800,1
1611110700,1
1611111600,1
1611112500,1
1611113400,1
1611114300,1
1611115200,1
1611116100,1
1611117000,1
1611117900,1
1611118800,1
1611119700,1
1611120600,1
1611121500,1
1611122400,1
1611123300,1
1611124200,1
1611125100,1
1611126000,1
1611126900,1
1611127800,1
1611128700,1
1611129600,1
1611130500,1
1611131400,1
1611132300,1
1611133200,1
1611134100,1
1611135000,1
1611135900,1
1611136800,1
1611137700,1
1611138600,1
1611139500,1
1611140400,1
1611141300,1
1611142200,1
1611143100,1
1611144000,1
1611144900,1
1611145800,1
1611146700,1
1611147600,1
1611148500,1
1611149400,1
1611150300,1
1611151200,1
1611152100,1
1611153000,1
1611153900,1
1611154800,1
1611155700,1
1611156600,1
1611157500,1
1611158400,1
1611159300,1
1611160200,1
1611161100,1
1611162000,1
1611162900,1
1611163800,1
1611164700,1
1611165600,1
1611166500,1
1611167400,1
1611168300,1
1611169200,1
1611170100,1
1611171000,1
1611171900,1
1611172800,1
1611173700,1
1611174600,1
1611175500,1
1611176400,1
1611177300,1
1611178200,1
1611179100,1
1611180000,1
1611180900,1
1611181800,1
1611182700,1
1611183600,1
1611184500,1
1611185400,1
1611186300,1
1611187200,1
1611188100,1
1611189000,1
1611189900,1
1611190800,1
1611191700,1
1611192600,1
1611193500,1
1611194400,1
1611195300,1
1611196200,1
1611197100,1
1611198000,1
1611198900,1
1611199800,1
1611200700,1
1611201600,1
1611202500,1
1611203400,1
1611204300,1
1611205200,1
1611206100,1
1611207000,1
1611207900,1
1611208800,1
1611209700,1
1611210600,1
1611211500,1
1611212400,1
1611213300,1
1611214200,1
1611215100,1
1611216000,1
1611216900,1
1611217800,1
1611218700,1
1611219600,1
1611220500,1
1611221400,1
1611222300,1
1611223200,1
1611224100,1
1611225000,1
1611225900,1
1611226800,1
1611227700,1
1611228600,1
1611229500,1
1611230400,1
1611231300,1
1611232200,1
1611233100,1
1611234000,1
1611234900,1
1611235800,1
1611236700,1
1611237600,1
1611238500,1
1611239400,1
1611240300,1
1611241200,1
1611242100,1
1611243000,1
1611243900,1
1611244800,1
1611245700,1
1611246600,1
1611247500,1
1611248400,1
1611249300,1
1611250200,1
1611251100,1
1611252000,1
1611252900,1
1611253800,1
1611254700,1
1611255600,1
1611256500,1
1611257400,1
1611258300,1
1611259200,1
1611260100,1
1611261000,1
1611261900,1
1611262800,1
1611263700,1
1611264600,1
1611265500,1
1611266400,1
1611267300,1
1611268200,1
1611269100,1
1611270000,1
1611270900,1
1611271800,1
1611272700,1
1611273600,1
1611274500,1
1611275400,1
1611276300,1
1611277200,1
1611278100,1
1611279000,1
1611279900,1
1611280800,1
1611281700,1
1611282600,1
1611283500,1
1611284400,1
1611285300,1
1611286200,1
1611287100,1
1611288000,1
1611288900,1
1611289800,1
1611290700,1
1611291600,1
1611292500,1
1611293400,1
1611294300,1
1611295200,1
1611296100,1
1611297000,1
1611297900,1
1611298800,1
1611299700,1
1611300600,1
1611301500,1
1611302400,1
1611303300,1
1611304200,1
1611305100,1
1611306000,1
1611306900,1
1611307800,1
1611308700,1
1611309600,1
1611310500,1
1611311400,1
1611312300,1
1611313200,1
1611314100,1
1611315000,1
1611315900,1
1611316800,1
1611317700,1
1611318600,1
1611319500,1
1611320400,1
1611321300,1
1611322200,1
1611323100,1
1611324000,1
1611324900,1
1611325800,1
1611326700,1
1611327600,1
1611328500,1
1611329400,1
1611330300,1
1611331200,1
1611332100,1
1611333000,1
1611333900,1
1611334800,1
1611335700,1
1611336600,1
1611337500,1
1611338400,1
1611339300,1
1611340200,1
1611341100,1
1611342000,1
1611342900,1
1611343800,1
1611344700,1
1611345600,1
1611346500,1
1611347400,1
1611348300,1
1611349200,1
1611350100,1
1611351000,1
1611351900,1
1611352800,1
1611353700,1
1611354600,1
1611355500,1
1611356400,1
1611357300,1
1611358200,1
1611359100,1
1611360000,1
1611360900,1
1611361800,1
1611362700,1
1611363600,1
1611364500,1
1611365400,1
1611366300,1
1611367200,1
1611368100,1
1611369000,1
1611369900,1
1611370800,1
1611371700,1
1611372600,1
1611373500,1
1611374400,1
1611375300,1
1611376200,1
1611377100,1
1611378000,1
1611378900,1
1611379800,1
1611380700,1
1611381600,1
1611382500,1
1611383400,1
1611384300,1
1611385200,1
1611386100,1
1611387000,1
1611387900,1
1611388800,1
1611389700,1
1611390600,1
1611391500,1
1611392400,1
1611393300,1
1611394200,1
1611395100,1
1611396000,1
1611396900,1
1611397800,1
1611398700,1
1611399600,1
1611400500,1
1611401400,1
1611402300,1
1611403200,1
1611404100,1
1611405000,1
1611405900,1
1611406800,1
1611407700,1
1611408600,1
1611409500,1
1611410400,1
1611411300,1
1611412200,1
1611413100,1
1611414000,1
1611414900,1
1611415800,1
1611416700,1
1611417600,1
1611418500,1
1611419400,1
1611420300,1
1611421200,1
1611422100,1
1611423000,1
1611423900,1
1611424800,1
1611425700,1
1611426600,1
1611427500,1
1611428400,1
1611429300,1
1611430200,1
1611431100,1
1611432000,1
1611432900,1
1611433800,1
1611434700,1
1611435600,1
1611436500,1
1611437400,1
1611438300,1
1611439200,1
1611440100,1
1611441000,1
1611441900,1
1611442800,1
1611443700,1
1611444600,1
1611445500,1
1611446400,1
1611447300,1
1611448200,1
1611449100,1
1611450000,1
1611450900,1
1611451800,1
1611452700,1
1611453600,1
1611454500,1
1611455400,1
1611456300,1
1611457200,1
1611458100,1
1611459000,1
1611459900,1
1611460800,1
1611461700,1
1611462600,1
1611463500,1
1611464400,1
1611465300,1
1611466200,1
1611467100,1
1611468000,1
1611468900,1
1611469800,1
1611470700,1
1611471600,1
1611472500,1
1611473400,1
1611474300,1
1611475200,1
1611476100,1
1611477000,1
1611477900,1
1611478800,1
1611479700,1
1611480600,1
1611481500,1
1611482400,1
1611483300,1
1611484200,1
1611485100,1
1611486000,1
1611486900,1
1611487800,1
1611488700,1
1611489600,1
1611490500,1
1611491400,1
1611492300,1
1611493200,1
1611494100,1
1611495000,1
1611495900,1
1611496800,1
1611497700,1
1611498600,1
1611499500,1
1611500400,1
1611501300,1
1611502200,1
1611503100,1
1611504000,1
1611504900,1
1611505800,1
1611506700,1
1611507600,1
1611508500,1
1611509400,1
1611510300,1
1611511200,1
1611512100,1
1611513000,1
1611513900,1
1611514800,1
1611515700,1
1611516600,1
1611517500,1
1611518400,1
1611519300,1
1611520200,1
1611521100,1
1611522000,1
1611522900,1
1611523800,1
1611524700,1
1611525600,1
1611526500,1
1611527400,1
1611528300,1
1611529200,1
1611530100,1
1611531000,1
1611531900,1
1611532800,1
1611533700,1
1611534600,1
1611535500,1
1611536400,1
1611537300,1
1611538200,1
1611539100,1
1611540000,1
1611540900,1
1611541800,1
1611542700,1
1611543600,1
1611544500,1
1611545400,1
1611546300,1
1611547200,1
1611548100,1
1611549000,1
1611549900,1
1611550800,1
1611551700,1
1611552600,1
1611553500,1
1611554400,1
1611555300,1
1611556200,1
1611557100,1
1611558000,1
1611558900,1
1611559800,1
1611560700,1
1611561600,1
1611562500,1
1611563400,1
1611564300,1
1611565200,1
1611566100,1
1611567000,1
1611567900,1
1611568800,1
1611569700,1
1611570600,1
1611571500,1
1611572400,1
1611573300,1
1611574200,1
1611575100,1
1611576000,1
1611576900,1
1611577800,1
1611578700,1
1611579600,1
1611580500,1
1611581400,1
1611582300,1
1611583200,1
1611584100,1
1611585000,1
1611585900,1
1611586800,1
1611587700,1
1611588600,1
1611589500,1
1611590400,1
1611591300,1
1611592200,1
1611593100,1
1611594000,1
1611594900,1
1611595800,1
1611596700,1
1611597600,1
1611598500,1
1611599400,1
1611600300,1
1611601200,1
1611602100,1
1611603000,1
1611603900,1
1611604800,1
1611605700,1
1611606600,1
1611607500,1
1611608400,1
1611609300,1
1611610200,1
1611611100,1
1611612000,1
1611612900,1
1611613800,1
1611614700,1
1611615600,1
1611616500,1
1611617400,1
1611618300,1
1611619200,1
1611620100,1
1611621000,1
1611621900,1
1611622800,1
1611623700,1
1611624600,1
1611625500,1
1611626400,1
1611627300,1
1611628200,1
1611629100,1
1611630000,1
1611630900,1
1611631800,1
1611632700,1
1611633600,1
1611634500,1
1611635400,1
1611636300,1
1611637200,1
1611638100,1
1611639000,1
1611639900,1
1611640800,1
1611641700,1
1611642600,1
1611643500,1
1611644400,1
1611645300,1
1611646200,1
1611647100,1
1611648000,1
1611648900,1
1611649800,1
1611650700,1
1611651600,1
1611652500,1
1611653400,1
1611654300,1
1611655200,1
1611656100,1
1611657000,1
1611657900,1
1611658800,1
1611659700,1
1611660600,1
1611661500,1
1611662400,1
1611663300,1
1611664200,1
1611665100,1
1611666000,1
1611666900,1
1611667800,1
1611668700,1
1611669600,1
1611670500,1
1611671400,1
1611672300,1
1611673200,1
1611674100,1
1611675000,1
1611675900,1
1611676800,1
1611677700,1
1611678600,1
1611679500,1
1611680400,1
1611681300,1
1611682200,1
1611683100,1
1611684000,1
1611684900,1
1611685800,1
1611686700,1
1611687600,1
1611688500,1
1611689400,1
1611690300,1
1611691200,1
1611692100,1
1611693000,1
1611693900,1
1611694800,1
1611695700,1
1611696600,1
1611697500,1
1611698400,1
1611699300,1
1611700200,1
1611701100,1
1611702000,1
1611702900,1
1611703800,1
1611704700,1
1611705600,1
1611706500,1
1611707400,1
1611708300,1
1611709200,1
1611710100,1
1611711000,1
1611711900,1
1611712800,1
1611713700,1
1611714600,1
1611715500,1
1611716400,1
1611717300,1
1611718200,1
1611719100,1
1611720000,1
1611720900,1
1611721800,1
1611722700,1
1611723600,1
1611724500,1
1611725400,1
1611726300,1
1611727200,1
1611728100,1
1611729000,1
1611729900,1
1611730800,1
1611731700,1
1611732600,1
1611733500,1
1611734400,1
1611735300,1
1611736200,1
1611737100,1
1611738000,1
1611738900,1
1611739800,1
1611740700,1
1611741600,1
1611742500,1
1611743400,1
1611744300,1
1611745200,1
1611746100,1
1611747000,1
1611747900,1
1611748800,1
1611749700,1
1611750600,1
1611751500,1
1611752400,1
1611753300,1
1611754200,1
1611755100,1
1611756000,1
1611756900,1
1611757800,1
1611758700,1
1611759600,1
1611760500,1
1611761400,1
1611762300,1
1611763200,1
1611764100,1
1611765000,1
1611765900,1
1611766800,1
1611767700,1
1611768600,1
1611769500,1
1611770400,1
1611771300,1
1611772200,1
1611773100,1
1611774000,1
1611774900,1
1611775800,1
1611776700,1
1611777600,1
1611778500,1
1611779400,1
1611780300,1
1611781200,1
1611782100,1
1611783000,1
1611783900,1
1611784800,1
1611785700,1
1611786600,1
1611787500,1
1611788400,1
1611789300,1
1611790200,1
1611791100,1
1611792000,1
1611792900,1
1611793800,1
1611794700,1
1611795600,1
1611796500,1
1611797400,1
1611798300,1
1611799200,1
1611800100,1
1611801000,1
1611801900,1
1611802800,1
1611803700,1
1611804600,1
1611805500,1
1611806400,1
1611807300,1
1611808200,1
1611809100,1
1611810000,1
1611810900,1
1611811800,1
1611812700,1
1611813600,1
1611814500,1
1611815400,1
1611816300,1
1611817200,1
1611818100,1
1611819000,1
1611819900,1
1611820800,1
1611821700,1
1611822600,1
1611823500,1
1611824400,1
1611825300,1
1611826200,1
1611827100,1
1611828000,1
1611828900,1
1611829800,1
1611830700,1
1611831600,1
1611832500,1
1611833400,1
1611834300,1
1611835200,1
1611836100,1
1611837000,1
1611837900,1
1611838800,1
1611839700,1
1611840600,1
1611841500,1
1611842400,1
1611843300,1
1611844200,1
1611845100,1
1611846000,1
1611846900,1
1611847800,1
1611848700,1
1611849600,1
1611850500,1
1611851400,1
1611852300,1
1611853200,1
1611854100,1
1611855000,1
1611855900,1
1611856800,1
1611857700,1
1611858600,1
1611859500,1
1611860400,1
1611861300,1
1611862200,1
1611863100,1
1611864000,1
1611864900,1
1611865800,1
1611866700,1
1611867600,1
1611868500,1
1611869400,1
1611870300,1
1611871200,1
1611872100,1
1611873000,1
1611873900,1
1611874800,1
1611875700,1
1611876600,1
1611877500,1
1611878400,1
1611879300,1
1611880200,1
1611881100,1
1611882000,1
1611882900,1
1611883800,1
1611884700,1
1611885600,1
1611886500,1
1611887400,1
1611888300,1
1611889200,1
1611890100,1
1611891000,1
1611891900,1
1611892800,1
1611893700,1
1611894600,1
1611895500,1
1611896400,1
1611897300,1
1611898200,1
1611899100,1
1611900000,1
1611900900,1
1611901800,1
1611902700,1
1611903600,1
1611904500,1
1611905400,1
1611906300,1
1611907200,1
1611908100,1
1611909000,1
1611909900,1
1611910800,1
1611911700,1
1611912600,1
1611913500,1
1611914400,1
1611915300,1
1611916200,1
1611917100,1
1611918000,1
1611918900,1
1611919800,1
1611920700,1
1611921600,1
1611922500,1
1611923400,1
1611924300,1
1611925200,1
1611926100,1
1611927000,1
1611927900,1
1611928800,1
1611929700,1
1611930600,1
1611931500,1
1611932400,1
1611933300,1
1611934200,1
1611935100,1
1611936000,1
1611936900,1
1611937800,1
1611938700,1
1611939600,1
1611940500,1
1611941400,1
1611942300,1
1611943200,1
1611944100,1
1611945000,1
1611945900,1
1611946800,1
1611947700,1
1611948600,1
1611949500,1
1611950400,1
1611951300,1
1611952200,1
1611953100,1
1611954000,1
1611954900,1
1611955800,1
1611956700,1
1611957600,1
1611958500,1
1611959400,1
1611960300,1
1611961200,1
1611962100,1
1611963000,1
1611963900,1
1611964800,1
1611965700,1
1611966600,1
1611967500,1
1611968400,1
1611969300,1
1611970200,1
1611971100,1
1611972000,1
1611972900,1
1611973800,1
1611974700,1
1611975600,1
1611976500,1
1611977400,1
1611978300,1
1611979200,1
1611980100,1
1611981000,1
1611981900,1
1611982800,1
1611983700,1
1611984600,1
1611985500,1
1611986400,1
1611987300,1
1611988200,1
1611989100,1
1611990000,1
1611990900,1
1611991800,1
1611992700,1
1611993600,1
1611994500,1
1611995400,1
1611996300,1
1611997200,1
1611998100,1
1611999000,1
1611999900,1
1612000800,1
1612001700,1
1612002600,1
1612003500,1
1612004400,1
1612005300,1
1612006200,1
1612007100,1
1612008000,1
1612008900,1
1612009800,1
1612010700,1
1612011600,1
1612012500,1
1612013400,1
1612014300,1
1612015200,1
1612016100,1
1612017000,1
1612017900,1
1612018800,1
1612019700,1
1612020600,1
1612021500,1
1612022400,1
1612023300,1
1612024200,1
1612025100,1
1612026000,1
1612026900,1
1612027800,1
1612028700,1
1612029600,1
1612030500,1
1612031400,1
1612032300,1
1612033200,1
1612034100,1
1612035000,1
1612035900,1
1612036800,1
1612037700,1
1612038600,1
1612039500,1
1612040400,1
1612041300,1
1612042200,1
1612043100,1
1612044000,1
1612044900,1
1612045800,1
1612046700,1
1612047600,1
1612048500,1
1612049400,1
1612050300,1
1612051200,1
1612052100,1
1612053000,1
1612053900,1
1612054800,1
1612055700,1
1612056600,1
1612057500,1
1612058400,1
1612059300,1
1612060200,1
1612061100,1
1612062000,1
1612062900,1
1612063800,1
1612064700,1
1612065600,1
1612066500,1
1612067400,1
1612068300,1
1612069200,1
1612070100,1
1612071000,1
1612071900,1
1612072800,1
1612073700,1
1612074600,1
1612075500,1
1612076400,1
1612077300,1
1612078200,1
1612079100,1
1612080000,1
1612080900,1
1612081800,1
1612082700,1
1612083600,1
1612084500,1
1612085400,1
1612086300,1
1612087200,1
1612088100,1
1612089000,1
1612089900,1
1612090800,1
1612091700,1
1612092600,1
1612093500,1
1612094400,1
1612095300,1
1612096200,1
1612097100,1
1612098000,1
1612098900,1
1612099800,1
1612100700,1
1612101600,1
1612102500,1
1612103400,1
1612104300,1
1612105200,1
1612106100,1
1612107000,1
1612107900,1
1612108800,1
1612109700,1
1612110600,1
1612111500,1
1612112400,1
1612113300,1
1612114200,1
1612115100,1
1612116000,1
1612116900,1
1612117800,1
1612118700,1
1612119600,1
1612120500,1
1612121400,1
1612122300,1
1612123200,1
1612124100,1
1612125000,1
1612125900,1
1612126800,1
1612127700,1
1612128600,1
1612129500,1
1612130400,1
1612131300,1
1612132200,1
1612133100,1
1612134000,1
1612134900,1
1612135800,1
1612136700,1
1612137600,1
1612138500,1
1612139400,1
1612140300,1
1612141200,1
1612142100,1
1612143000,1
1612143900,1
1612144800,1
1612145700,1
1612146600,1
1612147500,1
1612148400,1
1612149300,1
1612150200,1
1612151100,1
1612152000,1
1612152900,1
1612153800,1
1612154700,1
1612155600,1
1612156500,1
1612157400,1
1612158300,1
1612159200,1
1612160100,1
1612161000,1
1612161900,1
1612162800,1
1612163700,1
1612164600,1
1612165500,1
1612166400,1
1612167300,1
1612168200,1
1612169100,1
1612170000,1
1612170900,1
1612171800,1
1612172700,1
1612173600,1
1612174500,1
1612175400,1
1612176300,1
1612177200,1
1612178100,1
1612179000,1
1612179900,1
1612180800,1
1612181700,1
1612182600,1
1612183500,1
1612184400,1
1612185300,1
1612186200,1
1612187100,1
1612188000,1
1612188900,1
1612189800,1
1612190700,1
1612191600,1
1612192500,1
1612193400,1
1612194300,1
1612195200,1
1612196100,1
1612197000,1
1612197900,1
1612198800,1
1612199700,1
1612200600,1
1612201500,1
1612202400,1
1612203300,1
1612204200,1
1612205100,1
1612206000,1
1612206900,1
1612207800,1
1612208700,1
1612209600,1
1612210500,1
1612211400,1
1612212300,1
1612213200,1
1612214100,1
1612215000,1
1612215900,1
1612216800,1
1612217700,1
1612218600,1
1612219500,1
1612220400,1
1612221300,1
1612222200,1
1612223100,1
1612224000,1
1612224900,1
1612225800,1
1612226700,1
1612227600,1
1612228500,1
1612229400,1
1612230300,1
1612231200,1
1612232100,1
1612233000,1
1612233900,1
1612234800,1
1612235700,1
1612236600,1
1612237500,1
1612238400,1
1612239300,1
1612240200,1
1612241100,1
1612242000,1
1612242900,1
1612243800,1
1612244700,1
1612245600,1
1612246500,1
1612247400,1
1612248300,1
1612249200,1
1612250100,1
1612251000,1
1612251900,1
1612252800,1
1612253700,1
1612254600,1
1612255500,1
1612256400,1
1612257300,1
1612258200,1
1612259100,1
1612260000,1
1612260900,1
1612261800,1
1612262700,1
1612263600,1
1612264500,1
1612265400,1
1612266300,1
1612267200,1
1612268100,1
1612269000,1
1612269900,1
1612270800,1
1612271700,1
1612272600,1
1612273500,1
1612274400,1
1612275300,1
1612276200,1
1612277100,1
1612278000,1
1612278900,1
1612279800,1
1612280700,1
1612281600,1
1612282500,1
1612283400,1
1612284300,1
1612285200,1
1612286100,1
1612287000,1
1612287900,1
1612288800,1
1612289700,1
1612290600,1
1612291500,1
1612292400,1
1612293300,1
1612294200,1
1612295100,1
1612296000,1
1612296900,1
1612297800,1
1612298700,1
1612299600,1
1612300500,1
1612301400,1
1612302300,1
1612303200,1
1612304100,1
1612305000,1
1612305900,1
1612306800,1
1612307700,1
1612308600,1
1612309500,1
1612310400,1
1612311300,1
1612312200,1
1612313100,1
1612314000,1
1612314900,1
1612315800,1
1612316700,1
1612317600,1
1612318500,1
1612319400,1
1612320300,1
1612321200,1
1612322100,1
1612323000,1
1612323900,1
1612324800,1
1612325700,1
1612326600,1
1612327500,1
1612328400,1
1612329300,1
1612330200,1
1612331100,1
1612332000,1
1612332900,1
1612333800,1
1612334700,1
1612335600,1
1612336500,1
1612337400,1
1612338300,1
1612339200,1
1612340100,1
1612341000,1
1612341900,1
1612342800,1
1612343700,1
1612344600,1
1612345500,1
1612346400,1
1612347300,1
1612348200,1
1612349100,1
1612350000,1
1612350900,1
1612351800,1
1612352700,1
1612353600,1
1612354500,1
1612355400,1
1612356300,1
1612357200,1
1612358100,1
1612359000,1
1612359900,1
1612360800,1
1612361700,1
1612362600,1
1612363500,1
1612364400,1
1612365300,1
1612366200,1
1612367100,1
1612368000,1
1612368900,1
1612369800,1
1612370700,1
1612371600,1
1612372500,1
1612373400,1
1612374300,1
1612375200,1
1612376100,1
1612377000,1
1612377900,1
1612378800,1
1612379700,1
1612380600,1
1612381500,1
1612382400,1
1612383300,1
1612384200,1
1612385100,1
1612386000,1
1612386900,1
1612387800,1
1612388700,1
1612389600,1
1612390500,1
1612391400,1
1612392300,1
1612393200,1
1612394100,1
1612395000,1
1612395900,1
1612396800,1
1612397700,1
1612398600,1
1612399500,1
1612400400,1
1612401300,1
1612402200,1
1612403100,1
1612404000,1
1612404900,1
1612405800,1
1612406700,1
1612407600,1
1612408500,1
1612409400,1
1612410300,1
1612411200,1
1612412100,1
1612413000,1
1612413900,1
1612414800,1
1612415700,1
1612416600,1
1612417500,1
1612418400,1
1612419300,1
1612420200,1
1612421100,1
1612422000,1
1612422900,1
1612423800,1
1612424700,1
1612425600,1
1612426500,1
1612427400,1
1612428300,1
1612429200,1
1612430100,1
1612431000,1
1612431900,1
1612432800,1
1612433700,1
1612434600,1
1612435500,1
1612436400,1
1612437300,1
1612438200,1
1612439100,1
1612440000,1
1612440900,1
1612441800,1
1612442700,1
1612443600,1
1612444500,1
1612445400,1
1612446300,1
1612447200,1
1612448100,1
1612449000,1
1612449900,1
1612450800,1
1612451700,1
1612452600,1
1612453500,1
1612454400,1
1612455300,1
1612456200,1
1612457100,1
1612458000,1
1612458900,1
1612459800,1
1612460700,1
1612461600,1
1612462500,1
1612463400,1
1612464300,1
1612465200,1
1612466100,1
1612467000,1
1612467900,1
1612468800,1
1612469700,1
1612470600,1
1612471500,1
1612472400,1
1612473300,1
1612474200,1
1612475100,1
1612476000,1
1612476900,1
1612477800,1
1612478700,1
1612479600,1
1612480500,1
1612481400,1
1612482300,1
1612483200,1
1612484100,1
1612485000,1
1612485900,1
1612486800,1
1612487700,1
1612488600,1
1612489500,1
1612490400,1
1612491300,1
1612492200,1
1612493100,1
1612494000,1
1612494900,1
1612495800,1
1612496700,1
1612497600,1
1612498500,1
1612499400,1
1612500300,1
1612501200,1
1612502100,1
1612503000,1
1612503900,1
1612504800,1
1612505700,1
1612506600,1
1612507500,1
1612508400,1
1612509300,1
1612510200,1
1612511100,1
1612512000,1
1612512900,1
1612513800,1
1612514700,1
1612515600,1
1612516500,1
1612517400,1
1612518300,1
1612519200,1
1612520100,1
1612521000,1
1612521900,1
1612522800,1
1612523700,1
1612524600,1
1612525500,1
1612526400,1
1612527300,1
1612528200,1
1612529100,1
1612530000,1
1612530900,1
1612531800,1
1612532700,1
1612533600,1
1612534500,1
1612535400,1
1612536300,1
1612537200,1
1612538100,1
1612539000,1
1612539900,1
1612540800,1
1612541700,1
1612542600,1
1612543500,1
1612544400,1
1612545300,1
1612546200,1
1612547100,1
1612548000,1
1612548900,1
1612549800,1
1612550700,1
1612551600,1
1612552500,1
1612553400,1
1612554300,1
1612555200,1
1612556100,1
1612557000,1
1612557900,1
1612558800,1
1612559700,1
1612560600,1
1612561500,1
1612562400,1
1612563300,1
1612564200,1
1612565100,1
1612566000,1
1612566900,1
1612567800,1
1612568700,1
1612569600,1
1612570500,1
1612571400,1
1612572300,1
1612573200,1
1612574100,1
1612575000,1
1612575900,1
1612576800,1
1612577700,1
1612578600,1
1612579500,1
1612580400,1
1612581300,1
1612582200,1
1612583100,1
1612584000,1
1612584900,1
1612585800,1
1612586700,1
1612587600,1
1612588500,1
1612589400,1
1612590300,1
1612591200,1
1612592100,1
1612593000,1
1612593900,1
1612594800,1
1612595700,1
1612596600,1
1612597500,1
1612598400,1
1612599300,1
1612600200,1
1612601100,1
1612602000,1
1612602900,1
1612603800,1
1612604700,1
1612605600,1
1612606500,1
1612607400,1
1612608300,1
1612609200,1
1612610100,1
1612611000,1
1612611900,1
1612612800,1
1612613700,1
1612614600,1
1612615500,1
1612616400,1
1612617300,1
1612618200,1
1612619100,1
1612620000,1
1612620900,1
1612621800,1
1612622700,1
1612623600,1
1612624500,1
1612625400,1
1612626300,1
1612627200,1
1612628100,1
1612629000,1
1612629900,1
1612630800,1
1612631700,1
1612632600,1
1612633500,1
1612634400,1
1612635300,1
1612636200,1
1612637100,1
1612638000,1
1612638900,1
1612639800,1
1612640700,1
1612641600,1
1612642500,1
1612643400,1
1612644300,1
1612645200,1
1612646100,1
1612647000,1
1612647900,1
1612648800,1
1612649700,1
1612650600,1
1612651500,1
1612652400,1
1612653300,1
1612654200,1
1612655100,1
1612656000,1
1612656900,1
1612657800,1
1612658700,1
1612659600,1
1612660500,1
1612661400,1
1612662300,1
1612663200,1
1612664100,1
1612665000,1
1612665900,1
1612666800,1
1612667700,1
1612668600,1
1612669500,1
1612670400,1
1612671300,1
1612672200,1
1612673100,1
1612674000,1
1612674900,1
1612675800,1
1612676700,1
1612677600,1
1612678500,1
1612679400,1
1612680300,1
1612681200,1
1612682100,1
1612683000,1
1612683900,1
1612684800,1
1612685700,1
1612686600,1
1612687500,1
1612688400,1
1612689300,1
1612690200,1
1612691100,1
1612692000,1
1612692900,1
1612693800,1
1612694700,1
1612695600,1
1612696500,1
1612697400,1
1612698300,1
1612699200,1
1612700100,1
1612701000,1
1612701900,1
1612702800,1
1612703700,1
1612704600,1
1612705500,1
1612706400,1
1612707300,1
1612708200,1
1612709100,1
1612710000,1
1612710900,1
1612711800,1
1612712700,1
1612713600,1
1612714500,1
1612715400,1
1612716300,1
1612717200,1
1612718100,1
1612719000,1
1612719900,1
1612720800,1
1612721700,1
1612722600,1
1612723500,1
1612724400,1
1612725300,1
1612726200,1
1612727100,1
1612728000,1
1612728900,1
1612729800,1
1612730700,1
1612731600,1
1612732500,1
1612733400,1
1612734300,1
1612735200,1
1612736100,1
1612737000,1
1612737900,1
1612738800,1
1612739700,1
1612740600,1
1612741500,1
1612742400,1
1612743300,1
1612744200,1
1612745100,1
1612746000,1
1612746900,1
1612747800,1
1612748700,1
1612749600,1
1612750500,1
1612751400,1
1612752300,1
1612753200,1
1612754100,1
1612755000,1
1612755900,1
1612756800,1
1612757700,1
1612758600,1
1612759500,1
1612760400,1
1612761300,1
1612762200,1
1612763100,1
1612764000,1
1612764900,1
1612765800,1
1612766700,1
1612767600,1
1612768500,1
1612769400,1
1612770300,1
1612771200,1
1612772100,1
1612773000,1
1612773900,1
1612774800,1
1612775700,1
1612776600,1
1612777500,1
1612778400,1
1612779300,1
1612780200,1
1612781100,1
1612782000,1
1612782900,1
1612783800,1
1612784700,1
1612785600,1
1612786500,1
1612787400,1
1612788300,1
1612789200,1
1612790100,1
1612791000,1
1612791900,1
1612792800,1
1612793700,1
1612794600,1
1612795500,1
1612796400,1
1612797300,1
1612798200,1
1612799100,1
1612800000,1
1612800900,1
1612801800,1
1612802700,1
1612803600,1
1612804500,1
1612805400,1
1612806300,1
1612807200,1
1612808100,1
1612809000,1
1612809900,1
1612810800,1
1612811700,1
1612812600,1
1612813500,1
1612814400,1
1612815300,1
1612816200,1
1612817100,1
1612818000,1
1612818900,1
1612819800,1
1612820700,1
1612821600,1
1612822500,1
1612823400,1
1612824300,1
1612825200,1
1612826100,1
1612827000,1
1612827900,1
1612828800,1
1612829700,1
1612830600,1
1612831500,1
1612832400,1
1612833300,1
1612834200,1
1612835100,1
1612836000,1
1612836900,1
1612837800,1
1612838700,1
1612839600,1
1612840500,1
1612841400,1
1612842300,1
1612843200,1
1612844100,1
1612845000,1
1612845900,1
1612846800,1
1612847700,1
1612848600,1
1612849500,1
1612850400,1
1612851300,1
1612852200,1
1612853100,1
1612854000,1
1612854900,1
1612855800,1
1612856700,1
1612857600,1
1612858500,1
1612859400,1
1612860300,1
1612861200,1
1612862100,1
1612863000,1
1612863900,1
1612864800,1
1612865700,1
1612866600,1
1612867500,1
1612868400,1
1612869300,1
1612870200,1
1612871100,1
1612872000,1
1612872900,1
1612873800,1
1612874700,1
1612875600,1
1612876500,1
1612877400,1
1612878300,1
1612879200,1
1612880100,1
1612881000,1
1612881900,1
1612882800,1
1612883700,1
1612884600,1
1612885500,1
1612886400,1
1612887300,1
1612888200,1
1612889100,1
1612890000,1
1612890900,1
1612891800,1
1612892700,1
1612893600,1
1612894500,1
1612895400,1
1612896300,1
1612897200,1
1612898100,1
1612899000,1
1612899900,1
1612900800,1
1612901700,1
1612902600,1
1612903500,1
1612904400,1
1612905300,1
1612906200,1
1612907100,1
1612908000,1
1612908900,1
1612909800,1
1612910700,1
1612911600,1
1612912500,1
1612913400,1
1612914300,1
1612915200,1
1612916100,1
1612917000,1
1612917900,1
1612918800,1
1612919700,1
1612920600,1
1612921500,1
1612922400,1
1612923300,1
1612924200,1
1612925100,1
1612926000,1
1612926900,1
1612927800,1
1612928700,1
1612929600,1
1612930500,1
1612931400,1
1612932300,1
1612933200,1
1612934100,1
1612935000,1
1612935900,1
1612936800,1
1612937700,1
1612938600,1
1612939500,1
1612940400,1
1612941300,1
1612942200,1
1612943100,1
1612944000,1
1612944900,1
1612945800,1
1612946700,1
1612947600,1
1612948500,1
1612949400,1
1612950300,1
1612951200,1
1612952100,1
1612953000,1
1612953900,1
1612954800,1
1612955700,1
1612956600,1
1612957500,1
1612958400,1
1612959300,1
1612960200,1
1612961100,1
1612962000,1
1612962900,1
1612963800,1
1612964700,1
1612965600,1
1612966500,1
1612967400,1
1612968300,1
1612969200,1
1612970100,1
1612971000,1
1612971900,1
1612972800,1
1612973700,1
1612974600,1
1612975500,1
1612976400,1
1612977300,1
1612978200,1
1612979100,1
1612980000,1
1612980900,1
1612981800,1
1612982700,1
1612983600,1
1612984500,1
1612985400,1
1612986300,1
1612987200,1
1612988100,1
1612989000,1
1612989900,1
1612990800,1
1612991700,1
1612992600,1
1612993500,1
1612994400,1
1612995300,1
1612996200,1
1612997100,1
1612998000,1
1612998900,1
1612999800,1
1613000700,1
1613001600,1
1613002500,1
1613003400,1
1613004300,1
1613005200,1
1613006100,1
1613007000,1
1613007900,1
1613008800,1
1613009700,1
1613010600,1
1613011500,1
1613012400,1
1613013300,1
1613014200,1
1613015100,1
1613016000,1
1613016900,1
1613017800,1
1613018700,1
1613019600,1
1613020500,1
1613021400,1
1613022300,1
1613023200,1
1613024100,1
1613025000,1
1613025900,1
1613026800,1
1613027700,1
1613028600,1
1613029500,1
1613030400,1
1613031300,1
1613032200,1
1613033100,1
1613034000,1
1613034900,1
1613035800,1
1613036700,1
1613037600,1
1613038500,1
1613039400,1
1613040300,1
1613041200,1
1613042100,1
1613043000,1
1613043900,1
1613044800,1
1613045700,1
1613046600,1
1613047500,1
1613048400,1
1613049300,1
1613050200,1
1613051100,1
1613052000,1
1613052900,1
1613053800,1
1613054700,1
1613055600,1
1613056500,1
1613057400,1
1613058300,1
1613059200,1
1613060100,1
1613061000,1
1613061900,1
1613062800,1
1613063700,1
1613064600,1
1613065500,1
1613066400,1
1613067300,1
1613068200,1
1613069100,1
1613070000,1
1613070900,1
1613071800,1
1613072700,1
1613073600,1
1613074500,1
1613075400,1
1613076300,1
1613077200,1
1613078100,1
1613079000,1
1613079900,1
1613080800,1
1613081700,1
1613082600,1
1613083500,1
1613084400,1
1613085300,1
1613086200,1
1613087100,1
1613088000,1
1613088900,1
1613089800,1
1613090700,1
1613091600,1
1613092500,1
1613093400,1
1613094300,1
1613095200,1
1613096100,1
1613097000,1
1613097900,1
1613098800,1
1613099700,1
1613100600,1
1613101500,1
1613102400,1
1613103300,1
1613104200,1
1613105100,1
1613106000,1
1613106900,1
1613107800,1
1613108700,1
1613109600,1
1613110500,1
1613111400,1
1613112300,1
1613113200,1
1613114100,1
1613115000,1
1613115900,1
1613116800,1
1613117700,1
1613118600,1
1613119500,1
1613120400,1
1613121300,1
1613122200,1
1613123100,1
1613124000,1
1613124900,1
1613125800,1
1613126700,1
1613127600,1
1613128500,1
1613129400,1
1613130300,1
1613131200,1
1613132100,1
1613133000,1
1613133900,1
1613134800,1
1613135700,1
1613136600,1
1613137500,1
1613138400,1
1613139300,1
1613140200,1
1613141100,1
1613142000,1
1613142900,1
1613143800,1
1613144700,1
1613145600,1
1613146500,1
1613147400,1
1613148300,1
1613149200,1
1613150100,1
1613151000,1
1613151900,1
1613152800,1
1613153700,1
1613154600,1
1613155500,1
1613156400,1
1613157300,1
1613158200,1
1613159100,1
1613160000,1
1613160900,1
1613161800,1
1613162700,1
1613163600,1
1613164500,1
1613165400,1
1613166300,1
1613167200,1
1613168100,1
1613169000,1
1613169900,1
1613170800,1
1613171700,1
1613172600,1
1613173500,1
1613174400,1
1613175300,1
1613176200,1
1613177100,1
1613178000,1
1613178900,1
1613179800,1
1613180700,1
1613181600,1
1613182500,1
1613183400,1
1613184300,1
1613185200,1
1613186100,1
1613187000,1
1613187900,1
1613188800,1
1613189700,1
1613190600,1
1613191500,1
1613192400,1
1613193300,1
1613194200,1
1613195100,1
1613196000,1
1613196900,1
1613197800,1
1613198700,1
1613199600,1
1613200500,1
1613201400,1
1613202300,1
1613203200,1
1613204100,1
1613205000,1
1613205900,1
1613206800,1
1613207700,1
1613208600,1
1613209500,1
1613210400,1
1613211300,1
1613212200,1
1613213100,1
1613214000,1
1613214900,1
1613215800,1
1613216700,1
1613217600,1
1613218500,1
1613219400,1
1613220300,1
1613221200,1
1613222100,1
1613223000,1
1613223900,1
1613224800,1
1613225700,1
1613226600,1
1613227500,1
1613228400,1
1613229300,1
1613230200,1
1613231100,1
1613232000,1
1613232900,1
1613233800,1
1613234700,1
1613235600,1
1613236500,1
1613237400,1
1613238300,1
1613239200,1
1613240100,1
1613241000,1
1613241900,1
1613242800,1
1613243700,1
1613244600,1
1613245500,1
1613246400,1
1613247300,1
1613248200,1
1613249100,1
1613250000,1
1613250900,1
1613251800,1
1613252700,1
1613253600,1
1613254500,1
1613255400,1
1613256300,1
1613257200,1
1613258100,1
1613259000,1
1613259900,1
1613260800,1
1613261700,1
1613262600,1
1613263500,1
1613264400,1
1613265300,1
1613266200,1
1613267100,1
1613268000,1
1613268900,1
1613269800,1
1613270700,1
1613271600,1
1613272500,1
1613273400,1
1613274300,1
1613275200,1
1613276100,1
1613277000,1
1613277900,1
1613278800,1
1613279700,1
1613280600,1
1613281500,1
1613282400,1
1613283300,1
1613284200,1
1613285100,1
1613286000,1
1613286900,1
1613287800,1
1613288700,1
1613289600,1
1613290500,1
1613291400,1
1613292300,1
1613293200,1
1613294100,1
1613295000,1
1613295900,1
1613296800,1
1613297700,1
1613298600,1
1613299500,1
1613300400,1
1613301300,1
1613302200,1
1613303100,1
1613304000,1
1613304900,1
1613305800,1
1613306700,1
1613307600,1
1613308500,1
1613309400,1
1613310300,1
1613311200,1
1613312100,1
1613313000,1
1613313900,1
1613314800,1
1613315700,1
1613316600,1
1613317500,1
1613318400,1
1613319300,1
1613320200,1
1613321100,1
1613322000,1
1613322900,1
1613323800,1
1613324700,1
1613325600,1
1613326500,1
1613327400,1
1613328300,1
1613329200,1
1613330100,1
1613331000,1
1613331900,1
1613332800,1
1613333700,1
1613334600,1
1613335500,1
1613336400,1
1613337300,1
1613338200,1
1613339100,1
1613340000,1
1613340900,1
1613341800,1
1613342700,1
1613343600,1
1613344500,1
1613345400,1
1613346300,1
1613347200,1
1613348100,1
1613349000,1
1613349900,1
1613350800,1
1613351700,1
1613352600,1
1613353500,1
1613354400,1
1613355300,1
1613356200,1
1613357100,1
1613358000,1
1613358900,1
1613359800,1
1613360700,1
1613361600,1
1613362500,1
1613363400,1
1613364300,1
1613365200,1
1613366100,1
1613367000,1
1613367900,1
1613368800,1
1613369700,1
1613370600,1
1613371500,1
1613372400,1
1613373300,1
1613374200,1
1613375100,1
1613376000,1
1613376900,1
1613377800,1
1613378700,1
1613379600,1
1613380500,1
1613381400,1
1613382300,1
1613383200,1
1613384100,1
1613385000,1
1613385900,1
1613386800,1
1613387700,1
1613388600,1
1613389500,1
1613390400,1
1613391300,1
1613392200,1
1613393100,1
1613394000,1
1613394900,1
1613395800,1
1613396700,1
1613397600,1
1613398500,1
1613399400,1
1613400300,1
1613401200,1
1613402100,1
1613403000,1
1613403900,1
1613404800,1
1613405700,1
1613406600,1
1613407500,1
1613408400,1
1613409300,1
1613410200,1
1613411100,1
1613412000,1
1613412900,1
1613413800,1
1613414700,1
1613415600,1
1613416500,1
1613417400,1
1613418300,1
1613419200,1
1613420100,1
1613421000,1
1613421900,1
1613422800,1
1613423700,1
1613424600,1
1613425500,1
1613426400,1
1613427300,1
1613428200,1
1613429100,1
1613430000,1
1613430900,1
1613431800,1
1613432700,1
1613433600,1
1613434500,1
1613435400,1
1613436300,1
1613437200,1
1613438100,1
1613439000,1
1613439900,1
1613440800,1
1613441700,1
1613442600,1
1613443500,1
1613444400,1
1613445300,1
1613446200,1
1613447100,1
1613448000,1
1613448900,1
1613449800,1
1613450700,1
1613451600,1
1613452500,1
1613453400,1
1613454300,1
1613455200,1
1613456100,1
1613457000,1
1613457900,1
1613458800,1
1613459700,1
1613460600,1
1613461500,1
1613462400,1
1613463300,1
1613464200,1
1613465100,1
1613466000,1
1613466900,1
1613467800,1
1613468700,1
1613469600,1
1613470500,1
1613471400,1
1613472300,1
1613473200,1
1613474100,1
1613475000,1
1613475900,1
1613476800,1
1613477700,1
1613478600,1
1613479500,1
1613480400,1
1613481300,1
1613482200,1
1613483100,1
1613484000,1
1613484900,1
1613485800,1
1613486700,1
1613487600,1
1613488500,1
1613489400,1
1613490300,1
1613491200,1
1613492100,1
1613493000,1
1613493900,1
1613494800,1
1613495700,1
1613496600,1
1613497500,1
1613498400,1
1613499300,1
1613500200,1
1613501100,1
1613502000,1
1613502900,1
1613503800,1
1613504700,1
1613505600,1
1613506500,1
1613507400,1
1613508300,1
1613509200,1
1613510100,1
1613511000,1
1613511900,1
1613512800,1
1613513700,1
1613514600,1
1613515500,1
1613516400,1
1613517300,1
1613518200,1
1613519100,1
1613520000,1
1613520900,1
1613521800,1
1613522700,1
1613523600,1
1613524500,1
1613525400,1
1613526300,1
1613527200,1
1613528100,1
1613529000,1
1613529900,1
1613530800,1
1613531700,1
1613532600,1
1613533500,1
1613534400,1
1613535300,1
1613536200,1
1613537100,1
1613538000,1
1613538900,1
1613539800,1
1613540700,1
1613541600,1
1613542500,1
1613543400,1
1613544300,1
1613545200,1
1613546100,1
1613547000,1
1613547900,1
1613548800,1
1613549700,1
1613550600,1
1613551500,1
1613552400,1
1613553300,1
1613554200,1
1613555100,1
1613556000,1
1613556900,1
1613557800,1
1613558700,1
1613559600,1
1613560500,1
1613561400,1
1613562300,1
1613563200,1
1613564100,1
1613565000,1
1613565900,1
1613566800,1
1613567700,1
1613568600,1
1613569500,1
1613570400,1
1613571300,1
1613572200,1
1613573100,1
1613574000,1
1613574900,1
1613575800,1
1613576700,1
1613577600,1
1613578500,1
1613579400,1
1613580300,1
1613581200,1
1613582100,1
1613583000,1
1613583900,1
1613584800,1
1613585700,1
1613586600,1
1613587500,1
1613588400,1
1613589300,1
1613590200,1
1613591100,1
1613592000,1
1613592900,1
1613593800,1
1613594700,1
1613595600,1
1613596500,1
1613597400,1
1613598300,1
1613599200,1
1613600100,1
1613601000,1
1613601900,1
1613602800,1
1613603700,1
1613604600,1
1613605500,1
1613606400,1
1613607300,1
1613608200,1
1613609100,1
1613610000,1
1613610900,1
1613611800,1
1613612700,1
1613613600,1
1613614500,1
1613615400,1
1613616300,1
1613617200,1
1613618100,1
1613619000,1
1613619900,1
1613620800,1
1613621700,1
1613622600,1
1613623500,1
1613624400,1
1613625300,1
1613626200,1
1613627100,1
1613628000,1
1613628900,1
1613629800,1
1613630700,1
1613631600,1
1613632500,1
1613633400,1
1613634300,1
1613635200,1
1613636100,1
1613637000,1
1613637900,1
1613638800,1
1613639700,1
1613640600,1
1613641500,1
1613642400,1
1613643300,1
1613644200,1
1613645100,1
1613646000,1
1613646900,1
1613647800,1
1613648700,1
1613649600,1
1613650500,1
1613651400,1
1613652300,1
1613653200,1
1613654100,1
1613655000,1
1613655900,1
1613656800,1
1613657700,1
1613658600,1
1613659500,1
1613660400,1
1613661300,1
1613662200,1
1613663100,1
1613664000,1
1613664900,1
1613665800,1
1613666700,1
1613667600,1
1613668500,1
1613669400,1
1613670300,1
1613671200,1
1613672100,1
1613673000,1
1613673900,1
1613674800,1
1613675700,1
1613676600,1
1613677500,1
1613678400,1
1613679300,1
1613680200,1
1613681100,1
1613682000,1
1613682900,1
1613683800,1
1613684700,1
1613685600,1
1613686500,1
1613687400,1
1613688300,1
1613689200,1
1613690100,1
1613691000,1
1613691900,1
1613692800,1
1613693700,1
1613694600,1
1613695500,1
1613696400,1
1613697300,1
1613698200,1
1613699100,1
1613700000,1
1613700900,1
1613701800,1
1613702700,1
1613703600,1
1613704500,1
1613705400,1
1613706300,1
1613707200,1
1613708100,1
1613709000,1
1613709900,1
1613710800,1
1613711700,1
1613712600,1
1613713500,1
1613714400,1
1613715300,1
1613716200,1
1613717100,1
1613718000,1
1613718900,1
1613719800,1
1613720700,1
1613721600,1
1613722500,1
1613723400,1
1613724300,1
1613725200,1
1613726100,1
1613727000,1
1613727900,1
1613728800,1
1613729700,1
1613730600,1
1613731500,1
1613732400,1
1613733300,1
1613734200,1
1613735100,1
1613736000,1
1613736900,1
1613737800,1
1613738700,1
1613739600,1
1613740500,1
1613741400,1
1613742300,1
1613743200,1
1613744100,1
1613745000,1
1613745900,1
1613746800,1
1613747700,1
1613748600,1
1613749500,1
1613750400,1
1613751300,1
1613752200,1
1613753100,1
1613754000,1
1613754900,1
1613755800,1
1613756700,1
1613757600,1
1613758500,1
1613759400,1
1613760300,1
1613761200,1
1613762100,1
1613763000,1
1613763900,1
1613764800,1
1613765700,1
1613766600,1
1613767500,1
1613768400,1
1613769300,1
1613770200,1
1613771100,1
1613772000,1
1613772900,1
1613773800,1
1613774700,1
1613775600,1
1613776500,1
1613777400,1
1613778300,1
1613779200,1
1613780100,1
1613781000,1
1613781900,1
1613782800,1
1613783700,1
1613784600,1
1613785500,1
1613786400,1
1613787300,1
1613788200,1
1613789100,1
1613790000,1
1613790900,1
1613791800,1
1613792700,1
1613793600,1
1613794500,1
1613795400,1
1613796300,1
1613797200,1
1613798100,1
1613799000,1
1613799900,1
1613800800,1
1613801700,1
1613802600,1
1613803500,1
1613804400,1
1613805300,1
1613806200,1
1613807100,1
1613808000,1
1613808900,1
1613809800,1
1613810700,1
1613811600,1
1613812500,1
1613813400,1
1613814300,1
1613815200,1
1613816100,1
1613817000,1
1613817900,1
1613818800,1
1613819700,1
1613820600,1
1613821500,1
1613822400,1
1613823300,1
1613824200,1
1613825100,1
1613826000,1
1613826900,1
1613827800,1
1613828700,1
1613829600,1
1613830500,1
1613831400,1
1613832300,1
1613833200,1
1613834100,1
1613835000,1
1613835900,1
1613836800,1
1613837700,1
1613838600,1
1613839500,1
1613840400,1
1613841300,1
1613842200,1
1613843100,1
1613844000,1
1613844900,1
1613845800,1
1613846700,1
1613847600,1
1613848500,1
1613849400,1
1613850300,1
1613851200,1
1613852100,1
1613853000,1
1613853900,1
1613854800,1
1613855700,1
1613856600,1
1613857500,1
1613858400,1
1613859300,1
1613860200,1
1613861100,1
1613862000,1
1613862900,1
1613863800,1
1613864700,1
1613865600,1
1613866500,1
1613867400,1
1613868300,1
1613869200,1
1613870100,1
1613871000,1
1613871900,1
1613872800,1
1613873700,1
1613874600,1
1613875500,1
1613876400,1
1613877300,1
1613878200,1
1613879100,1
1613880000,1
1613880900,1
1613881800,1
1613882700,1
1613883600,1
1613884500,1
1613885400,1
1613886300,1
1613887200,1
1613888100,1
1613889000,1
1613889900,1
1613890800,1
1613891700,1
1613892600,1
1613893500,1
1613894400,1
1613895300,1
1613896200,1
1613897100,1
1613898000,1
1613898900,1
1613899800,1
1613900700,1
1613901600,1
1613902500,1
1613903400,1
1613904300,1
1613905200,1
1613906100,1
1613907000,1
1613907900,1
1613908800,1
1613909700,1
1613910600,1
1613911500,1
1613912400,1
1613913300,1
1613914200,1
1613915100,1
1613916000,1
1613916900,1
1613917800,1
1613918700,1
1613919600,1
1613920500,1
1613921400,1
1613922300,1
1613923200,1
1613924100,1
1613925000,1
1613925900,1
1613926800,1
1613927700,1
1613928600,1
1613929500,1
1613930400,1
1613931300,1
1613932200,1
1613933100,1
1613934000,1
1613934900,1
1613935800,1
1613936700,1
1613937600,1
1613938500,1
1613939400,1
1613940300,1
1613941200,1
1613942100,1
1613943000,1
1613943900,1
1613944800,1
1613945700,1
1613946600,1
1613947500,1
1613948400,1
1613949300,1
1613950200,1
1613951100,1
1613952000,1
1613952900,1
1613953800,1
1613954700,1
1613955600,1
1613956500,1
1613957400,1
1613958300,1
1613959200,1
1613960100,1
1613961000,1
1613961900,1
1613962800,1
1613963700,1
1613964600,1
1613965500,1
1613966400,1
1613967300,1
1613968200,1
1613969100,1
1613970000,1
1613970900,1
1613971800,1
1613972700,1
1613973600,1
1613974500,1
1613975400,1
1613976300,1
1613977200,1
1613978100,1
1613979000,1
1613979900,1
1613980800,1
1613981700,1
1613982600,1
1613983500,1
1613984400,1
1613985300,1
1613986200,1
1613987100,1
1613988000,1
1613988900,1
1613989800,1
1613990700,1
1613991600,1
1613992500,1
1613993400,1
1613994300,1
1613995200,1
1613996100,1
1613997000,1
1613997900,1
1613998800,1
1613999700,1
1614000600,1
1614001500,1
1614002400,1
1614003300,1
1614004200,1
1614005100,1
1614006000,1
1614006900,1
1614007800,1
1614008700,1
1614009600,1
1614010500,1
1614011400,1
1614012300,1
1614013200,1
1614014100,1
1614015000,1
1614015900,1
1614016800,1
1614017700,1
1614018600,1
1614019500,1
1614020400,1
1614021300,1
1614022200,1
1614023100,1
1614024000,1
1614024900,1
1614025800,1
1614026700,1
1614027600,1
1614028500,1
1614029400,1
1614030300,1
1614031200,1
1614032100,1
1614033000,1
1614033900,1
1614034800,1
1614035700,1
1614036600,1
1614037500,1
1614038400,1
1614039300,1
1614040200,1
1614041100,1
1614042000,1
1614042900,1
1614043800,1
1614044700,1
1614045600,1
1614046500,1
1614047400,1
1614048300,1
1614049200,1
1614050100,1
1614051000,1
1614051900,1
1614052800,1
1614053700,1
1614054600,1
1614055500,1
1614056400,1
1614057300,1
1614058200,1
1614059100,1
1614060000,1
1614060900,1
1614061800,1
1614062700,1
1614063600,1
1614064500,1
1614065400,1
1614066300,1
1614067200,1
1614068100,1
1614069000,1
1614069900,1
1614070800,1
1614071700,1
1614072600,1
1614073500,1
1614074400,1
1614075300,1
1614076200,1
1614077100,1
1614078000,1
1614078900,1
1614079800,1
1614080700,1
1614081600,1
1614082500,1
1614083400,1
1614084300,1
1614085200,1
1614086100,1
1614087000,1
1614087900,1
1614088800,1
1614089700,1
1614090600,1
1614091500,1
1614092400,1
1614093300,1
1614094200,1
1614095100,1
1614096000,1
1614096900,1
1614097800,1
1614098700,1
1614099600,1
1614100500,1
1614101400,1
1614102300,1
1614103200,1
1614104100,1
1614105000,1
1614105900,1
1614106800,1
1614107700,1
1614108600,1
1614109500,1
1614110400,1
1614111300,1
1614112200,1
1614113100,1
1614114000,1
1614114900,1
1614115800,1
1614116700,1
1614117600,1
1614118500,1
1614119400,1
1614120300,1
1614121200,1
1614122100,1
1614123000,1
1614123900,1
1614124800,1
1614125700,1
1614126600,1
1614127500,1
1614128400,1
1614129300,1
1614130200,1
1614131100,1
1614132000,1
1614132900,1
1614133800,1
1614134700,1
1614135600,1
1614136500,1
1614137400,1
1614138300,1
1614139200,1
1614140100,1
1614141000,1
1614141900,1
1614142800,1
1614143700,1
1614144600,1
1614145500,1
1614146400,1
1614147300,1
1614148200,1
1614149100,1
1614150000,1
1614150900,1
1614151800,1
1614152700,1
1614153600,1
1614154500,1
1614155400,1
1614156300,1
1614157200,1
1614158100,1
1614159000,1
1614159900,1
1614160800,1
1614161700,1
1614162600,1
1614163500,1
1614164400,1
1614165300,1
1614166200,1
1614167100,1
1614168000,1
1614168900,1
1614169800,1
1614170700,1
1614171600,1
1614172500,1
1614173400,1
1614174300,1
1614175200,1
1614176100,1
1614177000,1
1614177900,1
1614178800,1
1614179700,1
1614180600,1
1614181500,1
1614182400,1
1614183300,1
1614184200,1
1614185100,1
1614186000,1
1614186900,1
1614187800,1
1614188700,1
1614189600,1
1614190500,1
1614191400,1
1614192300,1
1614193200,1
1614194100,1
1614195000,1
1614195900,1
1614196800,1
1614197700,1
1614198600,1
1614199500,1
1614200400,1
1614201300,1
1614202200,1
1614203100,1
1614204000,1
1614204900,1
1614205800,1
1614206700,1
1614207600,1
1614208500,1
1614209400,1
1614210300,1
1614211200,1
1614212100,1
1614213000,1
1614213900,1
1614214800,1
1614215700,1
1614216600,1
1614217500,1
1614218400,1
1614219300,1
1614220200,1
1614221100,1
1614222000,1
1614222900,1
1614223800,1
1614224700,1
1614225600,1
1614226500,1
1614227400,1
1614228300,1
1614229200,1
1614230100,1
1614231000,1
1614231900,1
1614232800,1
1614233700,1
1614234600,1
1614235500,1
1614236400,1
1614237300,1
1614238200,1
1614239100,1
1614240000,1
1614240900,1
1614241800,1
1614242700,1
1614243600,1
1614244500,1
1614245400,1
1614246300,1
1614247200,1
1614248100,1
1614249000,1
1614249900,1
1614250800,1
1614251700,1
1614252600,1
1614253500,1
1614254400,1
1614255300,1
1614256200,1
1614257100,1
1614258000,1
1614258900,1
1614259800,1
1614260700,1
1614261600,1
1614262500,1
1614263400,1
1614264300,1
1614265200,1
1614266100,1
1614267000,1
1614267900,1
1614268800,1
1614269700,1
1614270600,1
1614271500,1
1614272400,1
1614273300,1
1614274200,1
1614275100,1
1614276000,1
1614276900,1
1614277800,1
1614278700,1
1614279600,1
1614280500,1
1614281400,1
1614282300,1
1614283200,1
1614284100,1
1614285000,1
1614285900,1
1614286800,1
1614287700,1
1614288600,1
1614289500,1
1614290400,1
1614291300,1
1614292200,1
1614293100,1
1614294000,1
1614294900,1
1614295800,1
1614296700,1
1614297600,1
1614298500,1
1614299400,1
1614300300,1
1614301200,1
1614302100,1
1614303000,1
1614303900,1
1614304800,1
1614305700,1
1614306600,1
1614307500,1
1614308400,1
1614309300,1
1614310200,1
1614311100,1
1614312000,1
1614312900,1
1614313800,1
1614314700,1
1614315600,1
1614316500,1
1614317400,1
1614318300,1
1614319200,1
1614320100,1
1614321000,1
1614321900,1
1614322800,1
1614323700,1
1614324600,1
1614325500,1
1614326400,1
1614327300,1
1614328200,1
1614329100,1
1614330000,1
1614330900,1
1614331800,1
1614332700,1
1614333600,1
1614334500,1
1614335400,1
1614336300,1
1614337200,1
1614338100,1
1614339000,1
1614339900,1
1614340800,1
1614341700,1
1614342600,1
1614343500,1
1614344400,1
1614345300,1
1614346200,1
1614347100,1
1614348000,1
1614348900,1
1614349800,1
1614350700,1
1614351600,1
1614352500,1
1614353400,1
1614354300,1
1614355200,1
1614356100,1
1614357000,1
1614357900,1
1614358800,1
1614359700,1
1614360600,1
1614361500,1
1614362400,1
1614363300,1
1614364200,1
1614365100,1
1614366000,1
1614366900,1
1614367800,1
1614368700,1
1614369600,1
1614370500,1
1614371400,1
1614372300,1
1614373200,1
1614374100,1
1614375000,1
1614375900,1
1614376800,1
1614377700,1
1614378600,1
1614379500,1
1614380400,1
1614381300,1
1614382200,1
1614383100,1
1614384000,1
1614384900,1
1614385800,1
1614386700,1
1614387600,1
1614388500,1
1614389400,1
1614390300,1
1614391200,1
1614392100,1
1614393000,1
1614393900,1
1614394800,1
1614395700,1
1614396600,1
1614397500,1
1614398400,1
1614399300,1
1614400200,1
1614401100,1
1614402000,1
1614402900,1
1614403800,1
1614404700,1
1614405600,1
1614406500,1
1614407400,1
1614408300,1
1614409200,1
1614410100,1
1614411000,1
1614411900,1
1614412800,1
1614413700,1
1614414600,1
1614415500,1
1614416400,1
1614417300,1
1614418200,1
1614419100,1
1614420000,1
1614420900,1
1614421800,1
1614422700,1
1614423600,1
1614424500,1
1614425400,1
1614426300,1
1614427200,1
1614428100,1
1614429000,1
1614429900,1
1614430800,1
1614431700,1
1614432600,1
1614433500,1
1614434400,1
1614435300,1
1614436200,1
1614437100,1
1614438000,1
1614438900,1
1614439800,1
1614440700,1
1614441600,1
1614442500,1
1614443400,1
1614444300,1
1614445200,1
1614446100,1
1614447000,1
1614447900,1
1614448800,1
1614449700,1
1614450600,1
1614451500,1
1614452400,1
1614453300,1
1614454200,1
1614455100,1
1614456000,1
1614456900,1
1614457800,1
1614458700,1
1614459600,1
1614460500,1
1614461400,1
1614462300,1
1614463200,1
1614464100,1
1614465000,1
1614465900,1
1614466800,1
1614467700,1
1614468600,1
1614469500,1
1614470400,1
1614471300,1
1614472200,1
1614473100,1
1614474000,1
1614474900,1
1614475800,1
1614476700,1
1614477600,1
1614478500,1
1614479400,1
1614480300,1
1614481200,1
1614482100,1
1614483000,1
1614483900,1
1614484800,1
1614485700,1
1614486600,1
1614487500,1
1614488400,1
1614489300,1
1614490200,1
1614491100,1
1614492000,1
1614492900,1
1614493800,1
1614494700,1
1614495600,1
1614496500,1
1614497400,1
1614498300,1
1614499200,1
1614500100,1
1614501000,1
1614501900,1
1614502800,1
1614503700,1
1614504600,1
1614505500,1
1614506400,1
1614507300,1
1614508200,1
1614509100,1
1614510000,1
1614510900,1
1614511800,1
1614512700,1
1614513600,1
1614514500,1
1614515400,1
1614516300,1
1614517200,1
1614518100,1
1614519000,1
1614519900,1
1614520800,1
1614521700,1
1614522600,1
1614523500,1
1614524400,1
1614525300,1
1614526200,1
1614527100,1
1614528000,1
1614528900,1
1614529800,1
1614530700,1
1614531600,1
1614532500,1
1614533400,1
1614534300,1
1614535200,1
1614536100,1
1614537000,1
1614537900,1
1614538800,1
1614539700,1
1614540600,1
1614541500,1
1614542400,1
1614543300,1
1614544200,1
1614545100,1
1614546000,1
1614546900,1
1614547800,1
1614548700,1
1614549600,1
1614550500,1
1614551400,1
1614552300,1
1614553200,1
1614554100,1
1614555000,1
1614555900,1
1614556800,1
1614557700,1
1614558600,1
1614559500,1
1614560400,1
1614561300,1
1614562200,1
1614563100,1
1614564000,1
1614564900,1
1614565800,1
1614566700,1
1614567600,1
1614568500,1
1614569400,1
1614570300,1
1614571200,1
1614572100,1
1614573000,1
1614573900,1
1614574800,1
1614575700,1
1614576600,1
1614577500,1
1614578400,1
1614579300,1
1614580200,1
1614581100,1
1614582000,1
1614582900,1
1614583800,1
1614584700,1
1614585600,1
1614586500,1
1614587400,1
1614588300,1
1614589200,1
1614590100,1
1614591000,1
1614591900,1
1614592800,1
1614593700,1
1614594600,1
1614595500,1
1614596400,1
1614597300,1
1614598200,1
1614599100,1
1614600000,1
1614600900,1
1614601800,1
1614602700,1
1614603600,1
1614604500,1
1614605400,1
1614606300,1
1614607200,1
1614608100,1
1614609000,1
1614609900,1
1614610800,1
1614611700,1
1614612600,1
1614613500,1
1614614400,1
1614615300,1
1614616200,1
1614617100,1
1614618000,1
1614618900,1
1614619800,1
1614620700,1
1614621600,1
1614622500,1
1614623400,1
1614624300,1
1614625200,1
1614626100,1
1614627000,1
1614627900,1
1614628800,1
1614629700,1
1614630600,1
1614631500,1
1614632400,1
1614633300,1
1614634200,1
1614635100,1
1614636000,1
1614636900,1
1614637800,1
1614638700,1
1614639600,1
1614640500,1
1614641400,1
1614642300,1
1614643200,1
1614644100,1
1614645000,1
1614645900,1
1614646800,1
1614647700,1
1614648600,1
1614649500,1
1614650400,1
1614651300,1
1614652200,1
1614653100,1
1614654000,1
1614654900,1
1614655800,1
1614656700,1
1614657600,1
1614658500,1
1614659400,1
1614660300,1
1614661200,1
1614662100,1
1614663000,1
1614663900,1
1614664800,1
1614665700,1
1614666600,1
1614667500,1
1614668400,1
1614669300,1
1614670200,1
1614671100,1
1614672000,1
1614672900,1
1614673800,1
1614674700,1
1614675600,1
1614676500,1
1614677400,1
1614678300,1
1614679200,1
1614680100,1
1614681000,1
1614681900,1
1614682800,1
1614683700,1
1614684600,1
1614685500,1
1614686400,1
1614687300,1
1614688200,1
1614689100,1
1614690000,1
1614690900,1
1614691800,1
1614692700,1
1614693600,1
1614694500,1
1614695400,1
1614696300,1
1614697200,1
1614698100,1
1614699000,1
1614699900,1
1614700800,1
1614701700,1
1614702600,1
1614703500,1
1614704400,1
1614705300,1
1614706200,1
1614707100,1
1614708000,1
1614708900,1
1614709800,1
1614710700,1
1614711600,1
1614712500,1
1614713400,1
1614714300,1
1614715200,1
1614716100,1
1614717000,1
1614717900,1
1614718800,1
1614719700,1
1614720600,1
1614721500,1
1614722400,1
1614723300,1
1614724200,1
1614725100,1
1614726000,1
1614726900,1
1614727800,1
1614728700,1
1614729600,1
1614730500,1
1614731400,1
1614732300,1
1614733200,1
1614734100,1
1614735000,1
1614735900,1
1614736800,1
1614737700,1
1614738600,1
1614739500,1
1614740400,1
1614741300,1
1614742200,1
1614743100,1
1614744000,1
1614744900,1
1614745800,1
1614746700,1
1614747600,1
1614748500,1
1614749400,1
1614750300,1
1614751200,1
1614752100,1
1614753000,1
1614753900,1
1614754800,1
1614755700,1
1614756600,1
1614757500,1
1614758400,1
1614759300,1
1614760200,1
1614761100,1
1614762000,1
1614762900,1
1614763800,1
1614764700,1
1614765600,1
1614766500,1
1614767400,1
1614768300,1
1614769200,1
1614770100,1
1614771000,1
1614771900,1
1614772800,1
1614773700,1
1614774600,1
1614775500,1
1614776400,1
1614777300,1
1614778200,1
1614779100,1
1614780000,1
1614780900,1
1614781800,1
1614782700,1
1614783600,1
1614784500,1
1614785400,1
1614786300,1
1614787200,1
1614788100,1
1614789000,1
1614789900,1
1614790800,1
1614791700,1
1614792600,1
1614793500,1
1614794400,1
1614795300,1
1614796200,1
1614797100,1
1614798000,1
1614798900,1
1614799800,1
1614800700,1
1614801600,1
1614802500,1
1614803400,1
1614804300,1
1614805200,1
1614806100,1
1614807000,1
1614807900,1
1614808800,1
1614809700,1
1614810600,1
1614811500,1
1614812400,1
1614813300,1
1614814200,1
1614815100,1
1614816000,1
1614816900,1
1614817800,1
1614818700,1
1614819600,1
1614820500,1
1614821400,1
1614822300,1
1614823200,1
1614824100,1
1614825000,1
1614825900,1
1614826800,1
1614827700,1
1614828600,1
1614829500,1
1614830400,1
1614831300,1
1614832200,1
1614833100,1
1614834000,1
1614834900,1
1614835800,1
1614836700,1
1614837600,1
1614838500,1
1614839400,1
1614840300,1
1614841200,1
1614842100,1
1614843000,1
1614843900,1
1614844800,1
1614845700,1
1614846600,1
1614847500,1
1614848400,1
1614849300,1
1614850200,1
1614851100,1
1614852000,1
1614852900,1
1614853800,1
1614854700,1
1614855600,1
1614856500,1
1614857400,1
1614858300,1
1614859200,1
1614860100,1
1614861000,1
1614861900,1
1614862800,1
1614863700,1
1614864600,1
1614865500,1
1614866400,1
1614867300,1
1614868200,1
1614869100,1
1614870000,1
1614870900,1
1614871800,1
1614872700,1
1614873600,1
1614874500,1
1614875400,1
1614876300,1
1614877200,1
1614878100,1
1614879000,1
1614879900,1
1614880800,1
1614881700,1
1614882600,1
1614883500,1
1614884400,1
1614885300,1
1614886200,1
1614887100,1
1614888000,1
1614888900,1
1614889800,1
1614890700,1
1614891600,1
1614892500,1
1614893400,1
1614894300,1
1614895200,1
1614896100,1
1614897000,1
1614897900,1
1614898800,1
1614899700,1
1614900600,1
1614901500,1
1614902400,1
1614903300,1
1614904200,1
1614905100,1
1614906000,1
1614906900,1
1614907800,1
1614908700,1
1614909600,1
1614910500,1
1614911400,1
1614912300,1
1614913200,1
1614914100,1
1614915000,1
1614915900,1
1614916800,1
1614917700,1
1614918600,1
1614919500,1
1614920400,1
1614921300,1
1614922200,1
1614923100,1
1614924000,1
1614924900,1
1614925800,1
1614926700,1
1614927600,1
1614928500,1
1614929400,1
1614930300,1
1614931200,1
1614932100,1
1614933000,1
1614933900,1
1614934800,1
1614935700,1
1614936600,1
1614937500,1
1614938400,1
1614939300,1
1614940200,1
1614941100,1
1614942000,1
1614942900,1
1614943800,1
1614944700,1
1614945600,1
1614946500,1
1614947400,1
1614948300,1
1614949200,1
1614950100,1
1614951000,1
1614951900,1
1614952800,1
1614953700,1
1614954600,1
1614955500,1
1614956400,1
1614957300,1
1614958200,1
1614959100,1
1614960000,1
1614960900,1
1614961800,1
1614962700,1
1614963600,1
1614964500,1
1614965400,1
1614966300,1
1614967200,1
1614968100,1
1614969000,1
1614969900,1
1614970800,1
1614971700,1
1614972600,1
1614973500,1
1614974400,1
1614975300,1
1614976200,1
1614977100,1
1614978000,1
1614978900,1
1614979800,1
1614980700,1
1614981600,1
1614982500,1
1614983400,1
1614984300,1
1614985200,1
1614986100,1
1614987000,1
1614987900,1
1614988800,1
1614989700,1
1614990600,1
1614991500,1
1614992400,1
1614993300,1
1614994200,1
1614995100,1
1614996000,1
1614996900,1
1614997800,1
1614998700,1
1614999600,1
1615000500,1
1615001400,1
1615002300,1
1615003200,1
1615004100,1
1615005000,1
1615005900,1
1615006800,1
1615007700,1
1615008600,1
1615009500,1
1615010400,1
1615011300,1
1615012200,1
1615013100,1
1615014000,1
1615014900,1
1615015800,1
1615016700,1
1615017600,1
1615018500,1
1615019400,1
1615020300,1
1615021200,1
1615022100,1
1615023000,1
1615023900,1
1615024800,1
1615025700,1
1615026600,1
1615027500,1
1615028400,1
1615029300,1
1615030200,1
1615031100,1
1615032000,1
1615032900,1
1615033800,1
1615034700,1
1615035600,1
1615036500,1
1615037400,1
1615038300,1
1615039200,1
1615040100,1
1615041000,1
1615041900,1
1615042800,1
1615043700,1
1615044600,1
1615045500,1
1615046400,1
1615047300,1
1615048200,1
1615049100,1
1615050000,1
1615050900,1
1615051800,1
1615052700,1
1615053600,1
1615054500,1
1615055400,1
1615056300,1
1615057200,1
1615058100,1
1615059000,1
1615059900,1
1615060800,1
1615061700,1
1615062600,1
1615063500,1
1615064400,1
1615065300,1
1615066200,1
1615067100,1
1615068000,1
1615068900,1
1615069800,1
1615070700,1
1615071600,1
1615072500,1
1615073400,1
1615074300,1
1615075200,1
1615076100,1
1615077000,1
1615077900,1
1615078800,1
1615079700,1
1615080600,1
1615081500,1
1615082400,1
1615083300,1
1615084200,1
1615085100,1
1615086000,1
1615086900,1
1615087800,1
1615088700,1
1615089600,1
1615090500,1
1615091400,1
1615092300,1
1615093200,1
1615094100,1
1615095000,1
1615095900,1
1615096800,1
1615097700,1
1615098600,1
1615099500,1
1615100400,1
1615101300,1
1615102200,1
1615103100,1
1615104000,1
1615104900,1
1615105800,1
1615106700,1
1615107600,1
1615108500,1
1615109400,1
1615110300,1
1615111200,1
1615112100,1
1615113000,1
1615113900,1
1615114800,1
1615115700,1
1615116600,1
1615117500,1
1615118400,1
1615119300,1
1615120200,1
1615121100,1
1615122000,1
1615122900,1
1615123800,1
1615124700,1
1615125600,1
1615126500,1
1615127400,1
1615128300,1
1615129200,1
1615130100,1
1615131000,1
1615131900,1
1615132800,1
1615133700,1
1615134600,1
1615135500,1
1615136400,1
1615137300,1
1615138200,1
1615139100,1
1615140000,1
1615140900,1
1615141800,1
1615142700,1
1615143600,1
1615144500,1
1615145400,1
1615146300,1
1615147200,1
1615148100,1
1615149000,1
1615149900,1
1615150800,1
1615151700,1
1615152600,1
1615153500,1
1615154400,1
1615155300,1
1615156200,1
1615157100,1
1615158000,1
1615158900,1
1615159800,1
1615160700,1
1615161600,1
1615162500,1
1615163400,1
1615164300,1
1615165200,1
1615166100,1
1615167000,1
1615167900,1
1615168800,1
1615169700,1
1615170600,1
1615171500,1
1615172400,1
1615173300,1
1615174200,1
1615175100,1
1615176000,1
1615176900,1
1615177800,1
1615178700,1
1615179600,1
1615180500,1
1615181400,1
1615182300,1
1615183200,1
1615184100,1
1615185000,1
1615185900,1
1615186800,1
1615187700,1
1615188600,1
1615189500,1
1615190400,1
1615191300,1
1615192200,1
1615193100,1
1615194000,1
1615194900,1
1615195800,1
1615196700,1
1615197600,1
1615198500,1
1615199400,1
1615200300,1
1615201200,1
1615202100,1
1615203000,1
1615203900,1
1615204800,1
1615205700,1
1615206600,1
1615207500,1
1615208400,1
1615209300,1
1615210200,1
1615211100,1
1615212000,1
1615212900,1
1615213800,1
1615214700,1
1615215600,1
1615216500,1
1615217400,1
1615218300,1
1615219200,1
1615220100,1
1615221000,1
1615221900,1
1615222800,1
1615223700,1
1615224600,1
1615225500,1
1615226400,1
1615227300,1
1615228200,1
1615229100,1
1615230000,1
1615230900,1
1615231800,1
1615232700,1
1615233600,1
1615234500,1
1615235400,1
1615236300,1
1615237200,1
1615238100,1
1615239000,1
1615239900,1
1615240800,1
1615241700,1
1615242600,1
1615243500,1
1615244400,1
1615245300,1
1615246200,1
1615247100,1
1615248000,1
1615248900,1
1615249800,1
1615250700,1
1615251600,1
1615252500,1
1615253400,1
1615254300,1
1615255200,1
1615256100,1
1615257000,1
1615257900,1
1615258800,1
1615259700,1
1615260600,1
1615261500,1
1615262400,1
1615263300,1
1615264200,1
1615265100,1
1615266000,1
1615266900,1
1615267800,1
1615268700,1
1615269600,1
1615270500,1
1615271400,1
1615272300,1
1615273200,1
1615274100,1
1615275000,1
1615275900,1
1615276800,1
1615277700,1
1615278600,1
1615279500,1
1615280400,1
1615281300,1
1615282200,1
1615283100,1
1615284000,1
1615284900,1
1615285800,1
1615286700,1
1615287600,1
1615288500,1
1615289400,1
1615290300,1
1615291200,1
1615292100,1
1615293000,1
1615293900,1
1615294800,1
1615295700,1
1615296600,1
1615297500,1
1615298400,1
1615299300,1
1615300200,1
1615301100,1
1615302000,1
1615302900,1
1615303800,1
1615304700,1
1615305600,1
1615306500,1
1615307400,1
1615308300,1
1615309200,1
1615310100,1
1615311000,1
1615311900,1
1615312800,1
1615313700,1
1615314600,1
1615315500,1
1615316400,1
1615317300,1
1615318200,1
1615319100,1
1615320000,1
1615320900,1
1615321800,1
1615322700,1
1615323600,1
1615324500,1
1615325400,1
1615326300,1
1615327200,1
1615328100,1
1615329000,1
1615329900,1
1615330800,1
1615331700,1
1615332600,1
1615333500,1
1615334400,1
1615335300,1
1615336200,1
1615337100,1
1615338000,1
1615338900,1
1615339800,1
1615340700,1
1615341600,1
1615342500,1
1615343400,1
1615344300,1
1615345200,1
1615346100,1
1615347000,1
1615347900,1
1615348800,1
1615349700,1
1615350600,1
1615351500,1
1615352400,1
1615353300,1
1615354200,1
1615355100,1
1615356000,1
1615356900,1
1615357800,1
1615358700,1
1615359600,1
1615360500,1
1615361400,1
1615362300,1
1615363200,1
1615364100,1
1615365000,1
1615365900,1
1615366800,1
1615367700,1
1615368600,1
1615369500,1
1615370400,1
1615371300,1
1615372200,1
1615373100,1
1615374000,1
1615374900,1
1615375800,1
1615376700,1
1615377600,1
1615378500,1
1615379400,1
1615380300,1
1615381200,1
1615382100,1
1615383000,1
1615383900,1
1615384800,1
1615385700,1
1615386600,1
1615387500,1
1615388400,1
1615389300,1
1615390200,1
1615391100,1
1615392000,1
1615392900,1
1615393800,1
1615394700,1
1615395600,1
1615396500,1
1615397400,1
1615398300,1
1615399200,1
1615400100,1
1615401000,1
1615401900,1
1615402800,1
1615403700,1
1615404600,1
1615405500,1
1615406400,1
1615407300,1
1615408200,1
1615409100,1
1615410000,1
1615410900,1
1615411800,1
1615412700,1
1615413600,1
1615414500,1
1615415400,1
1615416300,1
1615417200,1
1615418100,1
1615419000,1
1615419900,1
1615420800,1
1615421700,1
1615422600,1
1615423500,1
1615424400,1
1615425300,1
1615426200,1
1615427100,1
1615428000,1
1615428900,1
1615429800,1
1615430700,1
1615431600,1
1615432500,1
1615433400,1
1615434300,1
1615435200,1
1615436100,1
1615437000,1
1615437900,1
1615438800,1
1615439700,1
1615440600,1
1615441500,1
1615442400,1
1615443300,1
1615444200,1
1615445100,1
1615446000,1
1615446900,1
1615447800,1
1615448700,1
1615449600,1
1615450500,1
1615451400,1
1615452300,1
1615453200,1
1615454100,1
1615455000,1
1615455900,1
1615456800,1
1615457700,1
1615458600,1
1615459500,1
1615460400,1
1615461300,1
1615462200,1
1615463100,1
1615464000,1
1615464900,1
1615465800,1
1615466700,1
1615467600,1
1615468500,1
1615469400,1
1615470300,1
1615471200,1
1615472100,1
1615473000,1
1615473900,1
1615474800,1
1615475700,1
1615476600,1
1615477500,1
1615478400,1
1615479300,1
1615480200,1
1615481100,1
1615482000,1
1615482900,1
1615483800,1
1615484700,1
1615485600,1
1615486500,1
1615487400,1
1615488300,1
1615489200,1
1615490100,1
1615491000,1
1615491900,1
1615492800,1
1615493700,1
1615494600,1
1615495500,1
1615496400,1
1615497300,1
1615498200,1
1615499100,1
1615500000,1
1615500900,1
1615501800,1
1615502700,1
1615503600,1
1615504500,1
1615505400,1
1615506300,1
1615507200,1
1615508100,1
1615509000,1
1615509900,1
1615510800,1
1615511700,1
1615512600,1
1615513500,1
1615514400,1
1615515300,1
1615516200,1
1615517100,1
1615518000,1
1615518900,1
1615519800,1
1615520700,1
1615521600,1
1615522500,1
1615523400,1
1615524300,1
1615525200,1
1615526100,1
1615527000,1
1615527900,1
1615528800,1
1615529700,1
1615530600,1
1615531500,1
1615532400,1
1615533300,1
1615534200,1
1615535100,1
1615536000,1
1615536900,1
1615537800,1
1615538700,1
1615539600,1
1615540500,1
1615541400,1
1615542300,1
1615543200,1
1615544100,1
1615545000,1
1615545900,1
1615546800,1
1615547700,1
1615548600,1
1615549500,1
1615550400,1
1615551300,1
1615552200,1
1615553100,1
1615554000,1
1615554900,1
1615555800,1
1615556700,1
1615557600,1
1615558500,1
1615559400,1
1615560300,1
1615561200,1
1615562100,1
1615563000,1
1615563900,1
1615564800,1
1615565700,1
1615566600,1
1615567500,1
1615568400,1
1615569300,1
1615570200,1
1615571100,1
1615572000,1
1615572900,1
1615573800,1
1615574700,1
1615575600,1
1615576500,1
1615577400,1
1615578300,1
1615579200,1
1615580100,1
1615581000,1
1615581900,1
1615582800,1
1615583700,1
1615584600,1
1615585500,1
1615586400,1
1615587300,1
1615588200,1
1615589100,1
1615590000,1
1615590900,1
1615591800,1
1615592700,1
1615593600,1
1615594500,1
1615595400,1
1615596300,1
1615597200,1
1615598100,1
1615599000,1
1615599900,1
1615600800,1
1615601700,1
1615602600,1
1615603500,1
1615604400,1
1615605300,1
1615606200,1
1615607100,1
1615608000,1
1615608900,1
1615609800,1
1615610700,1
1615611600,1
1615612500,1
1615613400,1
1615614300,1
1615615200,1
1615616100,1
1615617000,1
1615617900,1
1615618800,1
1615619700,1
1615620600,1
1615621500,1
1615622400,1
1615623300,1
1615624200,1
1615625100,1
1615626000,1
1615626900,1
1615627800,1
1615628700,1
1615629600,1
1615630500,1
1615631400,1
1615632300,1
1615633200,1
1615634100,1
1615635000,1
1615635900,1
1615636800,1
1615637700,1
1615638600,1
1615639500,1
1615640400,1
1615641300,1
1615642200,1
1615643100,1
1615644000,1
1615644900,1
1615645800,1
1615646700,1
1615647600,1
1615648500,1
1615649400,1
1615650300,1
1615651200,1
1615652100,1
1615653000,1
1615653900,1
1615654800,1
1615655700,1
1615656600,1
1615657500,1
1615658400,1
1615659300,1
1615660200,1
1615661100,1
1615662000,1
1615662900,1
1615663800,1
1615664700,1
1615665600,1
1615666500,1
1615667400,1
1615668300,1
1615669200,1
1615670100,1
1615671000,1
1615671900,1
1615672800,1
1615673700,1
1615674600,1
1615675500,1
1615676400,1
1615677300,1
1615678200,1
1615679100,1
1615680000,1
1615680900,1
1615681800,1
1615682700,1
1615683600,1
1615684500,1
1615685400,1
1615686300,1
1615687200,1
1615688100,1
1615689000,1
1615689900,1
1615690800,1
1615691700,1
1615692600,1
1615693500,1
1615694400,1
1615695300,1
1615696200,1
1615697100,1
1615698000,1
1615698900,1
1615699800,1
1615700700,1
1615701600,1
1615702500,1
1615703400,1
1615704300,1
1615705200,1
1615706100,1
1615707000,1
1615707900,1
1615708800,1
1615709700,1
1615710600,1
1615711500,1
1615712400,1
1615713300,1
1615714200,1
1615715100,1
1615716000,1
1615716900,1
1615717800,1
1615718700,1
1615719600,1
1615720500,1
1615721400,1
1615722300,1
1615723200,1
1615724100,1
1615725000,1
1615725900,1
1615726800,1
1615727700,1
1615728600,1
1615729500,1
1615730400,1
1615731300,1
1615732200,1
1615733100,1
1615734000,1
1615734900,1
1615735800,1
1615736700,1
1615737600,1
1615738500,1
1615739400,1
1615740300,1
1615741200,1
1615742100,1
1615743000,1
1615743900,1
1615744800,1
1615745700,1
1615746600,1
1615747500,1
1615748400,1
1615749300,1
1615750200,1
1615751100,1
1615752000,1
1615752900,1
1615753800,1
1615754700,1
1615755600,1
1615756500,1
1615757400,1
1615758300,1
1615759200,1
1615760100,1
1615761000,1
1615761900,1
1615762800,1
1615763700,1
1615764600,1
1615765500,1
1615766400,1
1615767300,1
1615768200,1
1615769100,1
1615770000,1
1615770900,1
1615771800,1
1615772700,1
1615773600,1
1615774500,1
1615775400,1
1615776300,1
1615777200,1
1615778100,1
1615779000,1
1615779900,1
1615780800,1
1615781700,1
1615782600,1
1615783500,1
1615784400,1
1615785300,1
1615786200,1
1615787100,1
1615788000,1
1615788900,1
1615789800,1
1615790700,1
1615791600,1
1615792500,1
1615793400,1
1615794300,1
1615795200,1
1615796100,1
1615797000,1
1615797900,1
1615798800,1
1615799700,1
1615800600,1
1615801500,1
1615802400,1
1615803300,1
1615804200,1
1615805100,1
1615806000,1
1615806900,1
1615807800,1
1615808700,1
1615809600,1
1615810500,1
1615811400,1
1615812300,1
1615813200,1
1615814100,1
1615815000,1
1615815900,1
1615816800,1
1615817700,1
1615818600,1
1615819500,1
1615820400,1
1615821300,1
1615822200,1
1615823100,1
1615824000,1
1615824900,1
1615825800,1
1615826700,1
1615827600,1
1615828500,1
1615829400,1
1615830300,1
1615831200,1
1615832100,1
1615833000,1
1615833900,1
1615834800,1
1615835700,1
1615836600,1
1615837500,1
1615838400,1
1615839300,1
1615840200,1
1615841100,1
1615842000,1
1615842900,1
1615843800,1
1615844700,1
1615845600,1
1615846500,1
1615847400,1
1615848300,1
1615849200,1
1615850100,1
1615851000,1
1615851900,1
1615852800,1
1615853700,1
1615854600,1
1615855500,1
1615856400,1
1615857300,1
1615858200,1
1615859100,1
1615860000,1
1615860900,1
1615861800,1
1615862700,1
1615863600,1
1615864500,1
1615865400,1
1615866300,1
1615867200,1
1615868100,1
1615869000,1
1615869900,1
1615870800,1
1615871700,1
1615872600,1
1615873500,1
1615874400,1
1615875300,1
1615876200,1
1615877100,1
1615878000,1
1615878900,1
1615879800,1
1615880700,1
1615881600,1
1615882500,1
1615883400,1
1615884300,1
1615885200,1
1615886100,1
1615887000,1
1615887900,1
1615888800,1
1615889700,1
1615890600,1
1615891500,1
1615892400,1
1615893300,1
1615894200,1
1615895100,1
1615896000,1
1615896900,1
1615897800,1
1615898700,1
1615899600,1
1615900500,1
1615901400,1
1615902300,1
1615903200,1
1615904100,1
1615905000,1
1615905900,1
1615906800,1
1615907700,1
1615908600,1
1615909500,1
1615910400,1
1615911300,1
1615912200,1
1615913100,1
1615914000,1
1615914900,1
1615915800,1
1615916700,1
1615917600,1
1615918500,1
1615919400,1
1615920300,1
1615921200,1
1615922100,1
1615923000,1
1615923900,1
1615924800,1
1615925700,1
1615926600,1
1615927500,1
1615928400,1
1615929300,1
1615930200,1
1615931100,1
1615932000,1
1615932900,1
1615933800,1
1615934700,1
1615935600,1
1615936500,1
1615937400,1
1615938300,1
1615939200,1
1615940100,1
1615941000,1
1615941900,1
1615942800,1
1615943700,1
1615944600,1
1615945500,1
1615946400,1
1615947300,1
1615948200,1
1615949100,1
1615950000,1
1615950900,1
1615951800,1
1615952700,1
1615953600,1
1615954500,1
1615955400,1
1615956300,1
1615957200,1
1615958100,1
1615959000,1
1615959900,1
1615960800,1
1615961700,1
1615962600,1
1615963500,1
1615964400,1
1615965300,1
1615966200,1
1615967100,1
1615968000,1
1615968900,1
1615969800,1
1615970700,1
1615971600,1
1615972500,1
1615973400,1
1615974300,1
1615975200,1
1615976100,1
1615977000,1
1615977900,1
1615978800,1
1615979700,1
1615980600,1
1615981500,1
1615982400,1
1615983300,1
1615984200,1
1615985100,1
1615986000,1
1615986900,1
1615987800,1
1615988700,1
1615989600,1
1615990500,1
1615991400,1
1615992300,1
1615993200,1
1615994100,1
1615995000,1
1615995900,1
1615996800,1
1615997700,1
1615998600,1
1615999500,1
1616000400,1
1616001300,1
1616002200,1
1616003100,1
1616004000,1
1616004900,1
1616005800,1
1616006700,1
1616007600,1
1616008500,1
1616009400,1
1616010300,1
1616011200,1
1616012100,1
1616013000,1
1616013900,1
1616014800,1
1616015700,1
1616016600,1
1616017500,1
1616018400,1
1616019300,1
1616020200,1
1616021100,1
1616022000,1
1616022900,1
1616023800,1
1616024700,1
1616025600,1
1616026500,1
1616027400,1
1616028300,1
1616029200,1
1616030100,1
1616031000,1
1616031900,1
1616032800,1
1616033700,1
1616034600,1
1616035500,1
1616036400,1
1616037300,1
1616038200,1
1616039100,1
1616040000,1
1616040900,1
1616041800,1
1616042700,1
1616043600,1
1616044500,1
1616045400,1
1616046300,1
1616047200,1
1616048100,1
1616049000,1
1616049900,1
1616050800,1
1616051700,1
1616052600,1
1616053500,1
1616054400,1
1616055300,1
1616056200,1
1616057100,1
1616058000,1
1616058900,1
1616059800,1
1616060700,1
1616061600,1
1616062500,1
1616063400,1
1616064300,1
1616065200,1
1616066100,1
1616067000,1
1616067900,1
1616068800,1
1616069700,1
1616070600,1
1616071500,1
1616072400,1
1616073300,1
1616074200,1
1616075100,1
1616076000,1
1616076900,1
1616077800,1
1616078700,1
1616079600,1
1616080500,1
1616081400,1
1616082300,1
1616083200,1
1616084100,1
1616085000,1
1616085900,1
1616086800,1
1616087700,1
1616088600,1
1616089500,1
1616090400,1
1616091300,1
1616092200,1
1616093100,1
1616094000,1
1616094900,1
1616095800,1
1616096700,1
1616097600,1
1616098500,1
1616099400,1
1616100300,1
1616101200,1
1616102100,1
1616103000,1
1616103900,1
1616104800,1
1616105700,1
1616106600,1
1616107500,1
1616108400,1
1616109300,1
1616110200,1
1616111100,1
1616112000,1
1616112900,1
1616113800,1
1616114700,1
1616115600,1
1616116500,1
1616117400,1
1616118300,1
1616119200,1
1616120100,1
1616121000,1
1616121900,1
1616122800,1
1616123700,1
1616124600,1
1616125500,1
1616126400,1
1616127300,1
1616128200,1
1616129100,1
1616130000,1
1616130900,1
1616131800,1
1616132700,1
1616133600,1
1616134500,1
1616135400,1
1616136300,1
1616137200,1
1616138100,1
1616139000,1
1616139900,1
1616140800,1
1616141700,1
1616142600,1
1616143500,1
1616144400,1
1616145300,1
1616146200,1
1616147100,1
1616148000,1
1616148900,1
1616149800,1
1616150700,1
1616151600,1
1616152500,1
1616153400,1
1616154300,1
1616155200,1
1616156100,1
1616157000,1
1616157900,1
1616158800,1
1616159700,1
1616160600,1
1616161500,1
1616162400,1
1616163300,1
1616164200,1
1616165100,1
1616166000,1
1616166900,1
1616167800,1
1616168700,1
1616169600,1
1616170500,1
1616171400,1
1616172300,1
1616173200,1
1616174100,1
1616175000,1
1616175900,1
1616176800,1
1616177700,1
1616178600,1
1616179500,1
1616180400,1
1616181300,1
1616182200,1
1616183100,1
1616184000,1
1616184900,1
1616185800,1
1616186700,1
1616187600,1
1616188500,1
1616189400,1
1616190300,1
1616191200,1
1616192100,1
1616193000,1
1616193900,1
1616194800,1
1616195700,1
1616196600,1
1616197500,1
1616198400,1
1616199300,1
1616200200,1
1616201100,1
1616202000,1
1616202900,1
1616203800,1
1616204700,1
1616205600,1
1616206500,1
1616207400,1
1616208300,1
1616209200,1
1616210100,1
1616211000,1
1616211900,1
1616212800,1
1616213700,1
1616214600,1
1616215500,1
1616216400,1
1616217300,1
1616218200,1
1616219100,1
1616220000,1
1616220900,1
1616221800,1
1616222700,1
1616223600,1
1616224500,1
1616225400,1
1616226300,1
1616227200,1
1616228100,1
1616229000,1
1616229900,1
1616230800,1
1616231700,1
1616232600,1
1616233500,1
1616234400,1
1616235300,1
1616236200,1
1616237100,1
1616238000,1
1616238900,1
1616239800,1
1616240700,1
1616241600,1
1616242500,1
1616243400,1
1616244300,1
1616245200,1
1616246100,1
1616247000,1
1616247900,1
1616248800,1
1616249700,1
1616250600,1
1616251500,1
1616252400,1
1616253300,1
1616254200,1
1616255100,1
1616256000,1
1616256900,1
1616257800,1
1616258700,1
1616259600,1
1616260500,1
1616261400,1
1616262300,1
1616263200,1
1616264100,1
1616265000,1
1616265900,1
1616266800,1
1616267700,1
1616268600,1
1616269500,1
1616270400,1
1616271300,1
1616272200,1
1616273100,1
1616274000,1
1616274900,1
1616275800,1
1616276700,1
1616277600,1
1616278500,1
1616279400,1
1616280300,1
1616281200,1
1616282100,1
1616283000,1
1616283900,1
1616284800,1
1616285700,1
1616286600,1
1616287500,1
1616288400,1
1616289300,1
1616290200,1
1616291100,1
1616292000,1
1616292900,1
1616293800,1
1616294700,1
1616295600,1
1616296500,1
1616297400,1
1616298300,1
1616299200,1
1616300100,1
1616301000,1
1616301900,1
1616302800,1
1616303700,1
1616304600,1
1616305500,1
1616306400,1
1616307300,1
1616308200,1
1616309100,1
1616310000,1
1616310900,1
1616311800,1
1616312700,1
1616313600,1
1616314500,1
1616315400,1
1616316300,1
1616317200,1
1616318100,1
1616319000,1
1616319900,1
1616320800,1
1616321700,1
1616322600,1
1616323500,1
1616324400,1
1616325300,1
1616326200,1
1616327100,1
1616328000,1
1616328900,1
1616329800,1
1616330700,1
1616331600,1
1616332500,1
1616333400,1
1616334300,1
1616335200,1
1616336100,1
1616337000,1
1616337900,1
1616338800,1
1616339700,1
1616340600,1
1616341500,1
1616342400,1
1616343300,1
1616344200,1
1616345100,1
1616346000,1
1616346900,1
1616347800,1
1616348700,1
1616349600,1
1616350500,1
1616351400,1
1616352300,1
1616353200,1
1616354100,1
1616355000,1
1616355900,1
1616356800,1
1616357700,1
1616358600,1
1616359500,1
1616360400,1
1616361300,1
1616362200,1
1616363100,1
1616364000,1
1616364900,1
1616365800,1
1616366700,1
1616367600,1
1616368500,1
1616369400,1
1616370300,1
1616371200,1
1616372100,1
1616373000,1
1616373900,1
1616374800,1
1616375700,1
1616376600,1
1616377500,1
1616378400,1
1616379300,1
1616380200,1
1616381100,1
1616382000,1
1616382900,1
1616383800,1
1616384700,1
1616385600,1
1616386500,1
1616387400,1
1616388300,1
1616389200,1
1616390100,1
1616391000,1
1616391900,1
1616392800,1
1616393700,1
1616394600,1
1616395500,1
1616396400,1
1616397300,1
1616398200,1
1616399100,1
1616400000,1
1616400900,1
1616401800,1
1616402700,1
1616403600,1
1616404500,1
1616405400,1
1616406300,1
1616407200,1
1616408100,1
1616409000,1
1616409900,1
1616410800,1
1616411700,1
1616412600,1
1616413500,1
1616414400,1
1616415300,1
1616416200,1
1616417100,1
1616418000,1
1616418900,1
1616419800,1
1616420700,1
1616421600,1
1616422500,1
1616423400,1
1616424300,1
1616425200,1
1616426100,1
1616427000,1
1616427900,1
1616428800,1
1616429700,1
1616430600,1
1616431500,1
1616432400,1
1616433300,1
1616434200,1
1616435100,1
1616436000,1
1616436900,1
1616437800,1
1616438700,1
1616439600,1
1616440500,1
1616441400,1
1616442300,1
1616443200,1
1616444100,1
1616445000,1
1616445900,1
1616446800,1
1616447700,1
1616448600,1
1616449500,1
1616450400,1
1616451300,1
1616452200,1
1616453100,1
1616454000,1
1616454900,1
1616455800,1
1616456700,1
1616457600,1
1616458500,1
1616459400,1
1616460300,1
1616461200,1
1616462100,1
1616463000,1
1616463900,1
1616464800,1
1616465700,1
1616466600,1
1616467500,1
1616468400,1
1616469300,1
1616470200,1
1616471100,1
1616472000,1
1616472900,1
1616473800,1
1616474700,1
1616475600,1
1616476500,1
1616477400,1
1616478300,1
1616479200,1
1616480100,1
1616481000,1
1616481900,1
1616482800,1
1616483700,1
1616484600,1
1616485500,1
1616486400,1
1616487300,1
1616488200,1
1616489100,1
1616490000,1
1616490900,1
1616491800,1
1616492700,1
1616493600,1
1616494500,1
1616495400,1
1616496300,1
1616497200,1
1616498100,1
1616499000,1
1616499900,1
1616500800,1
1616501700,1
1616502600,1
1616503500,1
1616504400,1
1616505300,1
1616506200,1
1616507100,1
1616508000,1
1616508900,1
1616509800,1
1616510700,1
1616511600,1
1616512500,1
1616513400,1
1616514300,1
1616515200,1
1616516100,1
1616517000,1
1616517900,1
1616518800,1
1616519700,1
1616520600,1
1616521500,1
1616522400,1
1616523300,1
1616524200,1
1616525100,1
1616526000,1
1616526900,1
1616527800,1
1616528700,1
1616529600,1
1616530500,1
1616531400,1
1616532300,1
1616533200,1
1616534100,1
1616535000,1
1616535900,1
1616536800,1
1616537700,1
1616538600,1
1616539500,1
1616540400,1
1616541300,1
1616542200,1
1616543100,1
1616544000,1
1616544900,1
1616545800,1
1616546700,1
1616547600,1
1616548500,1
1616549400,1
1616550300,1
1616551200,1
1616552100,1
1616553000,1
1616553900,1
1616554800,1
1616555700,1
1616556600,1
1616557500,1
1616558400,1
1616559300,1
1616560200,1
1616561100,1
1616562000,1
1616562900,1
1616563800,1
1616564700,1
1616565600,1
1616566500,1
1616567400,1
1616568300,1
1616569200,1
1616570100,1
1616571000,1
1616571900,1
1616572800,1
1616573700,1
1616574600,1
1616575500,1
1616576400,1
1616577300,1
1616578200,1
1616579100,1
1616580000,1
1616580900,1
1616581800,1
1616582700,1
1616583600,1
1616584500,1
1616585400,1
1616586300,1
1616587200,1
1616588100,1
1616589000,1
1616589900,1
1616590800,1
1616591700,1
1616592600,1
1616593500,1
1616594400,1
1616595300,1
1616596200,1
1616597100,1
1616598000,1
1616598900,1
1616599800,1
1616600700,1
1616601600,1
1616602500,1
1616603400,1
1616604300,1
1616605200,1
1616606100,1
1616607000,1
1616607900,1
1616608800,1
1616609700,1
1616610600,1
1616611500,1
1616612400,1
1616613300,1
1616614200,1
1616615100,1
1616616000,1
1616616900,1
1616617800,1
1616618700,1
1616619600,1
1616620500,1
1616621400,1
1616622300,1
1616623200,1
1616624100,1
1616625000,1
1616625900,1
1616626800,1
1616627700,1
1616628600,1
1616629500,1
1616630400,1
1616631300,1
1616632200,1
1616633100,1
1616634000,1
1616634900,1
1616635800,1
1616636700,1
1616637600,1
1616638500,1
1616639400,1
1616640300,1
1616641200,1
1616642100,1
1616643000,1
1616643900,1
1616644800,1
1616645700,1
1616646600,1
1616647500,1
1616648400,1
1616649300,1
1616650200,1
1616651100,1
1616652000,1
1616652900,1
1616653800,1
1616654700,1
1616655600,1
1616656500,1
1616657400,1
1616658300,1
1616659200,1
1616660100,1
1616661000,1
1616661900,1
1616662800,1
1616663700,1
1616664600,1
1616665500,1
1616666400,1
1616667300,1
1616668200,1
1616669100,1
1616670000,1
1616670900,1
1616671800,1
1616672700,1
1616673600,1
1616674500,1
1616675400,1
1616676300,1
1616677200,1
1616678100,1
1616679000,1
1616679900,1
1616680800,1
1616681700,1
1616682600,1
1616683500,1
1616684400,1
1616685300,1
1616686200,1
1616687100,1
1616688000,1
1616688900,1
1616689800,1
1616690700,1
1616691600,1
1616692500,1
1616693400,1
1616694300,1
1616695200,1
1616696100,1
1616697000,1
1616697900,1
1616698800,1
1616699700,1
1616700600,1
1616701500,1
1616702400,1
1616703300,1
1616704200,1
1616705100,1
1616706000,1
1616706900,1
1616707800,1
1616708700,1
1616709600,1
1616710500,1
1616711400,1
1616712300,1
1616713200,1
1616714100,1
1616715000,1
1616715900,1
1616716800,1
1616717700,1
1616718600,1
1616719500,1
1616720400,1
1616721300,1
1616722200,1
1616723100,1
1616724000,1
1616724900,1
1616725800,1
1616726700,1
1616727600,1
1616728500,1
1616729400,1
1616730300,1
1616731200,1
1616732100,1
1616733000,1
1616733900,1
1616734800,1
1616735700,1
1616736600,1
1616737500,1
1616738400,1
1616739300,1
1616740200,1
1616741100,1
1616742000,1
1616742900,1
1616743800,1
1616744700,1
1616745600,1
1616746500,1
1616747400,1
1616748300,1
1616749200,1
1616750100,1
1616751000,1
1616751900,1
1616752800,1
1616753700,1
1616754600,1
1616755500,1
1616756400,1
1616757300,1
1616758200,1
1616759100,1
1616760000,1
1616760900,1
1616761800,1
1616762700,1
1616763600,1
1616764500,1
1616765400,1
1616766300,1
1616767200,1
1616768100,1
1616769000,1
1616769900,1
1616770800,1
1616771700,1
1616772600,1
1616773500,1
1616774400,1
1616775300,1
1616776200,1
1616777100,1
1616778000,1
1616778900,1
1616779800,1
1616780700,1
1616781600,1
1616782500,1
1616783400,1
1616784300,1
1616785200,1
1616786100,1
1616787000,1
1616787900,1
1616788800,1
1616789700,1
1616790600,1
1616791500,1
1616792400,1
1616793300,1
1616794200,1
1616795100,1
1616796000,1
1616796900,1
1616797800,1
1616798700,1
1616799600,1
1616800500,1
1616801400,1
1616802300,1
1616803200,1
1616804100,1
1616805000,1
1616805900,1
1616806800,1
1616807700,1
1616808600,1
1616809500,1
1616810400,1
1616811300,1
1616812200,1
1616813100,1
1616814000,1
1616814900,1
1616815800,1
1616816700,1
1616817600,1
1616818500,1
1616819400,1
1616820300,1
1616821200,1
1616822100,1
1616823000,1
1616823900,1
1616824800,1
1616825700,1
1616826600,1
1616827500,1
1616828400,1
1616829300,1
1616830200,1
1616831100,1
1616832000,1
1616832900,1
1616833800,1
1616834700,1
1616835600,1
1616836500,1
1616837400,1
1616838300,1
1616839200,1
1616840100,1
1616841000,1
1616841900,1
1616842800,1
1616843700,1
1616844600,1
1616845500,1
1616846400,1
1616847300,1
1616848200,1
1616849100,1
1616850000,1
1616850900,1
1616851800,1
1616852700,1
1616853600,1
1616854500,1
1616855400,1
1616856300,1
1616857200,1
1616858100,1
1616859000,1
1616859900,1
1616860800,1
1616861700,1
1616862600,1
1616863500,1
1616864400,1
1616865300,1
1616866200,1
1616867100,1
1616868000,1
1616868900,1
1616869800,1
1616870700,1
1616871600,1
1616872500,1
1616873400,1
1616874300,1
1616875200,1
1616876100,1
1616877000,1
1616877900,1
1616878800,1
1616879700,1
1616880600,1
1616881500,1
1616882400,1
1616883300,1
1616884200,1
1616885100,1
1616886000,1
1616886900,1
1616887800,1
1616888700,1
1616889600,1
1616890500,1
1616891400,1
1616892300,1
1616893200,1
1616894100,1
1616895000,1
1616895900,1
1616896800,1
1616897700,1
1616898600,1
1616899500,1
1616900400,1
1616901300,1
1616902200,1
1616903100,1
1616904000,1
1616904900,1
1616905800,1
1616906700,1
1616907600,1
1616908500,1
1616909400,1
1616910300,1
1616911200,1
1616912100,1
1616913000,1
1616913900,1
1616914800,1
1616915700,1
1616916600,1
1616917500,1
1616918400,1
1616919300,1
1616920200,1
1616921100,1
1616922000,1
1616922900,1
1616923800,1
1616924700,1
1616925600,1
1616926500,1
1616927400,1
1616928300,1
1616929200,1
1616930100,1
1616931000,1
1616931900,1
1616932800,1
1616933700,1
1616934600,1
1616935500,1
1616936400,1
1616937300,1
1616938200,1
1616939100,1
1616940000,1
1616940900,1
1616941800,1
1616942700,1
1616943600,1
1616944500,1
1616945400,1
1616946300,1
1616947200,1
1616948100,1
1616949000,1
1616949900,1
1616950800,1
1616951700,1
1616952600,1
1616953500,1
1616954400,1
1616955300,1
1616956200,1
1616957100,1
1616958000,1
1616958900,1
1616959800,1
1616960700,1
1616961600,1
1616962500,1
1616963400,1
1616964300,1
1616965200,1
1616966100,1
1616967000,1
1616967900,1
1616968800,1
1616969700,1
1616970600,1
1616971500,1
1616972400,1
1616973300,1
1616974200,1
1616975100,1
1616976000,1
1616976900,1
1616977800,1
1616978700,1
1616979600,1
1616980500,1
1616981400,1
1616982300,1
1616983200,1
1616984100,1
1616985000,1
1616985900,1
1616986800,1
1616987700,1
1616988600,1
1616989500,1
1616990400,1
1616991300,1
1616992200,1
1616993100,1
1616994000,1
1616994900,1
1616995800,1
1616996700,1
1616997600,1
1616998500,1
1616999400,1
1617000300,1
1617001200,1
1617002100,1
1617003000,1
1617003900,1
1617004800,1
1617005700,1
1617006600,1
1617007500,1
1617008400,1
1617009300,1
1617010200,1
1617011100,1
1617012000,1
1617012900,1
1617013800,1
1617014700,1
1617015600,1
1617016500,1
1617017400,1
1617018300,1
1617019200,1
1617020100,1
1617021000,1
1617021900,1
1617022800,1
1617023700,1
1617024600,1
1617025500,1
1617026400,1
1617027300,1
1617028200,1
1617029100,1
1617030000,1
1617030900,1
1617031800,1
1617032700,1
1617033600,1
1617034500,1
1617035400,1
1617036300,1
1617037200,1
1617038100,1
1617039000,1
1617039900,1
1617040800,1
1617041700,1
1617042600,1
1617043500,1
1617044400,1
1617045300,1
1617046200,1
1617047100,1
1617048000,1
1617048900,1
1617049800,1
1617050700,1
1617051600,1
1617052500,1
1617053400,1
1617054300,1
1617055200,1
1617056100,1
1617057000,1
1617057900,1
1617058800,1
1617059700,1
1617060600,1
1617061500,1
1617062400,1
1617063300,1
1617064200,1
1617065100,1
1617066000,1
1617066900,1
1617067800,1
1617068700,1
1617069600,1
1617070500,1
1617071400,1
1617072300,1
1617073200,1
1617074100,1
1617075000,1
1617075900,1
1617076800,1
1617077700,1
1617078600,1
1617079500,1
1617080400,1
1617081300,1
1617082200,1
1617083100,1
1617084000,1
1617084900,1
1617085800,1
1617086700,1
1617087600,1
1617088500,1
1617089400,1
1617090300,1
1617091200,1
1617092100,1
1617093000,1
1617093900,1
1617094800,1
1617095700,1
1617096600,1
1617097500,1
1617098400,1
1617099300,1
1617100200,1
1617101100,1
1617102000,1
1617102900,1
1617103800,1
1617104700,1
1617105600,1
1617106500,1
1617107400,1
1617108300,1
1617109200,1
1617110100,1
1617111000,1
1617111900,1
1617112800,1
1617113700,1
1617114600,1
1617115500,1
1617116400,1
1617117300,1
1617118200,1
1617119100,1
1617120000,1
1617120900,1
1617121800,1
1617122700,1
1617123600,1
1617124500,1
1617125400,1
1617126300,1
1617127200,1
1617128100,1
1617129000,1
1617129900,1
1617130800,1
1617131700,1
1617132600,1
1617133500,1
1617134400,1
1617135300,1
1617136200,1
1617137100,1
1617138000,1
1617138900,1
1617139800,1
1617140700,1
1617141600,1
1617142500,1
1617143400,1
1617144300,1
1617145200,1
1617146100,1
1617147000,1
1617147900,1
1617148800,1
1617149700,1
1617150600,1
1617151500,1
1617152400,1
1617153300,1
1617154200,1
1617155100,1
1617156000,1
1617156900,1
1617157800,1
1617158700,1
1617159600,1
1617160500,1
1617161400,1
1617162300,1
1617163200,1
1617164100,1
1617165000,1
1617165900,1
1617166800,1
1617167700,1
1617168600,1
1617169500,1
1617170400,1
1617171300,1
1617172200,1
1617173100,1
1617174000,1
1617174900,1
1617175800,1
1617176700,1
1617177600,1
1617178500,1
1617179400,1
1617180300,1
1617181200,1
1617182100,1
1617183000,1
1617183900,1
1617184800,1
1617185700,1
1617186600,1
1617187500,1
1617188400,1
1617189300,1
1617190200,1
1617191100,1
1617192000,1
1617192900,1
1617193800,1
1617194700,1
1617195600,1
1617196500,1
1617197400,1
1617198300,1
1617199200,1
1617200100,1
1617201000,1
1617201900,1
1617202800,1
1617203700,1
1617204600,1
1617205500,1
1617206400,1
1617207300,1
1617208200,1
1617209100,1
1617210000,1
1617210900,1
1617211800,1
1617212700,1
1617213600,1
1617214500,1
1617215400,1
1617216300,1
1617217200,1
1617218100,1
1617219000,1
1617219900,1
1617220800,1
1617221700,1
1617222600,1
1617223500,1
1617224400,1
1617225300,1
1617226200,1
1617227100,1
1617228000,1
1617228900,1
1617229800,1
1617230700,1
1617231600,1
1617232500,1
1617233400,1
1617234300,1
1617235200,1
1617236100,1
1617237000,1
1617237900,1
1617238800,1
1617239700,1
1617240600,1
1617241500,1
1617242400,1
1617243300,1
1617244200,1
1617245100,1
1617246000,1
1617246900,1
1617247800,1
1617248700,1
1617249600,1
1617250500,1
1617251400,1
1617252300,1
1617253200,1
1617254100,1
1617255000,1
1617255900,1
1617256800,1
1617257700,1
1617258600,1
1617259500,1
1617260400,1
1617261300,1
1617262200,1
1617263100,1
1617264000,1
1617264900,1
1617265800,1
1617266700,1
1617267600,1
1617268500,1
1617269400,1
1617270300,1
1617271200,1
1617272100,1
1617273000,1
1617273900,1
1617274800,1
1617275700,1
1617276600,1
1617277500,1
1617278400,1
1617279300,1
1617280200,1
1617281100,1
1617282000,1
1617282900,1
1617283800,1
1617284700,1
1617285600,1
1617286500,1
1617287400,1
1617288300,1
1617289200,1
1617290100,1
1617291000,1
1617291900,1
1617292800,1
1617293700,1
1617294600,1
1617295500,1
1617296400,1
1617297300,1
1617298200,1
1617299100,1
1617300000,1
1617300900,1
1617301800,1
1617302700,1
1617303600,1
1617304500,1
1617305400,1
1617306300,1
1617307200,1
1617308100,1
1617309000,1
1617309900,1
1617310800,1
1617311700,1
1617312600,1
1617313500,1
1617314400,1
1617315300,1
1617316200,1
1617317100,1
1617318000,1
1617318900,1
1617319800,1
1617320700,1
1617321600,1
1617322500,1
1617323400,1
1617324300,1
1617325200,1
1617326100,1
1617327000,1
1617327900,1
1617328800,1
1617329700,1
1617330600,1
1617331500,1
1617332400,1
1617333300,1
1617334200,1
1617335100,1
1617336000,1
1617336900,1
1617337800,1
1617338700,1
1617339600,1
1617340500,1
1617341400,1
1617342300,1
1617343200,1
1617344100,1
1617345000,1
1617345900,1
1617346800,1
1617347700,1
1617348600,1
1617349500,1
1617350400,1
1617351300,1
1617352200,1
1617353100,1
1617354000,1
1617354900,1
1617355800,1
1617356700,1
1617357600,1
1617358500,1
1617359400,1
1617360300,1
1617361200,1
1617362100,1
1617363000,1
1617363900,1
1617364800,1
1617365700,1
1617366600,1
1617367500,1
1617368400,1
1617369300,1
1617370200,1
1617371100,1
1617372000,1
1617372900,1
1617373800,1
1617374700,1
1617375600,1
1617376500,1
1617377400,1
1617378300,1
1617379200,1
1617380100,1
1617381000,1
1617381900,1
1617382800,1
1617383700,1
1617384600,1
1617385500,1
1617386400,1
1617387300,1
1617388200,1
1617389100,1
1617390000,1
1617390900,1
1617391800,1
1617392700,1
1617393600,1
1617394500,1
1617395400,1
1617396300,1
1617397200,1
1617398100,1
1617399000,1
1617399900,1
1617400800,1
1617401700,1
1617402600,1
1617403500,1
1617404400,1
1617405300,1
1617406200,1
1617407100,1
1617408000,1
1617408900,1
1617409800,1
1617410700,1
1617411600,1
1617412500,1
1617413400,1
1617414300,1
1617415200,1
1617416100,1
1617417000,1
1617417900,1
1617418800,1
1617419700,1
1617420600,1
1617421500,1
1617422400,1
1617423300,1
1617424200,1
1617425100,1
1617426000,1
1617426900,1
1617427800,1
1617428700,1
1617429600,1
1617430500,1
1617431400,1
1617432300,1
1617433200,1
1617434100,1
1617435000,1
1617435900,1
1617436800,1
1617437700,1
1617438600,1
1617439500,1
1617440400,1
1617441300,1
1617442200,1
1617443100,1
1617444000,1
1617444900,1
1617445800,1
1617446700,1
1617447600,1
1617448500,1
1617449400,1
1617450300,1
1617451200,1
1617452100,1
1617453000,1
1617453900,1
1617454800,1
1617455700,1
1617456600,1
1617457500,1
1617458400,1
1617459300,1
1617460200,1
1617461100,1
1617462000,1
1617462900,1
1617463800,1
1617464700,1
1617465600,1
1617466500,1
1617467400,1
1617468300,1
1617469200,1
1617470100,1
1617471000,1
1617471900,1
1617472800,1
1617473700,1
1617474600,1
1617475500,1
1617476400,1
1617477300,1
1617478200,1
1617479100,1
1617480000,1
1617480900,1
1617481800,1
1617482700,1
1617483600,1
1617484500,1
1617485400,1
1617486300,1
1617487200,1
1617488100,1
1617489000,1
1617489900,1
1617490800,1
1617491700,1
1617492600,1
1617493500,1
1617494400,1
1617495300,1
1617496200,1
1617497100,1
1617498000,1
1617498900,1
1617499800,1
1617500700,1
1617501600,1
1617502500,1
1617503400,1
1617504300,1
1617505200,1
1617506100,1
1617507000,1
1617507900,1
1617508800,1
1617509700,1
1617510600,1
1617511500,1
1617512400,1
1617513300,1
1617514200,1
1617515100,1
1617516000,1
1617516900,1
1617517800,1
1617518700,1
1617519600,1
1617520500,1
1617521400,1
1617522300,1
1617523200,1
1617524100,1
1617525000,1
1617525900,1
1617526800,1
1617527700,1
1617528600,1
1617529500,1
1617530400,1
1617531300,1
1617532200,1
1617533100,1
1617534000,1
1617534900,1
1617535800,1
1617536700,1
1617537600,1
1617538500,1
1617539400,1
1617540300,1
1617541200,1
1617542100,1
1617543000,1
1617543900,1
1617544800,1
1617545700,1
1617546600,1
1617547500,1
1617548400,1
1617549300,1
1617550200,1
1617551100,1
1617552000,1
1617552900,1
1617553800,1
1617554700,1
1617555600,1
1617556500,1
1617557400,1
1617558300,1
1617559200,1
1617560100,1
1617561000,1
1617561900,1
1617562800,1
1617563700,1
1617564600,1
1617565500,1
1617566400,1
1617567300,1
1617568200,1
1617569100,1
1617570000,1
1617570900,1
1617571800,1
1617572700,1
1617573600,1
1617574500,1
1617575400,1
1617576300,1
1617577200,1
1617578100,1
1617579000,1
1617579900,1
1617580800,1
1617581700,1
1617582600,1
1617583500,1
1617584400,1
1617585300,1
1617586200,1
1617587100,1
1617588000,1
1617588900,1
1617589800,1
1617590700,1
1617591600,1
1617592500,1
1617593400,1
1617594300,1
1617595200,1
1617596100,1
1617597000,1
1617597900,1
1617598800,1
1617599700,1
1617600600,1
1617601500,1
1617602400,1
1617603300,1
1617604200,1
1617605100,1
1617606000,1
1617606900,1
1617607800,1
1617608700,1
1617609600,1
1617610500,1
1617611400,1
1617612300,1
1617613200,1
1617614100,1
1617615000,1
1617615900,1
1617616800,1
1617617700,1
1617618600,1
1617619500,1
1617620400,1
1617621300,1
1617622200,1
1617623100,1
1617624000,1
1617624900,1
1617625800,1
1617626700,1
1617627600,1
1617628500,1
1617629400,1
1617630300,1
1617631200,1
1617632100,1
1617633000,1
1617633900,1
1617634800,1
1617635700,1
1617636600,1
1617637500,1
1617638400,1
1617639300,1
1617640200,1
1617641100,1
1617642000,1
1617642900,1
1617643800,1
1617644700,1
1617645600,1
1617646500,1
1617647400,1
1617648300,1
1617649200,1
1617650100,1
1617651000,1
1617651900,1
1617652800,1
1617653700,1
1617654600,1
1617655500,1
1617656400,1
1617657300,1
1617658200,1
1617659100,1
1617660000,1
1617660900,1
1617661800,1
1617662700,1
1617663600,1
1617664500,1
1617665400,1
1617666300,1
1617667200,1
1617668100,1
1617669000,1
1617669900,1
1617670800,1
1617671700,1
1617672600,1
1617673500,1
1617674400,1
1617675300,1
1617676200,1
1617677100,1
1617678000,1
1617678900,1
1617679800,1
1617680700,1
1617681600,1
1617682500,1
1617683400,1
1617684300,1
1617685200,1
1617686100,1
1617687000,1
1617687900,1
1617688800,1
1617689700,1
1617690600,1
1617691500,1
1617692400,1
1617693300,1
1617694200,1
1617695100,1
1617696000,1
1617696900,1
1617697800,1
1617698700,1
1617699600,1
1617700500,1
1617701400,1
1617702300,1
1617703200,1
1617704100,1
1617705000,1
1617705900,1
1617706800,1
1617707700,1
1617708600,1
1617709500,1
1617710400,1
1617711300,1
1617712200,1
1617713100,1
1617714000,1
1617714900,1
1617715800,1
1617716700,1
1617717600,1
1617718500,1
1617719400,1
1617720300,1
1617721200,1
1617722100,1
1617723000,1
1617723900,1
1617724800,1
1617725700,1
1617726600,1
1617727500,1
1617728400,1
1617729300,1
1617730200,1
1617731100,1
1617732000,1
1617732900,1
1617733800,1
1617734700,1
1617735600,1
1617736500,1
1617737400,1
1617738300,1
1617739200,1
1617740100,1
1617741000,1
1617741900,1
1617742800,1
1617743700,1
1617744600,1
1617745500,1
1617746400,1
1617747300,1
1617748200,1
1617749100,1
1617750000,1
1617750900,1
1617751800,1
1617752700,1
1617753600,1
1617754500,1
1617755400,1
1617756300,1
1617757200,1
1617758100,1
1617759000,1
1617759900,1
1617760800,1
1617761700,1
1617762600,1
1617763500,1
1617764400,1
1617765300,1
1617766200,1
1617767100,1
1617768000,1
1617768900,1
1617769800,1
1617770700,1
1617771600,1
1617772500,1
1617773400,1
1617774300,1
1617775200,1
1617776100,1
1617777000,1
1617777900,1
1617778800,1
1617779700,1
1617780600,1
1617781500,1
1617782400,1
1617783300,1
1617784200,1
1617785100,1
1617786000,1
1617786900,1
1617787800,1
1617788700,1
1617789600,1
1617790500,1
1617791400,1
1617792300,1
1617793200,1
1617794100,1
1617795000,1
1617795900,1
1617796800,1
1617797700,1
1617798600,1
1617799500,1
1617800400,1
1617801300,1
1617802200,1
1617803100,1
1617804000,1
1617804900,1
1617805800,1
1617806700,1
1617807600,1
1617808500,1
1617809400,1
1617810300,1
1617811200,1
1617812100,1
1617813000,1
1617813900,1
1617814800,1
1617815700,1
1617816600,1
1617817500,1
1617818400,1
1617819300,1
1617820200,1
1617821100,1
1617822000,1
1617822900,1
1617823800,1
1617824700,1
1617825600,1
1617826500,1
1617827400,1
1617828300,1
1617829200,1
1617830100,1
1617831000,1
1617831900,1
1617832800,1
1617833700,1
1617834600,1
1617835500,1
1617836400,1
1617837300,1
1617838200,1
1617839100,1
1617840000,1
1617840900,1
1617841800,1
1617842700,1
1617843600,1
1617844500,1
1617845400,1
1617846300,1
1617847200,1
1617848100,1
1617849000,1
1617849900,1
1617850800,1
1617851700,1
1617852600,1
1617853500,1
1617854400,1
1617855300,1
1617856200,1
1617857100,1
1617858000,1
1617858900,1
1617859800,1
1617860700,1
1617861600,1
1617862500,1
1617863400,1
1617864300,1
1617865200,1
1617866100,1
1617867000,1
1617867900,1
1617868800,1
1617869700,1
1617870600,1
1617871500,1
1617872400,1
1617873300,1
1617874200,1
1617875100,1
1617876000,1
1617876900,1
1617877800,1
1617878700,1
1617879600,1
1617880500,1
1617881400,1
1617882300,1
1617883200,1
1617884100,1
1617885000,1
1617885900,1
1617886800,1
1617887700,1
1617888600,1
1617889500,1
1617890400,1
1617891300,1
1617892200,1
1617893100,1
1617894000,1
1617894900,1
1617895800,1
1617896700,1
1617897600,1
1617898500,1
1617899400,1
1617900300,1
1617901200,1
1617902100,1
1617903000,1
1617903900,1
1617904800,1
1617905700,1
1617906600,1
1617907500,1
1617908400,1
1617909300,1
1617910200,1
1617911100,1
1617912000,1
1617912900,1
1617913800,1
1617914700,1
1617915600,1
1617916500,1
1617917400,1
1617918300,1
1617919200,1
1617920100,1
1617921000,1
1617921900,1
1617922800,1
1617923700,1
1617924600,1
1617925500,1
1617926400,1
1617927300,1
1617928200,1
1617929100,1
1617930000,1
1617930900,1
1617931800,1
1617932700,1
1617933600,1
1617934500,1
1617935400,1
1617936300,1
1617937200,1
1617938100,1
1617939000,1
1617939900,1
1617940800,1
1617941700,1
1617942600,1
1617943500,1
1617944400,1
1617945300,1
1617946200,1
1617947100,1
1617948000,1
1617948900,1
1617949800,1
1617950700,1
1617951600,1
1617952500,1
1617953400,1
1617954300,1
1617955200,1
1617956100,1
1617957000,1
1617957900,1
1617958800,1
1617959700,1
1617960600,1
1617961500,1
1617962400,1
1617963300,1
1617964200,1
1617965100,1
1617966000,1
1617966900,1
1617967800,1
1617968700,1
1617969600,1
1617970500,1
1617971400,1
1617972300,1
1617973200,1
1617974100,1
1617975000,1
1617975900,1
1617976800,1
1617977700,1
1617978600,1
1617979500,1
1617980400,1
1617981300,1
1617982200,1
1617983100,1
1617984000,1
1617984900,1
1617985800,1
1617986700,1
1617987600,1
1617988500,1
1617989400,1
1617990300,1
1617991200,1
1617992100,1
1617993000,1
1617993900,1
1617994800,1
1617995700,1
1617996600,1
1617997500,1
1617998400,1
1617999300,1
1618000200,1
1618001100,1
1618002000,1
1618002900,1
1618003800,1
1618004700,1
1618005600,1
1618006500,1
1618007400,1
1618008300,1
1618009200,1
1618010100,1
1618011000,1
1618011900,1
1618012800,1
1618013700,1
1618014600,1
1618015500,1
1618016400,1
1618017300,1
1618018200,1
1618019100,1
1618020000,1
1618020900,1
1618021800,1
1618022700,1
1618023600,1
1618024500,1
1618025400,1
1618026300,1
1618027200,1
1618028100,1
1618029000,1
1618029900,1
1618030800,1
1618031700,1
1618032600,1
1618033500,1
1618034400,1
1618035300,1
1618036200,1
1618037100,1
1618038000,1
1618038900,1
1618039800,1
1618040700,1
1618041600,1
1618042500,1
1618043400,1
1618044300,1
1618045200,1
1618046100,1
1618047000,1
1618047900,1
1618048800,1
1618049700,1
1618050600,1
1618051500,1
1618052400,1
1618053300,1
1618054200,1
1618055100,1
1618056000,1
1618056900,1
1618057800,1
1618058700,1
1618059600,1
1618060500,1
1618061400,1
1618062300,1
1618063200,1
1618064100,1
1618065000,1
1618065900,1
1618066800,1
1618067700,1
1618068600,1
1618069500,1
1618070400,1
1618071300,1
1618072200,1
1618073100,1
1618074000,1
1618074900,1
1618075800,1
1618076700,1
1618077600,1
1618078500,1
1618079400,1
1618080300,1
1618081200,1
1618082100,1
1618083000,1
1618083900,1
1618084800,1
1618085700,1
1618086600,1
1618087500,1
1618088400,1
1618089300,1
1618090200,1
1618091100,1
1618092000,1
1618092900,1
1618093800,1
1618094700,1
1618095600,1
1618096500,1
1618097400,1
1618098300,1
1618099200,1
1618100100,1
1618101000,1
1618101900,1
1618102800,1
1618103700,1
1618104600,1
1618105500,1
1618106400,1
1618107300,1
1618108200,1
1618109100,1
1618110000,1
1618110900,1
1618111800,1
1618112700,1
1618113600,1
1618114500,1
1618115400,1
1618116300,1
1618117200,1
1618118100,1
1618119000,1
1618119900,1
1618120800,1
1618121700,1
1618122600,1
1618123500,1
1618124400,1
1618125300,1
1618126200,1
1618127100,1
1618128000,1
1618128900,1
1618129800,1
1618130700,1
1618131600,1
1618132500,1
1618133400,1
1618134300,1
1618135200,1
1618136100,1
1618137000,1
1618137900,1
1618138800,1
1618139700,1
1618140600,1
1618141500,1
1618142400,1
1618143300,1
1618144200,1
1618145100,1
1618146000,1
1618146900,1
1618147800,1
1618148700,1
1618149600,1
1618150500,1
1618151400,1
1618152300,1
1618153200,1
1618154100,1
1618155000,1
1618155900,1
1618156800,1
1618157700,1
1618158600,1
1618159500,1
1618160400,1
1618161300,1
1618162200,1
1618163100,1
1618164000,1
1618164900,1
1618165800,1
1618166700,1
1618167600,1
1618168500,1
1618169400,1
1618170300,1
1618171200,1
1618172100,1
1618173000,1
1618173900,1
1618174800,1
1618175700,1
1618176600,1
1618177500,1
1618178400,1
1618179300,1
1618180200,1
1618181100,1
1618182000,1
1618182900,1
1618183800,1
1618184700,1
1618185600,1
1618186500,1
1618187400,1
1618188300,1
1618189200,1
1618190100,1
1618191000,1
1618191900,1
1618192800,1
1618193700,1
1618194600,1
1618195500,1
1618196400,1
1618197300,1
1618198200,1
1618199100,1
1618200000,1
1618200900,1
1618201800,1
1618202700,1
1618203600,1
1618204500,1
1618205400,1
1618206300,1
1618207200,1
1618208100,1
1618209000,1
1618209900,1
1618210800,1
1618211700,1
1618212600,1
1618213500,1
1618214400,1
1618215300,1
1618216200,1
1618217100,1
1618218000,1
1618218900,1
1618219800,1
1618220700,1
1618221600,1
1618222500,1
1618223400,1
1618224300,1
1618225200,1
1618226100,1
1618227000,1
1618227900,1
1618228800,1
1618229700,1
1618230600,1
1618231500,1
1618232400,1
1618233300,1
1618234200,1
1618235100,1
1618236000,1
1618236900,1
1618237800,1
1618238700,1
1618239600,1
1618240500,1
1618241400,1
1618242300,1
1618243200,1
1618244100,1
1618245000,1
1618245900,1
1618246800,1
1618247700,1
1618248600,1
1618249500,1
1618250400,1
1618251300,1
1618252200,1
1618253100,1
1618254000,1
1618254900,1
1618255800,1
1618256700,1
1618257600,1
1618258500,1
1618259400,1
1618260300,1
1618261200,1
1618262100,1
1618263000,1
1618263900,1
1618264800,1
1618265700,1
1618266600,1
1618267500,1
1618268400,1
1618269300,1
1618270200,1
1618271100,1
1618272000,1
1618272900,1
1618273800,1
1618274700,1
1618275600,1
1618276500,1
1618277400,1
1618278300,1
1618279200,1
1618280100,1
1618281000,1
1618281900,1
1618282800,1
1618283700,1
1618284600,1
1618285500,1
1618286400,1
1618287300,1
1618288200,1
1618289100,1
1618290000,1
1618290900,1
1618291800,1
1618292700,1
1618293600,1
1618294500,1
1618295400,1
1618296300,1
1618297200,1
1618298100,1
1618299000,1
1618299900,1
1618300800,1
1618301700,1
1618302600,1
1618303500,1
1618304400,1
1618305300,1
1618306200,1
1618307100,1
1618308000,1
1618308900,1
1618309800,1
1618310700,1
1618311600,1
1618312500,1
1618313400,1
1618314300,1
1618315200,1
1618316100,1
1618317000,1
1618317900,1
1618318800,1
1618319700,1
1618320600,1
1618321500,1
1618322400,1
1618323300,1
1618324200,1
1618325100,1
1618326000,1
1618326900,1
1618327800,1
1618328700,1
1618329600,1
1618330500,1
1618331400,1
1618332300,1
1618333200,1
1618334100,1
1618335000,1
1618335900,1
1618336800,1
1618337700,1
1618338600,1
1618339500,1
1618340400,1
1618341300,1
1618342200,1
1618343100,1
1618344000,1
1618344900,1
1618345800,1
1618346700,1
1618347600,1
1618348500,1
1618349400,1
1618350300,1
1618351200,1
1618352100,1
1618353000,1
1618353900,1
1618354800,1
1618355700,1
1618356600,1
1618357500,1
1618358400,1
1618359300,1
1618360200,1
1618361100,1
1618362000,1
1618362900,1
1618363800,1
1618364700,1
1618365600,1
1618366500,1
1618367400,1
1618368300,1
1618369200,1
1618370100,1
1618371000,1
1618371900,1
1618372800,1
1618373700,1
1618374600,1
1618375500,1
1618376400,1
1618377300,1
1618378200,1
1618379100,1
1618380000,1
1618380900,1
1618381800,1
1618382700,1
1618383600,1
1618384500,1
1618385400,1
1618386300,1
1618387200,1
1618388100,1
1618389000,1
1618389900,1
1618390800,1
1618391700,1
1618392600,1
1618393500,1
1618394400,1
1618395300,1
1618396200,1
1618397100,1
1618398000,1
1618398900,1
1618399800,1
1618400700,1
1618401600,1
1618402500,1
1618403400,1
1618404300,1
1618405200,1
1618406100,1
1618407000,1
1618407900,1
1618408800,1
1618409700,1
1618410600,1
1618411500,1
1618412400,1
1618413300,1
1618414200,1
1618415100,1
1618416000,1
1618416900,1
1618417800,1
1618418700,1
1618419600,1
1618420500,1
1618421400,1
1618422300,1
1618423200,1
1618424100,1
1618425000,1
1618425900,1
1618426800,1
1618427700,1
1618428600,1
1618429500,1
1618430400,1
1618431300,1
1618432200,1
1618433100,1
1618434000,1
1618434900,1
1618435800,1
1618436700,1
1618437600,1
1618438500,1
1618439400,1
1618440300,1
1618441200,1
1618442100,1
1618443000,1
1618443900,1
1618444800,1
1618445700,1
1618446600,1
1618447500,1
1618448400,1
1618449300,1
1618450200,1
1618451100,1
1618452000,1
1618452900,1
1618453800,1
1618454700,1
1618455600,1
1618456500,1
1618457400,1
1618458300,1
1618459200,1
1618460100,1
1618461000,1
1618461900,1
1618462800,1
1618463700,1
1618464600,1
1618465500,1
1618466400,1
1618467300,1
1618468200,1
1618469100,1
1618470000,1
1618470900,1
1618471800,1
1618472700,1
1618473600,1
1618474500,1
1618475400,1
1618476300,1
1618477200,1
1618478100,1
1618479000,1
1618479900,1
1618480800,1
1618481700,1
1618482600,1
1618483500,1
1618484400,1
1618485300,1
1618486200,1
1618487100,1
1618488000,1
1618488900,1
1618489800,1
1618490700,1
1618491600,1
1618492500,1
1618493400,1
1618494300,1
1618495200,1
1618496100,1
1618497000,1
1618497900,1
1618498800,1
1618499700,1
1618500600,1
1618501500,1
1618502400,1
1618503300,1
1618504200,1
1618505100,1
1618506000,1
1618506900,1
1618507800,1
1618508700,1
1618509600,1
1618510500,1
1618511400,1
1618512300,1
1618513200,1
1618514100,1
1618515000,1
1618515900,1
1618516800,1
1618517700,1
1618518600,1
1618519500,1
1618520400,1
1618521300,1
1618522200,1
1618523100,1
1618524000,1
1618524900,1
1618525800,1
1618526700,1
1618527600,1
1618528500,1
1618529400,1
1618530300,1
1618531200,1
1618532100,1
1618533000,1
1618533900,1
1618534800,1
1618535700,1
1618536600,1
1618537500,1
1618538400,1
1618539300,1
1618540200,1
1618541100,1
1618542000,1
1618542900,1
1618543800,1
1618544700,1
1618545600,1
1618546500,1
1618547400,1
1618548300,1
1618549200,1
1618550100,1
1618551000,1
1618551900,1
1618552800,1
1618553700,1
1618554600,1
1618555500,1
1618556400,1
1618557300,1
1618558200,1
1618559100,1
1618560000,1
1618560900,1
1618561800,1
1618562700,1
1618563600,1
1618564500,1
1618565400,1
1618566300,1
1618567200,1
1618568100,1
1618569000,1
1618569900,1
1618570800,1
1618571700,1
1618572600,1
1618573500,1
1618574400,1
1618575300,1
1618576200,1
1618577100,1
1618578000,1
1618578900,1
1618579800,1
1618580700,1
1618581600,1
1618582500,1
1618583400,1
1618584300,1
1618585200,1
1618586100,1
1618587000,1
1618587900,1
1618588800,1
1618589700,1
1618590600,1
1618591500,1
1618592400,1
1618593300,1
1618594200,1
1618595100,1
1618596000,1
1618596900,1
1618597800,1
1618598700,1
1618599600,1
1618600500,1
1618601400,1
1618602300,1
1618603200,1
1618604100,1
1618605000,1
1618605900,1
1618606800,1
1618607700,1
1618608600,1
1618609500,1
1618610400,1
1618611300,1
1618612200,1
1618613100,1
1618614000,1
1618614900,1
1618615800,1
1618616700,1
1618617600,1
1618618500,1
1618619400,1
1618620300,1
1618621200,1
1618622100,1
1618623000,1
1618623900,1
1618624800,1
1618625700,1
1618626600,1
1618627500,1
1618628400,1
1618629300,1
1618630200,1
1618631100,1
1618632000,1
1618632900,1
1618633800,1
1618634700,1
1618635600,1
1618636500,1
1618637400,1
1618638300,1
1618639200,1
1618640100,1
1618641000,1
1618641900,1
1618642800,1
1618643700,1
1618644600,1
1618645500,1
1618646400,1
1618647300,1
1618648200,1
1618649100,1
1618650000,1
1618650900,1
1618651800,1
1618652700,1
1618653600,1
1618654500,1
1618655400,1
1618656300,1
1618657200,1
1618658100,1
1618659000,1
1618659900,1
1618660800,1
1618661700,1
1618662600,1
1618663500,1
1618664400,1
1618665300,1
1618666200,1
1618667100,1
1618668000,1
1618668900,1
1618669800,1
1618670700,1
1618671600,1
1618672500,1
1618673400,1
1618674300,1
1618675200,1
1618676100,1
1618677000,1
1618677900,1
1618678800,1
1618679700,1
1618680600,1
1618681500,1
1618682400,1
1618683300,1
1618684200,1
1618685100,1
1618686000,1
1618686900,1
1618687800,1
1618688700,1
1618689600,1
1618690500,1
1618691400,1
1618692300,1
1618693200,1
1618694100,1
1618695000,1
1618695900,1
1618696800,1
1618697700,1
1618698600,1
1618699500,1
1618700400,1
1618701300,1
1618702200,1
1618703100,1
1618704000,1
1618704900,1
1618705800,1
1618706700,1
1618707600,1
1618708500,1
1618709400,1
1618710300,1
1618711200,1
1618712100,1
1618713000,1
1618713900,1
1618714800,1
1618715700,1
1618716600,1
1618717500,1
1618718400,1
1618719300,1
1618720200,1
1618721100,1
1618722000,1
1618722900,1
1618723800,1
1618724700,1
1618725600,1
1618726500,1
1618727400,1
1618728300,1
1618729200,1
1618730100,1
1618731000,1
1618731900,1
1618732800,1
1618733700,1
1618734600,1
1618735500,1
1618736400,1
1618737300,1
1618738200,1
1618739100,1
1618740000,1
1618740900,1
1618741800,1
1618742700,1
1618743600,1
1618744500,1
1618745400,1
1618746300,1
1618747200,1
1618748100,1
1618749000,1
1618749900,1
1618750800,1
1618751700,1
1618752600,1
1618753500,1
1618754400,1
1618755300,1
1618756200,1
1618757100,1
1618758000,1
1618758900,1
1618759800,1
1618760700,1
1618761600,1
1618762500,1
1618763400,1
1618764300,1
1618765200,1
1618766100,1
1618767000,1
1618767900,1
1618768800,1
1618769700,1
1618770600,1
1618771500,1
1618772400,1
1618773300,1
1618774200,1
1618775100,1
1618776000,1
1618776900,1
1618777800,1
1618778700,1
1618779600,1
1618780500,1
1618781400,1
1618782300,1
1618783200,1
1618784100,1
1618785000,1
1618785900,1
1618786800,1
1618787700,1
1618788600,1
1618789500,1
1618790400,1
1618791300,1
1618792200,1
1618793100,1
1618794000,1
1618794900,1
1618795800,1
1618796700,1
1618797600,1
1618798500,1
1618799400,1
1618800300,1
1618801200,1
1618802100,1
1618803000,1
1618803900,1
1618804800,1
1618805700,1
1618806600,1
1618807500,1
1618808400,1
1618809300,1
1618810200,1
1618811100,1
1618812000,1
1618812900,1
1618813800,1
1618814700,1
1618815600,1
1618816500,1
1618817400,1
1618818300,1
1618819200,1
1618820100,1
1618821000,1
1618821900,1
1618822800,1
1618823700,1
1618824600,1
1618825500,1
1618826400,1
1618827300,1
1618828200,1
1618829100,1
1618830000,1
1618830900,1
1618831800,1
1618832700,1
1618833600,1
1618834500,1
1618835400,1
1618836300,1
1618837200,1
1618838100,1
1618839000,1
1618839900,1
1618840800,1
1618841700,1
1618842600,1
1618843500,1
1618844400,1
1618845300,1
1618846200,1
1618847100,1
1618848000,1
1618848900,1
1618849800,1
1618850700,1
1618851600,1
1618852500,1
1618853400,1
1618854300,1
1618855200,1
1618856100,1
1618857000,1
1618857900,1
1618858800,1
1618859700,1
1618860600,1
1618861500,1
1618862400,1
1618863300,1
1618864200,1
1618865100,1
1618866000,1
1618866900,1
1618867800,1
1618868700,1
1618869600,1
1618870500,1
1618871400,1
1618872300,1
1618873200,1
1618874100,1
1618875000,1
1618875900,1
1618876800,1
1618877700,1
1618878600,1
1618879500,1
1618880400,1
1618881300,1
1618882200,1
1618883100,1
1618884000,1
1618884900,1
1618885800,1
1618886700,1
1618887600,1
1618888500,1
1618889400,1
1618890300,1
1618891200,1
1618892100,1
1618893000,1
1618893900,1
1618894800,1
1618895700,1
1618896600,1
1618897500,1
1618898400,1
1618899300,1
1618900200,1
1618901100,1
1618902000,1
1618902900,1
1618903800,1
1618904700,1
1618905600,1
1618906500,1
1618907400,1
1618908300,1
1618909200,1
1618910100,1
1618911000,1
1618911900,1
1618912800,1
1618913700,1
1618914600,1
1618915500,1
1618916400,1
1618917300,1
1618918200,1
1618919100,1
1618920000,1
1618920900,1
1618921800,1
1618922700,1
1618923600,1
1618924500,1
1618925400,1
1618926300,1
1618927200,1
1618928100,1
1618929000,1
1618929900,1
1618930800,1
1618931700,1
1618932600,1
1618933500,1
1618934400,1
1618935300,1
1618936200,1
1618937100,1
1618938000,1
1618938900,1
1618939800,1
1618940700,1
1618941600,1
1618942500,1
1618943400,1
1618944300,1
1618945200,1
1618946100,1
1618947000,1
1618947900,1
1618948800,1
1618949700,1
1618950600,1
1618951500,1
1618952400,1
1618953300,1
1618954200,1
1618955100,1
1618956000,1
1618956900,1
1618957800,1
1618958700,1
1618959600,1
1618960500,1
1618961400,1
1618962300,1
1618963200,1
1618964100,1
1618965000,1
1618965900,1
1618966800,1
1618967700,1
1618968600,1
1618969500,1
1618970400,1
1618971300,1
1618972200,1
1618973100,1
1618974000,1
1618974900,1
1618975800,1
1618976700,1
1618977600,1
1618978500,1
1618979400,1
1618980300,1
1618981200,1
1618982100,1
1618983000,1
1618983900,1
1618984800,1
1618985700,1
1618986600,1
1618987500,1
1618988400,1
1618989300,1
1618990200,1
1618991100,1
1618992000,1
1618992900,1
1618993800,1
1618994700,1
1618995600,1
1618996500,1
1618997400,1
1618998300,1
1618999200,1
1619000100,1
1619001000,1
1619001900,1
1619002800,1
1619003700,1
1619004600,1
1619005500,1
1619006400,1
1619007300,1
1619008200,1
1619009100,1
1619010000,1
1619010900,1
1619011800,1
1619012700,1
1619013600,1
1619014500,1
1619015400,1
1619016300,1
1619017200,1
1619018100,1
1619019000,1
1619019900,1
1619020800,1
1619021700,1
1619022600,1
1619023500,1
1619024400,1
1619025300,1
1619026200,1
1619027100,1
1619028000,1
1619028900,1
1619029800,1
1619030700,1
1619031600,1
1619032500,1
1619033400,1
1619034300,1
1619035200,1
1619036100,1
1619037000,1
1619037900,1
1619038800,1
1619039700,1
1619040600,1
1619041500,1
1619042400,1
1619043300,1
1619044200,1
1619045100,1
1619046000,1
1619046900,1
1619047800,1
1619048700,1
1619049600,1
1619050500,1
1619051400,1
1619052300,1
1619053200,1
1619054100,1
1619055000,1
1619055900,1
1619056800,1
1619057700,1
1619058600,1
1619059500,1
1619060400,1
1619061300,1
1619062200,1
1619063100,1
1619064000,1
1619064900,1
1619065800,1
1619066700,1
1619067600,1
1619068500,1
1619069400,1
1619070300,1
1619071200,1
1619072100,1
1619073000,1
1619073900,1
1619074800,1
1619075700,1
1619076600,1
1619077500,1
1619078400,1
1619079300,1
1619080200,1
1619081100,1
1619082000,1
1619082900,1
1619083800,1
1619084700,1
1619085600,1
1619086500,1
1619087400,1
1619088300,1
1619089200,1
1619090100,1
1619091000,1
1619091900,1
1619092800,1
1619093700,1
1619094600,1
1619095500,1
1619096400,1
1619097300,1
1619098200,1
1619099100,1
1619100000,1
1619100900,1
1619101800,1
1619102700,1
1619103600,1
1619104500,1
1619105400,1
1619106300,1
1619107200,1
1619108100,1
1619109000,1
1619109900,1
1619110800,1
1619111700,1
1619112600,1
1619113500,1
1619114400,1
1619115300,1
1619116200,1
1619117100,1
1619118000,1
1619118900,1
1619119800,1
1619120700,1
1619121600,1
1619122500,1
1619123400,1
1619124300,1
1619125200,1
1619126100,1
1619127000,1
1619127900,1
1619128800,1
1619129700,1
1619130600,1
1619131500,1
1619132400,1
1619133300,1
1619134200,1
1619135100,1
1619136000,1
1619136900,1
1619137800,1
1619138700,1
1619139600,1
1619140500,1
1619141400,1
1619142300,1
1619143200,1
1619144100,1
1619145000,1
1619145900,1
1619146800,1
1619147700,1
1619148600,1
1619149500,1
1619150400,1
1619151300,1
1619152200,1
1619153100,1
1619154000,1
1619154900,1
1619155800,1
1619156700,1
1619157600,1
1619158500,1
1619159400,1
1619160300,1
1619161200,1
1619162100,1
1619163000,1
1619163900,1
1619164800,1
1619165700,1
1619166600,1
1619167500,1
1619168400,1
1619169300,1
1619170200,1
1619171100,1
1619172000,1
1619172900,1
1619173800,1
1619174700,1
1619175600,1
1619176500,1
1619177400,1
1619178300,1
1619179200,1
1619180100,1
1619181000,1
1619181900,1
1619182800,1
1619183700,1
1619184600,1
1619185500,1
1619186400,1
1619187300,1
1619188200,1
1619189100,1
1619190000,1
1619190900,1
1619191800,1
1619192700,1
1619193600,1
1619194500,1
1619195400,1
1619196300,1
1619197200,1
1619198100,1
1619199000,1
1619199900,1
1619200800,1
1619201700,1
1619202600,1
1619203500,1
1619204400,1
1619205300,1
1619206200,1
1619207100,1
1619208000,1
1619208900,1
1619209800,1
1619210700,1
1619211600,1
1619212500,1
1619213400,1
1619214300,1
1619215200,1
1619216100,1
1619217000,1
1619217900,1
1619218800,1
1619219700,1
1619220600,1
1619221500,1
1619222400,1
1619223300,1
1619224200,1
1619225100,1
1619226000,1
1619226900,1
1619227800,1
1619228700,1
1619229600,1
1619230500,1
1619231400,1
1619232300,1
1619233200,1
1619234100,1
1619235000,1
1619235900,1
1619236800,1
1619237700,1
1619238600,1
1619239500,1
1619240400,1
1619241300,1
1619242200,1
1619243100,1
1619244000,1
1619244900,1
1619245800,1
1619246700,1
1619247600,1
1619248500,1
1619249400,1
1619250300,1
1619251200,1
1619252100,1
1619253000,1
1619253900,1
1619254800,1
1619255700,1
1619256600,1
1619257500,1
1619258400,1
1619259300,1
1619260200,1
1619261100,1
1619262000,1
1619262900,1
1619263800,1
1619264700,1
1619265600,1
1619266500,1
1619267400,1
1619268300,1
1619269200,1
1619270100,1
1619271000,1
1619271900,1
1619272800,1
1619273700,1
1619274600,1
1619275500,1
1619276400,1
1619277300,1
1619278200,1
1619279100,1
1619280000,1
1619280900,1
1619281800,1
1619282700,1
1619283600,1
1619284500,1
1619285400,1
1619286300,1
1619287200,1
1619288100,1
1619289000,1
1619289900,1
1619290800,1
1619291700,1
1619292600,1
1619293500,1
1619294400,1
1619295300,1
1619296200,1
1619297100,1
1619298000,1
1619298900,1
1619299800,1
1619300700,1
1619301600,1
1619302500,1
1619303400,1
1619304300,1
1619305200,1
1619306100,1
1619307000,1
1619307900,1
1619308800,1
1619309700,1
1619310600,1
1619311500,1
1619312400,1
1619313300,1
1619314200,1
1619315100,1
1619316000,1
1619316900,1
1619317800,1
1619318700,1
1619319600,1
1619320500,1
1619321400,1
1619322300,1
1619323200,1
1619324100,1
1619325000,1
1619325900,1
1619326800,1
1619327700,1
1619328600,1
1619329500,1
1619330400,1
1619331300,1
1619332200,1
1619333100,1
1619334000,1
1619334900,1
1619335800,1
1619336700,1
1619337600,1
1619338500,1
1619339400,1
1619340300,1
1619341200,1
1619342100,1
1619343000,1
1619343900,1
1619344800,1
1619345700,1
1619346600,1
1619347500,1
1619348400,1
1619349300,1
1619350200,1
1619351100,1
1619352000,1
1619352900,1
1619353800,1
1619354700,1
1619355600,1
1619356500,1
1619357400,1
1619358300,1
1619359200,1
1619360100,1
1619361000,1
1619361900,1
1619362800,1
1619363700,1
1619364600,1
1619365500,1
1619366400,1
1619367300,1
1619368200,1
1619369100,1
1619370000,1
1619370900,1
1619371800,1
1619372700,1
1619373600,1
1619374500,1
1619375400,1
1619376300,1
1619377200,1
1619378100,1
1619379000,1
1619379900,1
1619380800,1
1619381700,1
1619382600,1
1619383500,1
1619384400,1
1619385300,1
1619386200,1
1619387100,1
1619388000,1
1619388900,1
1619389800,1
1619390700,1
1619391600,1
1619392500,1
1619393400,1
1619394300,1
1619395200,1
1619396100,1
1619397000,1
1619397900,1
1619398800,1
1619399700,1
1619400600,1
1619401500,1
1619402400,1
1619403300,1
1619404200,1
1619405100,1
1619406000,1
1619406900,1
1619407800,1
1619408700,1
1619409600,1
1619410500,1
1619411400,1
1619412300,1
1619413200,1
1619414100,1
1619415000,1
1619415900,1
1619416800,1
1619417700,1
1619418600,1
1619419500,1
1619420400,1
1619421300,1
1619422200,1
1619423100,1
1619424000,1
1619424900,1
1619425800,1
1619426700,1
1619427600,1
1619428500,1
1619429400,1
1619430300,1
1619431200,1
1619432100,1
1619433000,1
1619433900,1
1619434800,1
1619435700,1
1619436600,1
1619437500,1
1619438400,1
1619439300,1
1619440200,1
1619441100,1
1619442000,1
1619442900,1
1619443800,1
1619444700,1
1619445600,1
1619446500,1
1619447400,1
1619448300,1
1619449200,1
1619450100,1
1619451000,1
1619451900,1
1619452800,1
1619453700,1
1619454600,1
1619455500,1
1619456400,1
1619457300,1
1619458200,1
1619459100,1
1619460000,1
1619460900,1
1619461800,1
1619462700,1
1619463600,1
1619464500,1
1619465400,1
1619466300,1
1619467200,1
1619468100,1
1619469000,1
1619469900,1
1619470800,1
1619471700,1
1619472600,1
1619473500,1
1619474400,1
1619475300,1
1619476200,1
1619477100,1
1619478000,1
1619478900,1
1619479800,1
1619480700,1
1619481600,1
1619482500,1
1619483400,1
1619484300,1
1619485200,1
1619486100,1
1619487000,1
1619487900,1
1619488800,1
1619489700,1
1619490600,1
1619491500,1
1619492400,1
1619493300,1
1619494200,1
1619495100,1
1619496000,1
1619496900,1
1619497800,1
1619498700,1
1619499600,1
1619500500,1
1619501400,1
1619502300,1
1619503200,1
1619504100,1
1619505000,1
1619505900,1
1619506800,1
1619507700,1
1619508600,1
1619509500,1
1619510400,1
1619511300,1
1619512200,1
1619513100,1
1619514000,1
1619514900,1
1619515800,1
1619516700,1
1619517600,1
1619518500,1
1619519400,1
1619520300,1
1619521200,1
1619522100,1
1619523000,1
1619523900,1
1619524800,1
1619525700,1
1619526600,1
1619527500,1
1619528400,1
1619529300,1
1619530200,1
1619531100,1
1619532000,1
1619532900,1
1619533800,1
1619534700,1
1619535600,1
1619536500,1
1619537400,1
1619538300,1
1619539200,1
1619540100,1
1619541000,1
1619541900,1
1619542800,1
1619543700,1
1619544600,1
1619545500,1
1619546400,1
1619547300,1
1619548200,1
1619549100,1
1619550000,1
1619550900,1
1619551800,1
1619552700,1
1619553600,1
1619554500,1
1619555400,1
1619556300,1
1619557200,1
1619558100,1
1619559000,1
1619559900,1
1619560800,1
1619561700,1
1619562600,1
1619563500,1
1619564400,1
1619565300,1
1619566200,1
1619567100,1
1619568000,1
1619568900,1
1619569800,1
1619570700,1
1619571600,1
1619572500,1
1619573400,1
1619574300,1
1619575200,1
1619576100,1
1619577000,1
1619577900,1
1619578800,1
1619579700,1
1619580600,1
1619581500,1
1619582400,1
1619583300,1
1619584200,1
1619585100,1
1619586000,1
1619586900,1
1619587800,1
1619588700,1
1619589600,1
1619590500,1
1619591400,1
1619592300,1
1619593200,1
1619594100,1
1619595000,1
1619595900,1
1619596800,1
1619597700,1
1619598600,1
1619599500,1
1619600400,1
1619601300,1
1619602200,1
1619603100,1
1619604000,1
1619604900,1
1619605800,1
1619606700,1
1619607600,1
1619608500,1
1619609400,1
1619610300,1
1619611200,1
1619612100,1
1619613000,1
1619613900,1
1619614800,1
1619615700,1
1619616600,1
1619617500,1
1619618400,1
1619619300,1
1619620200,1
1619621100,1
1619622000,1
1619622900,1
1619623800,1
1619624700,1
1619625600,1
1619626500,1
1619627400,1
1619628300,1
1619629200,1
1619630100,1
1619631000,1
1619631900,1
1619632800,1
1619633700,1
1619634600,1
1619635500,1
1619636400,1
1619637300,1
1619638200,1
1619639100,1
1619640000,1
1619640900,1
1619641800,1
1619642700,1
1619643600,1
1619644500,1
1619645400,1
1619646300,1
1619647200,1
1619648100,1
1619649000,1
1619649900,1
1619650800,1
1619651700,1
1619652600,1
1619653500,1
1619654400,1
1619655300,1
1619656200,1
1619657100,1
1619658000,1
1619658900,1
1619659800,1
1619660700,1
1619661600,1
1619662500,1
1619663400,1
1619664300,1
1619665200,1
1619666100,1
1619667000,1
1619667900,1
1619668800,1
1619669700,1
1619670600,1
1619671500,1
1619672400,1
1619673300,1
1619674200,1
1619675100,1
1619676000,1
1619676900,1
1619677800,1
1619678700,1
1619679600,1
1619680500,1
1619681400,1
1619682300,1
1619683200,1
1619684100,1
1619685000,1
1619685900,1
1619686800,1
1619687700,1
1619688600,1
1619689500,1
1619690400,1
1619691300,1
1619692200,1
1619693100,1
1619694000,1
1619694900,1
1619695800,1
1619696700,1
1619697600,1
1619698500,1
1619699400,1
1619700300,1
1619701200,1
1619702100,1
1619703000,1
1619703900,1
1619704800,1
1619705700,1
1619706600,1
1619707500,1
1619708400,1
1619709300,1
1619710200,1
1619711100,1
1619712000,1
1619712900,1
1619713800,1
1619714700,1
1619715600,1
1619716500,1
1619717400,1
1619718300,1
1619719200,1
1619720100,1
1619721000,1
1619721900,1
1619722800,1
1619723700,1
1619724600,1
1619725500,1
1619726400,1
1619727300,1
1619728200,1
1619729100,1
1619730000,1
1619730900,1
1619731800,1
1619732700,1
1619733600,1
1619734500,1
1619735400,1
1619736300,1
1619737200,1
1619738100,1
1619739000,1
1619739900,1
1619740800,1
1619741700,1
1619742600,1
1619743500,1
1619744400,1
1619745300,1
1619746200,1
1619747100,1
1619748000,1
1619748900,1
1619749800,1
1619750700,1
1619751600,1
1619752500,1
1619753400,1
1619754300,1
1619755200,1
1619756100,1
1619757000,1
1619757900,1
1619758800,1
1619759700,1
1619760600,1
1619761500,1
1619762400,1
1619763300,1
1619764200,1
1619765100,1
1619766000,1
1619766900,1
1619767800,1
1619768700,1
1619769600,1
1619770500,1
1619771400,1
1619772300,1
1619773200,1
1619774100,1
1619775000,1
1619775900,1
1619776800,1
1619777700,1
1619778600,1
1619779500,1
1619780400,1
1619781300,1
1619782200,1
1619783100,1
1619784000,1
1619784900,1
1619785800,1
1619786700,1
1619787600,1
1619788500,1
1619789400,1
1619790300,1
1619791200,1
1619792100,1
1619793000,1
1619793900,1
1619794800,1
1619795700,1
1619796600,1
1619797500,1
1619798400,1
1619799300,1
1619800200,1
1619801100,1
1619802000,1
1619802900,1
1619803800,1
1619804700,1
1619805600,1
1619806500,1
1619807400,1
1619808300,1
1619809200,1
1619810100,1
1619811000,1
1619811900,1
1619812800,1
1619813700,1
1619814600,1
1619815500,1
1619816400,1
1619817300,1
1619818200,1
1619819100,1
1619820000,1
1619820900,1
1619821800,1
1619822700,1
1619823600,1
1619824500,1
1619825400,1
1619826300,1
1619827200,1
1619828100,1
1619829000,1
1619829900,1
1619830800,1
1619831700,1
1619832600,1
1619833500,1
1619834400,1
1619835300,1
1619836200,1
1619837100,1
1619838000,1
1619838900,1
1619839800,1
1619840700,1
1619841600,1
1619842500,1
1619843400,1
1619844300,1
1619845200,1
1619846100,1
1619847000,1
1619847900,1
1619848800,1
1619849700,1
1619850600,1
1619851500,1
1619852400,1
1619853300,1
1619854200,1
1619855100,1
1619856000,1
1619856900,1
1619857800,1
1619858700,1
1619859600,1
1619860500,1
1619861400,1
1619862300,1
1619863200,1
1619864100,1
1619865000,1
1619865900,1
1619866800,1
1619867700,1
1619868600,1
1619869500,1
1619870400,1
1619871300,1
1619872200,1
1619873100,1
1619874000,1
1619874900,1
1619875800,1
1619876700,1
1619877600,1
1619878500,1
1619879400,1
1619880300,1
1619881200,1
1619882100,1
1619883000,1
1619883900,1
1619884800,1
1619885700,1
1619886600,1
1619887500,1
1619888400,1
1619889300,1
1619890200,1
1619891100,1
1619892000,1
1619892900,1
1619893800,1
1619894700,1
1619895600,1
1619896500,1
1619897400,1
1619898300,1
1619899200,1
1619900100,1
1619901000,1
1619901900,1
1619902800,1
1619903700,1
1619904600,1
1619905500,1
1619906400,1
1619907300,1
1619908200,1
1619909100,1
1619910000,1
1619910900,1
1619911800,1
1619912700,1
1619913600,1
1619914500,1
1619915400,1
1619916300,1
1619917200,1
1619918100,1
1619919000,1
1619919900,1
1619920800,1
1619921700,1
1619922600,1
1619923500,1
1619924400,1
1619925300,1
1619926200,1
1619927100,1
1619928000,1
1619928900,1
1619929800,1
1619930700,1
1619931600,1
1619932500,1
1619933400,1
1619934300,1
1619935200,1
1619936100,1
1619937000,1
1619937900,1
1619938800,1
1619939700,1
1619940600,1
1619941500,1
1619942400,1
1619943300,1
1619944200,1
1619945100,1
1619946000,1
1619946900,1
1619947800,1
1619948700,1
1619949600,1
1619950500,1
1619951400,1
1619952300,1
1619953200,1
1619954100,1
1619955000,1
1619955900,1
1619956800,1
1619957700,1
1619958600,1
1619959500,1
1619960400,1
1619961300,1
1619962200,1
1619963100,1
1619964000,1
1619964900,1
1619965800,1
1619966700,1
1619967600,1
1619968500,1
1619969400,1
1619970300,1
1619971200,1
1619972100,1
1619973000,1
1619973900,1
1619974800,1
1619975700,1
1619976600,1
1619977500,1
1619978400,1
1619979300,1
1619980200,1
1619981100,1
1619982000,1
1619982900,1
1619983800,1
1619984700,1
1619985600,1
1619986500,1
1619987400,1
1619988300,1
1619989200,1
1619990100,1
1619991000,1
1619991900,1
1619992800,1
1619993700,1
1619994600,1
1619995500,1
1619996400,1
1619997300,1
1619998200,1
1619999100,1
1620000000,1
1620000900,1
1620001800,1
1620002700,1
1620003600,1
1620004500,1
1620005400,1
1620006300,1
1620007200,1
1620008100,1
1620009000,1
1620009900,1
1620010800,1
1620011700,1
1620012600,1
1620013500,1
1620014400,1
1620015300,1
1620016200,1
1620017100,1
1620018000,1
1620018900,1
1620019800,1
1620020700,1
1620021600,1
1620022500,1
1620023400,1
1620024300,1
1620025200,1
1620026100,1
1620027000,1
1620027900,1
1620028800,1
1620029700,1
1620030600,1
1620031500,1
1620032400,1
1620033300,1
1620034200,1
1620035100,1
1620036000,1
1620036900,1
1620037800,1
1620038700,1
1620039600,1
1620040500,1
1620041400,1
1620042300,1
1620043200,1
1620044100,1
1620045000,1
1620045900,1
1620046800,1
1620047700,1
1620048600,1
1620049500,1
1620050400,1
1620051300,1
1620052200,1
1620053100,1
1620054000,1
1620054900,1
1620055800,1
1620056700,1
1620057600,1
1620058500,1
1620059400,1
1620060300,1
1620061200,1
1620062100,1
1620063000,1
1620063900,1
1620064800,1
1620065700,1
1620066600,1
1620067500,1
1620068400,1
1620069300,1
1620070200,1
1620071100,1
1620072000,1
1620072900,1
1620073800,1
1620074700,1
1620075600,1
1620076500,1
1620077400,1
1620078300,1
1620079200,1
1620080100,1
1620081000,1
1620081900,1
1620082800,1
1620083700,1
1620084600,1
1620085500,1
1620086400,1
1620087300,1
1620088200,1
1620089100,1
1620090000,1
1620090900,1
1620091800,1
1620092700,1
1620093600,1
1620094500,1
1620095400,1
1620096300,1
1620097200,1
1620098100,1
1620099000,1
1620099900,1
1620100800,1
1620101700,1
1620102600,1
1620103500,1
1620104400,1
1620105300,1
1620106200,1
1620107100,1
1620108000,1
1620108900,1
1620109800,1
1620110700,1
1620111600,1
1620112500,1
1620113400,1
1620114300,1
1620115200,1
1620116100,1
1620117000,1
1620117900,1
1620118800,1
1620119700,1
1620120600,1
1620121500,1
1620122400,1
1620123300,1
1620124200,1
1620125100,1
1620126000,1
1620126900,1
1620127800,1
1620128700,1
1620129600,1
1620130500,1
1620131400,1
1620132300,1
1620133200,1
1620134100,1
1620135000,1
1620135900,1
1620136800,1
1620137700,1
1620138600,1
1620139500,1
1620140400,1
1620141300,1
1620142200,1
1620143100,1
1620144000,1
1620144900,1
1620145800,1
1620146700,1
1620147600,1
1620148500,1
1620149400,1
1620150300,1
1620151200,1
1620152100,1
1620153000,1
1620153900,1
1620154800,1
1620155700,1
1620156600,1
1620157500,1
1620158400,1
1620159300,1
1620160200,1
1620161100,1
1620162000,1
1620162900,1
1620163800,1
1620164700,1
1620165600,1
1620166500,1
1620167400,1
1620168300,1
1620169200,1
1620170100,1
1620171000,1
1620171900,1
1620172800,1
1620173700,1
1620174600,1
1620175500,1
1620176400,1
1620177300,1
1620178200,1
1620179100,1
1620180000,1
1620180900,1
1620181800,1
1620182700,1
1620183600,1
1620184500,1
1620185400,1
1620186300,1
1620187200,1
1620188100,1
1620189000,1
1620189900,1
1620190800,1
1620191700,1
1620192600,1
1620193500,1
1620194400,1
1620195300,1
1620196200,1
1620197100,1
1620198000,1
1620198900,1
1620199800,1
1620200700,1
1620201600,1
1620202500,1
1620203400,1
1620204300,1
1620205200,1
1620206100,1
1620207000,1
1620207900,1
1620208800,1
1620209700,1
1620210600,1
1620211500,1
1620212400,1
1620213300,1
1620214200,1
1620215100,1
1620216000,1
1620216900,1
1620217800,1
1620218700,1
1620219600,1
1620220500,1
1620221400,1
1620222300,1
1620223200,1
1620224100,1
1620225000,1
1620225900,1
1620226800,1
1620227700,1
1620228600,1
1620229500,1
1620230400,1
1620231300,1
1620232200,1
1620233100,1
1620234000,1
1620234900,1
1620235800,1
1620236700,1
1620237600,1
1620238500,1
1620239400,1
1620240300,1
1620241200,1
1620242100,1
1620243000,1
1620243900,1
1620244800,1
1620245700,1
1620246600,1
1620247500,1
1620248400,1
1620249300,1
1620250200,1
1620251100,1
1620252000,1
1620252900,1
1620253800,1
1620254700,1
1620255600,1
1620256500,1
1620257400,1
1620258300,1
1620259200,1
1620260100,1
1620261000,1
1620261900,1
1620262800,1
1620263700,1
1620264600,1
1620265500,1
1620266400,1
1620267300,1
1620268200,1
1620269100,1
1620270000,1
1620270900,1
1620271800,1
1620272700,1
1620273600,1
1620274500,1
1620275400,1
1620276300,1
1620277200,1
1620278100,1
1620279000,1
1620279900,1
1620280800,1
1620281700,1
1620282600,1
1620283500,1
1620284400,1
1620285300,1
1620286200,1
1620287100,1
1620288000,1
1620288900,1
1620289800,1
1620290700,1
1620291600,1
1620292500,1
1620293400,1
1620294300,1
1620295200,1
1620296100,1
1620297000,1
1620297900,1
1620298800,1
1620299700,1
1620300600,1
1620301500,1
1620302400,1
1620303300,1
1620304200,1
1620305100,1
1620306000,1
1620306900,1
1620307800,1
1620308700,1
1620309600,1
1620310500,1
1620311400,1
1620312300,1
1620313200,1
1620314100,1
1620315000,1
1620315900,1
1620316800,1
1620317700,1
1620318600,1
1620319500,1
1620320400,1
1620321300,1
1620322200,1
1620323100,1
1620324000,1
1620324900,1
1620325800,1
1620326700,1
1620327600,1
1620328500,1
1620329400,1
1620330300,1
1620331200,1
1620332100,1
1620333000,1
1620333900,1
1620334800,1
1620335700,1
1620336600,1
1620337500,1
1620338400,1
1620339300,1
1620340200,1
1620341100,1
1620342000,1
1620342900,1
1620343800,1
1620344700,1
1620345600,1
1620346500,1
1620347400,1
1620348300,1
1620349200,1
1620350100,1
1620351000,1
1620351900,1
1620352800,1
1620353700,1
1620354600,1
1620355500,1
1620356400,1
1620357300,1
1620358200,1
1620359100,1
1620360000,1
1620360900,1
1620361800,1
1620362700,1
1620363600,1
1620364500,1
1620365400,1
1620366300,1
1620367200,1
1620368100,1
1620369000,1
1620369900,1
1620370800,1
1620371700,1
1620372600,1
1620373500,1
1620374400,1
1620375300,1
1620376200,1
1620377100,1
1620378000,1
1620378900,1
1620379800,1
1620380700,1
1620381600,1
1620382500,1
1620383400,1
1620384300,1
1620385200,1
1620386100,1
1620387000,1
1620387900,1
1620388800,1
1620389700,1
1620390600,1
1620391500,1
1620392400,1
1620393300,1
1620394200,1
1620395100,1
1620396000,1
1620396900,1
1620397800,1
1620398700,1
1620399600,1
1620400500,1
1620401400,1
1620402300,1
1620403200,1
1620404100,1
1620405000,1
1620405900,1
1620406800,1
1620407700,1
1620408600,1
1620409500,1
1620410400,1
1620411300,1
1620412200,1
1620413100,1
1620414000,1
1620414900,1
1620415800,1
1620416700,1
1620417600,1
1620418500,1
1620419400,1
1620420300,1
1620421200,1
1620422100,1
1620423000,1
1620423900,1
1620424800,1
1620425700,1
1620426600,1
1620427500,1
1620428400,1
1620429300,1
1620430200,1
1620431100,1
1620432000,1
1620432900,1
1620433800,1
1620434700,1
1620435600,1
1620436500,1
1620437400,1
1620438300,1
1620439200,1
1620440100,1
1620441000,1
1620441900,1
1620442800,1
1620443700,1
1620444600,1
1620445500,1
1620446400,1
1620447300,1
1620448200,1
1620449100,1
1620450000,1
1620450900,1
1620451800,1
1620452700,1
1620453600,1
1620454500,1
1620455400,1
1620456300,1
1620457200,1
1620458100,1
1620459000,1
1620459900,1
1620460800,1
1620461700,1
1620462600,1
1620463500,1
1620464400,1
1620465300,1
1620466200,1
1620467100,1
1620468000,1
1620468900,1
1620469800,1
1620470700,1
1620471600,1
1620472500,1
1620473400,1
1620474300,1
1620475200,1
1620476100,1
1620477000,1
1620477900,1
1620478800,1
1620479700,1
1620480600,1
1620481500,1
1620482400,1
1620483300,1
1620484200,1
1620485100,1
1620486000,1
1620486900,1
1620487800,1
1620488700,1
1620489600,1
1620490500,1
1620491400,1
1620492300,1
1620493200,1
1620494100,1
1620495000,1
1620495900,1
1620496800,1
1620497700,1
1620498600,1
1620499500,1
1620500400,1
1620501300,1
1620502200,1
1620503100,1
1620504000,1
1620504900,1
1620505800,1
1620506700,1
1620507600,1
1620508500,1
1620509400,1
1620510300,1
1620511200,1
1620512100,1
1620513000,1
1620513900,1
1620514800,1
1620515700,1
1620516600,1
1620517500,1
1620518400,1
1620519300,1
1620520200,1
1620521100,1
1620522000,1
1620522900,1
1620523800,1
1620524700,1
1620525600,1
1620526500,1
1620527400,1
1620528300,1
1620529200,1
1620530100,1
1620531000,1
1620531900,1
1620532800,1
1620533700,1
1620534600,1
1620535500,1
1620536400,1
1620537300,1
1620538200,1
1620539100,1
1620540000,1
1620540900,1
1620541800,1
1620542700,1
1620543600,1
1620544500,1
1620545400,1
1620546300,1
1620547200,1
1620548100,1
1620549000,1
1620549900,1
1620550800,1
1620551700,1
1620552600,1
1620553500,1
1620554400,1
1620555300,1
1620556200,1
1620557100,1
1620558000,1
1620558900,1
1620559800,1
1620560700,1
1620561600,1
1620562500,1
1620563400,1
1620564300,1
1620565200,1
1620566100,1
1620567000,1
1620567900,1
1620568800,1
1620569700,1
1620570600,1
1620571500,1
1620572400,1
1620573300,1
1620574200,1
1620575100,1
1620576000,1
1620576900,1
1620577800,1
1620578700,1
1620579600,1
1620580500,1
1620581400,1
1620582300,1
1620583200,1
1620584100,1
1620585000,1
1620585900,1
1620586800,1
1620587700,1
1620588600,1
1620589500,1
1620590400,1
1620591300,1
1620592200,1
1620593100,1
1620594000,1
1620594900,1
1620595800,1
1620596700,1
1620597600,1
1620598500,1
1620599400,1
1620600300,1
1620601200,1
1620602100,1
1620603000,1
1620603900,1
1620604800,1
1620605700,1
1620606600,1
1620607500,1
1620608400,1
1620609300,1
1620610200,1
1620611100,1
1620612000,1
1620612900,1
1620613800,1
1620614700,1
1620615600,1
1620616500,1
1620617400,1
1620618300,1
1620619200,1
1620620100,1
1620621000,1
1620621900,1
1620622800,1
1620623700,1
1620624600,1
1620625500,1
1620626400,1
1620627300,1
1620628200,1
1620629100,1
1620630000,1
1620630900,1
1620631800,1
1620632700,1
1620633600,1
1620634500,1
1620635400,1
1620636300,1
1620637200,1
1620638100,1
1620639000,1
1620639900,1
1620640800,1
1620641700,1
1620642600,1
1620643500,1
1620644400,1
1620645300,1
1620646200,1
1620647100,1
1620648000,1
1620648900,1
1620649800,1
1620650700,1
1620651600,1
1620652500,1
1620653400,1
1620654300,1
1620655200,1
1620656100,1
1620657000,1
1620657900,1
1620658800,1
1620659700,1
1620660600,1
1620661500,1
1620662400,1
1620663300,1
1620664200,1
1620665100,1
1620666000,1
1620666900,1
1620667800,1
1620668700,1
1620669600,1
1620670500,1
1620671400,1
1620672300,1
1620673200,1
1620674100,1
1620675000,1
1620675900,1
1620676800,1
1620677700,1
1620678600,1
1620679500,1
1620680400,1
1620681300,1
1620682200,1
1620683100,1
1620684000,1
1620684900,1
1620685800,1
1620686700,1
1620687600,1
1620688500,1
1620689400,1
1620690300,1
1620691200,1
1620692100,1
1620693000,1
1620693900,1
1620694800,1
1620695700,1
1620696600,1
1620697500,1
1620698400,1
1620699300,1
1620700200,1
1620701100,1
1620702000,1
1620702900,1
1620703800,1
1620704700,1
1620705600,1
1620706500,1
1620707400,1
1620708300,1
1620709200,1
1620710100,1
1620711000,1
1620711900,1
1620712800,1
1620713700,1
1620714600,1
1620715500,1
1620716400,1
1620717300,1
1620718200,1
1620719100,1
1620720000,1
1620720900,1
1620721800,1
1620722700,1
1620723600,1
1620724500,1
1620725400,1
1620726300,1
1620727200,1
1620728100,1
1620729000,1
1620729900,1
1620730800,1
1620731700,1
1620732600,1
1620733500,1
1620734400,1
1620735300,1
1620736200,1
1620737100,1
1620738000,1
1620738900,1
1620739800,1
1620740700,1
1620741600,1
1620742500,1
1620743400,1
1620744300,1
1620745200,1
1620746100,1
1620747000,1
1620747900,1
1620748800,1
1620749700,1
1620750600,1
1620751500,1
1620752400,1
1620753300,1
1620754200,1
1620755100,1
1620756000,1
1620756900,1
1620757800,1
1620758700,1
1620759600,1
1620760500,1
1620761400,1
1620762300,1
1620763200,1
1620764100,1
1620765000,1
1620765900,1
1620766800,1
1620767700,1
1620768600,1
1620769500,1
1620770400,1
1620771300,1
1620772200,1
1620773100,1
1620774000,1
1620774900,1
1620775800,1
1620776700,1
1620777600,1
1620778500,1
1620779400,1
1620780300,1
1620781200,1
1620782100,1
1620783000,1
1620783900,1
1620784800,1
1620785700,1
1620786600,1
1620787500,1
1620788400,1
1620789300,1
1620790200,1
1620791100,1
1620792000,1
1620792900,1
1620793800,1
1620794700,1
1620795600,1
1620796500,1
1620797400,1
1620798300,1
1620799200,1
1620800100,1
1620801000,1
1620801900,1
1620802800,1
1620803700,1
1620804600,1
1620805500,1
1620806400,1
1620807300,1
1620808200,1
1620809100,1
1620810000,1
1620810900,1
1620811800,1
1620812700,1
1620813600,1
1620814500,1
1620815400,1
1620816300,1
1620817200,1
1620818100,1
1620819000,1
1620819900,1
1620820800,1
1620821700,1
1620822600,1
1620823500,1
1620824400,1
1620825300,1
1620826200,1
1620827100,1
1620828000,1
1620828900,1
1620829800,1
1620830700,1
1620831600,1
1620832500,1
1620833400,1
1620834300,1
1620835200,1
1620836100,1
1620837000,1
1620837900,1
1620838800,1
1620839700,1
1620840600,1
1620841500,1
1620842400,1
1620843300,1
1620844200,1
1620845100,1
1620846000,1
1620846900,1
1620847800,1
1620848700,1
1620849600,1
1620850500,1
1620851400,1
1620852300,1
1620853200,1
1620854100,1
1620855000,1
1620855900,1
1620856800,1
1620857700,1
1620858600,1
1620859500,1
1620860400,1
1620861300,1
1620862200,1
1620863100,1
1620864000,1
1620864900,1
1620865800,1
1620866700,1
1620867600,1
1620868500,1
1620869400,1
1620870300,1
1620871200,1
1620872100,1
1620873000,1
1620873900,1
1620874800,1
1620875700,1
1620876600,1
1620877500,1
1620878400,1
1620879300,1
1620880200,1
1620881100,1
1620882000,1
1620882900,1
1620883800,1
1620884700,1
1620885600,1
1620886500,1
1620887400,1
1620888300,1
1620889200,1
1620890100,1
1620891000,1
1620891900,1
1620892800,1
1620893700,1
1620894600,1
1620895500,1
1620896400,1
1620897300,1
1620898200,1
1620899100,1
1620900000,1
1620900900,1
1620901800,1
1620902700,1
1620903600,1
1620904500,1
1620905400,1
1620906300,1
1620907200,1
1620908100,1
1620909000,1
1620909900,1
1620910800,1
1620911700,1
1620912600,1
1620913500,1
1620914400,1
1620915300,1
1620916200,1
1620917100,1
1620918000,1
1620918900,1
1620919800,1
1620920700,1
1620921600,1
1620922500,1
1620923400,1
1620924300,1
1620925200,1
1620926100,1
1620927000,1
1620927900,1
1620928800,1
1620929700,1
1620930600,1
1620931500,1
1620932400,1
1620933300,1
1620934200,1
1620935100,1
1620936000,1
1620936900,1
1620937800,1
1620938700,1
1620939600,1
1620940500,1
1620941400,1
1620942300,1
1620943200,1
1620944100,1
1620945000,1
1620945900,1
1620946800,1
1620947700,1
1620948600,1
1620949500,1
1620950400,1
1620951300,1
1620952200,1
1620953100,1
1620954000,1
1620954900,1
1620955800,1
1620956700,1
1620957600,1
1620958500,1
1620959400,1
1620960300,1
1620961200,1
1620962100,1
1620963000,1
1620963900,1
1620964800,1
1620965700,1
1620966600,1
1620967500,1
1620968400,1
1620969300,1
1620970200,1
1620971100,1
1620972000,1
1620972900,1
1620973800,1
1620974700,1
1620975600,1
1620976500,1
1620977400,1
1620978300,1
1620979200,1
1620980100,1
1620981000,1
1620981900,1
1620982800,1
1620983700,1
1620984600,1
1620985500,1
1620986400,1
1620987300,1
1620988200,1
1620989100,1
1620990000,1
1620990900,1
1620991800,1
1620992700,1
1620993600,1
1620994500,1
1620995400,1
1620996300,1
1620997200,1
1620998100,1
1620999000,1
1620999900,1
1621000800,1
1621001700,1
1621002600,1
1621003500,1
1621004400,1
1621005300,1
1621006200,1
1621007100,1
1621008000,1
1621008900,1
1621009800,1
1621010700,1
1621011600,1
1621012500,1
1621013400,1
1621014300,1
1621015200,1
1621016100,1
1621017000,1
1621017900,1
1621018800,1
1621019700,1
1621020600,1
1621021500,1
1621022400,1
1621023300,1
1621024200,1
1621025100,1
1621026000,1
1621026900,1
1621027800,1
1621028700,1
1621029600,1
1621030500,1
1621031400,1
1621032300,1
1621033200,1
1621034100,1
1621035000,1
1621035900,1
1621036800,1
1621037700,1
1621038600,1
1621039500,1
1621040400,1
1621041300,1
1621042200,1
1621043100,1
1621044000,1
1621044900,1
1621045800,1
1621046700,1
1621047600,1
1621048500,1
1621049400,1
1621050300,1
1621051200,1
1621052100,1
1621053000,1
1621053900,1
1621054800,1
1621055700,1
1621056600,1
1621057500,1
1621058400,1
1621059300,1
1621060200,1
1621061100,1
1621062000,1
1621062900,1
1621063800,1
1621064700,1
1621065600,1
1621066500,1
1621067400,1
1621068300,1
1621069200,1
1621070100,1
1621071000,1
1621071900,1
1621072800,1
1621073700,1
1621074600,1
1621075500,1
1621076400,1
1621077300,1
1621078200,1
1621079100,1
1621080000,1
1621080900,1
1621081800,1
1621082700,1
1621083600,1
1621084500,1
1621085400,1
1621086300,1
1621087200,1
1621088100,1
1621089000,1
1621089900,1
1621090800,1
1621091700,1
1621092600,1
1621093500,1
1621094400,1
1621095300,1
1621096200,1
1621097100,1
1621098000,1
1621098900,1
1621099800,1
1621100700,1
1621101600,1
1621102500,1
1621103400,1
1621104300,1
1621105200,1
1621106100,1
1621107000,1
1621107900,1
1621108800,1
1621109700,1
1621110600,1
1621111500,1
1621112400,1
1621113300,1
1621114200,1
1621115100,1
1621116000,1
1621116900,1
1621117800,1
1621118700,1
1621119600,1
1621120500,1
1621121400,1
1621122300,1
1621123200,1
1621124100,1
1621125000,1
1621125900,1
1621126800,1
1621127700,1
1621128600,1
1621129500,1
1621130400,1
1621131300,1
1621132200,1
1621133100,1
1621134000,1
1621134900,1
1621135800,1
1621136700,1
1621137600,1
1621138500,1
1621139400,1
1621140300,1
1621141200,1
1621142100,1
1621143000,1
1621143900,1
1621144800,1
1621145700,1
1621146600,1
1621147500,1
1621148400,1
1621149300,1
1621150200,1
1621151100,1
1621152000,1
1621152900,1
1621153800,1
1621154700,1
1621155600,1
1621156500,1
1621157400,1
1621158300,1
1621159200,1
1621160100,1
1621161000,1
1621161900,1
1621162800,1
1621163700,1
1621164600,1
1621165500,1
1621166400,1
1621167300,1
1621168200,1
1621169100,1
1621170000,1
1621170900,1
1621171800,1
1621172700,1
1621173600,1
1621174500,1
1621175400,1
1621176300,1
1621177200,1
1621178100,1
1621179000,1
1621179900,1
1621180800,1
1621181700,1
1621182600,1
1621183500,1
1621184400,1
1621185300,1
1621186200,1
1621187100,1
1621188000,1
1621188900,1
1621189800,1
1621190700,1
1621191600,1
1621192500,1
1621193400,1
1621194300,1
1621195200,1
1621196100,1
1621197000,1
1621197900,1
1621198800,1
1621199700,1
1621200600,1
1621201500,1
1621202400,1
1621203300,1
1621204200,1
1621205100,1
1621206000,1
1621206900,1
1621207800,1
1621208700,1
1621209600,1
1621210500,1
1621211400,1
1621212300,1
1621213200,1
1621214100,1
1621215000,1
1621215900,1
1621216800,1
1621217700,1
1621218600,1
1621219500,1
1621220400,1
1621221300,1
1621222200,1
1621223100,1
1621224000,1
1621224900,1
1621225800,1
1621226700,1
1621227600,1
1621228500,1
1621229400,1
1621230300,1
1621231200,1
1621232100,1
1621233000,1
1621233900,1
1621234800,1
1621235700,1
1621236600,1
1621237500,1
1621238400,1
1621239300,1
1621240200,1
1621241100,1
1621242000,1
1621242900,1
1621243800,1
1621244700,1
1621245600,1
1621246500,1
1621247400,1
1621248300,1
1621249200,1
1621250100,1
1621251000,1
1621251900,1
1621252800,1
1621253700,1
1621254600,1
1621255500,1
1621256400,1
1621257300,1
1621258200,1
1621259100,1
1621260000,1
1621260900,1
1621261800,1
1621262700,1
1621263600,1
1621264500,1
1621265400,1
1621266300,1
1621267200,1
1621268100,1
1621269000,1
1621269900,1
1621270800,1
1621271700,1
1621272600,1
1621273500,1
1621274400,1
1621275300,1
1621276200,1
1621277100,1
1621278000,1
1621278900,1
1621279800,1
1621280700,1
1621281600,1
1621282500,1
1621283400,1
1621284300,1
1621285200,1
1621286100,1
1621287000,1
1621287900,1
1621288800,1
1621289700,1
1621290600,1
1621291500,1
1621292400,1
1621293300,1
1621294200,1
1621295100,1
1621296000,1
1621296900,1
1621297800,1
1621298700,1
1621299600,1
1621300500,1
1621301400,1
1621302300,1
1621303200,1
1621304100,1
1621305000,1
1621305900,1
1621306800,1
1621307700,1
1621308600,1
1621309500,1
1621310400,1
1621311300,1
1621312200,1
1621313100,1
1621314000,1
1621314900,1
1621315800,1
1621316700,1
1621317600,1
1621318500,1
1621319400,1
1621320300,1
1621321200,1
1621322100,1
1621323000,1
1621323900,1
1621324800,1
1621325700,1
1621326600,1
1621327500,1
1621328400,1
1621329300,1
1621330200,1
1621331100,1
1621332000,1
1621332900,1
1621333800,1
1621334700,1
1621335600,1
1621336500,1
1621337400,1
1621338300,1
1621339200,1
1621340100,1
1621341000,1
1621341900,1
1621342800,1
1621343700,1
1621344600,1
1621345500,1
1621346400,1
1621347300,1
1621348200,1
1621349100,1
1621350000,1
1621350900,1
1621351800,1
1621352700,1
1621353600,1
1621354500,1
1621355400,1
1621356300,1
1621357200,1
1621358100,1
1621359000,1
1621359900,1
1621360800,1
1621361700,1
1621362600,1
1621363500,1
1621364400,1
1621365300,1
1621366200,1
1621367100,1
1621368000,1
1621368900,1
1621369800,1
1621370700,1
1621371600,1
1621372500,1
1621373400,1
1621374300,1
1621375200,1
1621376100,1
1621377000,1
1621377900,1
1621378800,1
1621379700,1
1621380600,1
1621381500,1
1621382400,1
1621383300,1
1621384200,1
1621385100,1
1621386000,1
1621386900,1
1621387800,1
1621388700,1
1621389600,1
1621390500,1
1621391400,1
1621392300,1
1621393200,1
1621394100,1
1621395000,1
1621395900,1
1621396800,1
1621397700,1
1621398600,1
1621399500,1
1621400400,1
1621401300,1
1621402200,1
1621403100,1
1621404000,1
1621404900,1
1621405800,1
1621406700,1
1621407600,1
1621408500,1
1621409400,1
1621410300,1
1621411200,1
1621412100,1
1621413000,1
1621413900,1
1621414800,1
1621415700,1
1621416600,1
1621417500,1
1621418400,1
1621419300,1
1621420200,1
1621421100,1
1621422000,1
1621422900,1
1621423800,1
1621424700,1
1621425600,1
1621426500,1
1621427400,1
1621428300,1
1621429200,1
1621430100,1
1621431000,1
1621431900,1
1621432800,1
1621433700,1
1621434600,1
1621435500,1
1621436400,1
1621437300,1
1621438200,1
1621439100,1
1621440000,1
1621440900,1
1621441800,1
1621442700,1
1621443600,1
1621444500,1
1621445400,1
1621446300,1
1621447200,1
1621448100,1
1621449000,1
1621449900,1
1621450800,1
1621451700,1
1621452600,1
1621453500,1
1621454400,1
1621455300,1
1621456200,1
1621457100,1
1621458000,1
1621458900,1
1621459800,1
1621460700,1
1621461600,1
1621462500,1
1621463400,1
1621464300,1
1621465200,1
1621466100,1
1621467000,1
1621467900,1
1621468800,1
1621469700,1
1621470600,1
1621471500,1
1621472400,1
1621473300,1
1621474200,1
1621475100,1
1621476000,1
1621476900,1
1621477800,1
1621478700,1
1621479600,1
1621480500,1
1621481400,1
1621482300,1
1621483200,1
1621484100,1
1621485000,1
1621485900,1
1621486800,1
1621487700,1
1621488600,1
1621489500,1
1621490400,1
1621491300,1
1621492200,1
1621493100,1
1621494000,1
1621494900,1
1621495800,1
1621496700,1
1621497600,1
1621498500,1
1621499400,1
1621500300,1
1621501200,1
1621502100,1
1621503000,1
1621503900,1
1621504800,1
1621505700,1
1621506600,1
1621507500,1
1621508400,1
1621509300,1
1621510200,1
1621511100,1
1621512000,1
1621512900,1
1621513800,1
1621514700,1
1621515600,1
1621516500,1
1621517400,1
1621518300,1
1621519200,1
1621520100,1
1621521000,1
1621521900,1
1621522800,1
1621523700,1
1621524600,1
1621525500,1
1621526400,1
1621527300,1
1621528200,1
1621529100,1
1621530000,1
1621530900,1
1621531800,1
1621532700,1
1621533600,1
1621534500,1
1621535400,1
1621536300,1
1621537200,1
1621538100,1
1621539000,1
1621539900,1
1621540800,1
1621541700,1
1621542600,1
1621543500,1
1621544400,1
1621545300,1
1621546200,1
1621547100,1
1621548000,1
1621548900,1
1621549800,1
1621550700,1
1621551600,1
1621552500,1
1621553400,1
1621554300,1
1621555200,1
1621556100,1
1621557000,1
1621557900,1
1621558800,1
1621559700,1
1621560600,1
1621561500,1
1621562400,1
1621563300,1
1621564200,1
1621565100,1
1621566000,1
1621566900,1
1621567800,1
1621568700,1
1621569600,1
1621570500,1
1621571400,1
1621572300,1
1621573200,1
1621574100,1
1621575000,1
1621575900,1
1621576800,1
1621577700,1
1621578600,1
1621579500,1
1621580400,1
1621581300,1
1621582200,1
1621583100,1
1621584000,1
1621584900,1
1621585800,1
1621586700,1
1621587600,1
1621588500,1
1621589400,1
1621590300,1
1621591200,1
1621592100,1
1621593000,1
1621593900,1
1621594800,1
1621595700,1
1621596600,1
1621597500,1
1621598400,1
1621599300,1
1621600200,1
1621601100,1
1621602000,1
1621602900,1
1621603800,1
1621604700,1
1621605600,1
1621606500,1
1621607400,1
1621608300,1
1621609200,1
1621610100,1
1621611000,1
1621611900,1
1621612800,1
1621613700,1
1621614600,1
1621615500,1
1621616400,1
1621617300,1
1621618200,1
1621619100,1
1621620000,1
1621620900,1
1621621800,1
1621622700,1
1621623600,1
1621624500,1
1621625400,1
1621626300,1
1621627200,1
1621628100,1
1621629000,1
1621629900,1
1621630800,1
1621631700,1
1621632600,1
1621633500,1
1621634400,1
1621635300,1
1621636200,1
1621637100,1
1621638000,1
1621638900,1
1621639800,1
1621640700,1
1621641600,1
1621642500,1
1621643400,1
1621644300,1
1621645200,1
1621646100,1
1621647000,1
1621647900,1
1621648800,1
1621649700,1
1621650600,1
1621651500,1
1621652400,1
1621653300,1
1621654200,1
1621655100,1
1621656000,1
1621656900,1
1621657800,1
1621658700,1
1621659600,1
1621660500,1
1621661400,1
1621662300,1
1621663200,1
1621664100,1
1621665000,1
1621665900,1
1621666800,1
1621667700,1
1621668600,1
1621669500,1
1621670400,1
1621671300,1
1621672200,1
1621673100,1
1621674000,1
1621674900,1
1621675800,1
1621676700,1
1621677600,1
1621678500,1
1621679400,1
1621680300,1
1621681200,1
1621682100,1
1621683000,1
1621683900,1
1621684800,1
1621685700,1
1621686600,1
1621687500,1
1621688400,1
1621689300,1
1621690200,1
1621691100,1
1621692000,1
1621692900,1
1621693800,1
1621694700,1
1621695600,1
1621696500,1
1621697400,1
1621698300,1
1621699200,1
1621700100,1
1621701000,1
1621701900,1
1621702800,1
1621703700,1
1621704600,1
1621705500,1
1621706400,1
1621707300,1
1621708200,1
1621709100,1
1621710000,1
1621710900,1
1621711800,1
1621712700,1
1621713600,1
1621714500,1
1621715400,1
1621716300,1
1621717200,1
1621718100,1
1621719000,1
1621719900,1
1621720800,1
1621721700,1
1621722600,1
1621723500,1
1621724400,1
1621725300,1
1621726200,1
1621727100,1
1621728000,1
1621728900,1
1621729800,1
1621730700,1
1621731600,1
1621732500,1
1621733400,1
1621734300,1
1621735200,1
1621736100,1
1621737000,1
1621737900,1
1621738800,1
1621739700,1
1621740600,1
1621741500,1
1621742400,1
1621743300,1
1621744200,1
1621745100,1
1621746000,1
1621746900,1
1621747800,1
1621748700,1
1621749600,1
1621750500,1
1621751400,1
1621752300,1
1621753200,1
1621754100,1
1621755000,1
1621755900,1
1621756800,1
1621757700,1
1621758600,1
1621759500,1
1621760400,1
1621761300,1
1621762200,1
1621763100,1
1621764000,1
1621764900,1
1621765800,1
1621766700,1
1621767600,1
1621768500,1
1621769400,1
1621770300,1
1621771200,1
1621772100,1
1621773000,1
1621773900,1
1621774800,1
1621775700,1
1621776600,1
1621777500,1
1621778400,1
1621779300,1
1621780200,1
1621781100,1
1621782000,1
1621782900,1
1621783800,1
1621784700,1
1621785600,1
1621786500,1
1621787400,1
1621788300,1
1621789200,1
1621790100,1
1621791000,1
1621791900,1
1621792800,1
1621793700,1
1621794600,1
1621795500,1
1621796400,1
1621797300,1
1621798200,1
1621799100,1
1621800000,1
1621800900,1
1621801800,1
1621802700,1
1621803600,1
1621804500,1
1621805400,1
1621806300,1
1621807200,1
1621808100,1
1621809000,1
1621809900,1
1621810800,1
1621811700,1
1621812600,1
1621813500,1
1621814400,1
1621815300,1
1621816200,1
1621817100,1
1621818000,1
1621818900,1
1621819800,1
1621820700,1
1621821600,1
1621822500,1
1621823400,1
1621824300,1
1621825200,1
1621826100,1
1621827000,1
1621827900,1
1621828800,1
1621829700,1
1621830600,1
1621831500,1
1621832400,1
1621833300,1
1621834200,1
1621835100,1
1621836000,1
1621836900,1
1621837800,1
1621838700,1
1621839600,1
1621840500,1
1621841400,1
1621842300,1
1621843200,1
1621844100,1
1621845000,1
1621845900,1
1621846800,1
1621847700,1
1621848600,1
1621849500,1
1621850400,1
1621851300,1
1621852200,1
1621853100,1
1621854000,1
1621854900,1
1621855800,1
1621856700,1
1621857600,1
1621858500,1
1621859400,1
1621860300,1
1621861200,1
1621862100,1
1621863000,1
1621863900,1
1621864800,1
1621865700,1
1621866600,1
1621867500,1
1621868400,1
1621869300,1
1621870200,1
1621871100,1
1621872000,1
1621872900,1
1621873800,1
1621874700,1
1621875600,1
1621876500,1
1621877400,1
1621878300,1
1621879200,1
1621880100,1
1621881000,1
1621881900,1
1621882800,1
1621883700,1
1621884600,1
1621885500,1
1621886400,1
1621887300,1
1621888200,1
1621889100,1
1621890000,1
1621890900,1
1621891800,1
1621892700,1
1621893600,1
1621894500,1
1621895400,1
1621896300,1
1621897200,1
1621898100,1
1621899000,1
1621899900,1
1621900800,1
1621901700,1
1621902600,1
1621903500,1
1621904400,1
1621905300,1
1621906200,1
1621907100,1
1621908000,1
1621908900,1
1621909800,1
1621910700,1
1621911600,1
1621912500,1
1621913400,1
1621914300,1
1621915200,1
1621916100,1
1621917000,1
1621917900,1
1621918800,1
1621919700,1
1621920600,1
1621921500,1
1621922400,1
1621923300,1
1621924200,1
1621925100,1
1621926000,1
1621926900,1
1621927800,1
1621928700,1
1621929600,1
1621930500,1
1621931400,1
1621932300,1
1621933200,1
1621934100,1
1621935000,1
1621935900,1
1621936800,1
1621937700,1
1621938600,1
1621939500,1
1621940400,1
1621941300,1
1621942200,1
1621943100,1
1621944000,1
1621944900,1
1621945800,1
1621946700,1
1621947600,1
1621948500,1
1621949400,1
1621950300,1
1621951200,1
1621952100,1
1621953000,1
1621953900,1
1621954800,1
1621955700,1
1621956600,1
1621957500,1
1621958400,1
1621959300,1
1621960200,1
1621961100,1
1621962000,1
1621962900,1
1621963800,1
1621964700,1
1621965600,1
1621966500,1
1621967400,1
1621968300,1
1621969200,1
1621970100,1
1621971000,1
1621971900,1
1621972800,1
1621973700,1
1621974600,1
1621975500,1
1621976400,1
1621977300,1
1621978200,1
1621979100,1
1621980000,1
1621980900,1
1621981800,1
1621982700,1
1621983600,1
1621984500,1
1621985400,1
1621986300,1
1621987200,1
1621988100,1
1621989000,1
1621989900,1
1621990800,1
1621991700,1
1621992600,1
1621993500,1
1621994400,1
1621995300,1
1621996200,1
1621997100,1
1621998000,1
1621998900,1
1621999800,1
1622000700,1
1622001600,1
1622002500,1
1622003400,1
1622004300,1
1622005200,1
1622006100,1
1622007000,1
1622007900,1
1622008800,1
1622009700,1
1622010600,1
1622011500,1
1622012400,1
1622013300,1
1622014200,1
1622015100,1
1622016000,1
1622016900,1
1622017800,1
1622018700,1
1622019600,1
1622020500,1
1622021400,1
1622022300,1
1622023200,1
1622024100,1
1622025000,1
1622025900,1
1622026800,1
1622027700,1
1622028600,1
1622029500,1
1622030400,1
1622031300,1
1622032200,1
1622033100,1
1622034000,1
1622034900,1
1622035800,1
1622036700,1
1622037600,1
1622038500,1
1622039400,1
1622040300,1
1622041200,1
1622042100,1
1622043000,1
1622043900,1
1622044800,1
1622045700,1
1622046600,1
1622047500,1
1622048400,1
1622049300,1
1622050200,1
1622051100,1
1622052000,1
1622052900,1
1622053800,1
1622054700,1
1622055600,1
1622056500,1
1622057400,1
1622058300,1
1622059200,1
1622060100,1
1622061000,1
1622061900,1
1622062800,1
1622063700,1
1622064600,1
1622065500,1
1622066400,1
1622067300,1
1622068200,1
1622069100,1
1622070000,1
1622070900,1
1622071800,1
1622072700,1
1622073600,1
1622074500,1
1622075400,1
1622076300,1
1622077200,1
1622078100,1
1622079000,1
1622079900,1
1622080800,1
1622081700,1
1622082600,1
1622083500,1
1622084400,1
1622085300,1
1622086200,1
1622087100,1
1622088000,1
1622088900,1
1622089800,1
1622090700,1
1622091600,1
1622092500,1
1622093400,1
1622094300,1
1622095200,1
1622096100,1
1622097000,1
1622097900,1
1622098800,1
1622099700,1
1622100600,1
1622101500,1
1622102400,1
1622103300,1
1622104200,1
1622105100,1
1622106000,1
1622106900,1
1622107800,1
1622108700,1
1622109600,1
1622110500,1
1622111400,1
1622112300,1
1622113200,1
1622114100,1
1622115000,1
1622115900,1
1622116800,1
1622117700,1
1622118600,1
1622119500,1
1622120400,1
1622121300,1
1622122200,1
1622123100,1
1622124000,1
1622124900,1
1622125800,1
1622126700,1
1622127600,1
1622128500,1
1622129400,1
1622130300,1
1622131200,1
1622132100,1
1622133000,1
1622133900,1
1622134800,1
1622135700,1
1622136600,1
1622137500,1
1622138400,1
1622139300,1
1622140200,1
1622141100,1
1622142000,1
1622142900,1
1622143800,1
1622144700,1
1622145600,1
1622146500,1
1622147400,1
1622148300,1
1622149200,1
1622150100,1
1622151000,1
1622151900,1
1622152800,1
1622153700,1
1622154600,1
1622155500,1
1622156400,1
1622157300,1
1622158200,1
1622159100,1
1622160000,1
1622160900,1
1622161800,1
1622162700,1
1622163600,1
1622164500,1
1622165400,1
1622166300,1
1622167200,1
1622168100,1
1622169000,1
1622169900,1
1622170800,1
1622171700,1
1622172600,1
1622173500,1
1622174400,1
1622175300,1
1622176200,1
1622177100,1
1622178000,1
1622178900,1
1622179800,1
1622180700,1
1622181600,1
1622182500,1
1622183400,1
1622184300,1
1622185200,1
1622186100,1
1622187000,1
1622187900,1
1622188800,1
1622189700,1
1622190600,1
1622191500,1
1622192400,1
1622193300,1
1622194200,1
1622195100,1
1622196000,1
1622196900,1
1622197800,1
1622198700,1
1622199600,1
1622200500,1
1622201400,1
1622202300,1
1622203200,1
1622204100,1
1622205000,1
1622205900,1
1622206800,1
1622207700,1
1622208600,1
1622209500,1
1622210400,1
1622211300,1
1622212200,1
1622213100,1
1622214000,1
1622214900,1
1622215800,1
1622216700,1
1622217600,1
1622218500,1
1622219400,1
1622220300,1
1622221200,1
1622222100,1
1622223000,1
1622223900,1
1622224800,1
1622225700,1
1622226600,1
1622227500,1
1622228400,1
1622229300,1
1622230200,1
1622231100,1
1622232000,1
1622232900,1
1622233800,1
1622234700,1
1622235600,1
1622236500,1
1622237400,1
1622238300,1
1622239200,1
1622240100,1
1622241000,1
1622241900,1
1622242800,1
1622243700,1
1622244600,1
1622245500,1
1622246400,1
1622247300,1
1622248200,1
1622249100,1
1622250000,1
1622250900,1
1622251800,1
1622252700,1
1622253600,1
1622254500,1
1622255400,1
1622256300,1
1622257200,1
1622258100,1
1622259000,1
1622259900,1
1622260800,1
1622261700,1
1622262600,1
1622263500,1
1622264400,1
1622265300,1
1622266200,1
1622267100,1
1622268000,1
1622268900,1
1622269800,1
1622270700,1
1622271600,1
1622272500,1
1622273400,1
1622274300,1
1622275200,1
1622276100,1
1622277000,1
1622277900,1
1622278800,1
1622279700,1
1622280600,1
1622281500,1
1622282400,1
1622283300,1
1622284200,1
1622285100,1
1622286000,1
1622286900,1
1622287800,1
1622288700,1
1622289600,1
1622290500,1
1622291400,1
1622292300,1
1622293200,1
1622294100,1
1622295000,1
1622295900,1
1622296800,1
1622297700,1
1622298600,1
1622299500,1
1622300400,1
1622301300,1
1622302200,1
1622303100,1
1622304000,1
1622304900,1
1622305800,1
1622306700,1
1622307600,1
1622308500,1
1622309400,1
1622310300,1
1622311200,1
1622312100,1
1622313000,1
1622313900,1
1622314800,1
1622315700,1
1622316600,1
1622317500,1
1622318400,1
1622319300,1
1622320200,1
1622321100,1
1622322000,1
1622322900,1
1622323800,1
1622324700,1
1622325600,1
1622326500,1
1622327400,1
1622328300,1
1622329200,1
1622330100,1
1622331000,1
1622331900,1
1622332800,1
1622333700,1
1622334600,1
1622335500,1
1622336400,1
1622337300,1
1622338200,1
1622339100,1
1622340000,1
1622340900,1
1622341800,1
1622342700,1
1622343600,1
1622344500,1
1622345400,1
1622346300,1
1622347200,1
1622348100,1
1622349000,1
1622349900,1
1622350800,1
1622351700,1
1622352600,1
1622353500,1
1622354400,1
1622355300,1
1622356200,1
1622357100,1
1622358000,1
1622358900,1
1622359800,1
1622360700,1
1622361600,1
1622362500,1
1622363400,1
1622364300,1
1622365200,1
1622366100,1
1622367000,1
1622367900,1
1622368800,1
1622369700,1
1622370600,1
1622371500,1
1622372400,1
1622373300,1
1622374200,1
1622375100,1
1622376000,1
1622376900,1
1622377800,1
1622378700,1
1622379600,1
1622380500,1
1622381400,1
1622382300,1
1622383200,1
1622384100,1
1622385000,1
1622385900,1
1622386800,1
1622387700,1
1622388600,1
1622389500,1
1622390400,1
1622391300,1
1622392200,1
1622393100,1
1622394000,1
1622394900,1
1622395800,1
1622396700,1
1622397600,1
1622398500,1
1622399400,1
1622400300,1
1622401200,1
1622402100,1
1622403000,1
1622403900,1
1622404800,1
1622405700,1
1622406600,1
1622407500,1
1622408400,1
1622409300,1
1622410200,1
1622411100,1
1622412000,1
1622412900,1
1622413800,1
1622414700,1
1622415600,1
1622416500,1
1622417400,1
1622418300,1
1622419200,1
1622420100,1
1622421000,1
1622421900,1
1622422800,1
1622423700,1
1622424600,1
1622425500,1
1622426400,1
1622427300,1
1622428200,1
1622429100,1
1622430000,1
1622430900,1
1622431800,1
1622432700,1
1622433600,1
1622434500,1
1622435400,1
1622436300,1
1622437200,1
1622438100,1
1622439000,1
1622439900,1
1622440800,1
1622441700,1
1622442600,1
1622443500,1
1622444400,1
1622445300,1
1622446200,1
1622447100,1
1622448000,1
1622448900,1
1622449800,1
1622450700,1
1622451600,1
1622452500,1
1622453400,1
1622454300,1
1622455200,1
1622456100,1
1622457000,1
1622457900,1
1622458800,1
1622459700,1
1622460600,1
1622461500,1
1622462400,1
1622463300,1
1622464200,1
1622465100,1
1622466000,1
1622466900,1
1622467800,1
1622468700,1
1622469600,1
1622470500,1
1622471400,1
1622472300,1
1622473200,1
1622474100,1
1622475000,1
1622475900,1
1622476800,1
1622477700,1
1622478600,1
1622479500,1
1622480400,1
1622481300,1
1622482200,1
1622483100,1
1622484000,1
1622484900,1
1622485800,1
1622486700,1
1622487600,1
1622488500,1
1622489400,1
1622490300,1
1622491200,1
1622492100,1
1622493000,1
1622493900,1
1622494800,1
1622495700,1
1622496600,1
