timestamp,power
1588284000,168
1588284900,171
1588285800,179
1588286700,148
1588287600,178
1588288500,152
1588289400,178
1588290300,172
1588291200,163
1588292100,156
1588293000,172
1588293900,169
1588294800,159
1588295700,185
1588296600,149
1588297500,183
1588298400,163
1588299300,158
1588300200,98
1588301100,32
1588302000,23
1588302900,31
1588303800,21
1588304700,40
1588305600,113
1588306500,99
1588307400,643
1588308300,252
1588309200,42
1588310100,62
1588311000,433
1588311900,216
1588312800,68
1588313700,46
1588314600,26
1588315500,74
1588316400,104
1588317300,95
1588318200,179
1588319100,101
1588320000,330
1588320900,243
1588321800,211
1588322700,471
1588323600,419
1588324500,582
1588325400,274
1588326300,73
1588327200,29
1588328100,47
1588329000,39
1588329900,12
1588330800,43
1588331700,8
1588332600,67
1588333500,33
1588334400,36
1588335300,52
1588336200,31
1588337100,60
1588338000,141
1588338900,128
1588339800,129
1588340700,61
1588341600,25
1588342500,40
1588343400,32
1588344300,117
1588345200,193
1588346100,156
1588347000,168
1588347900,150
1588348800,127
1588349700,246
1588350600,235
1588351500,256
1588352400,256
1588353300,269
1588354200,250
1588355100,289
1588356000,262
1588356900,324
1588357800,238
1588358700,210
1588359600,324
1588360500,284
1588361400,280
1588362300,298
1588363200,274
1588364100,316
1588365000,280
1588365900,269
1588366800,185
1588367700,167
1588368600,156
1588369500,148
1588370400,67
1588371300,16
1588372200,42
1588373100,23
1588374000,24
1588374900,26
1588375800,6
1588376700,55
1588377600,9
1588378500,18
1588379400,32
1588380300,7
1588381200,55
1588382100,20
1588383000,19
1588383900,28
1588384800,21
1588385700,21
1588386600,28
1588387500,32
1588388400,25
1588389300,54
1588390200,488
1588391100,540
1588392000,281
1588392900,53
1588393800,100
1588394700,58
1588395600,89
1588396500,209
1588397400,109
1588398300,165
1588399200,342
1588400100,118
1588401000,31
1588401900,46
1588402800,182
1588403700,161
1588404600,224
1588405500,523
1588406400,431
1588407300,83
1588408200,60
1588409100,116
1588410000,113
1588410900,114
1588411800,283
1588412700,682
1588413600,289
1588414500,55
1588415400,90
1588416300,109
1588417200,487
1588418100,544
1588419000,137
1588419900,258
1588420800,503
1588421700,37
1588422600,85
1588423500,47
1588424400,63
1588425300,150
1588426200,32
1588427100,69
1588428000,136
1588428900,159
1588429800,136
1588430700,131
1588431600,139
1588432500,226
1588433400,132
1588434300,145
1588435200,70
1588436100,25
1588437000,49
1588437900,19
1588438800,44
1588439700,98
1588440600,139
1588441500,187
1588442400,117
1588443300,157
1588444200,133
1588445100,133
1588446000,221
1588446900,118
1588447800,146
1588448700,148
1588449600,130
1588450500,127
1588451400,135
1588452300,144
1588453200,97
1588454100,22
1588455000,8
1588455900,48
1588456800,26
1588457700,20
1588458600,30
1588459500,8
1588460400,57
1588461300,9
1588462200,18
1588463100,32
1588464000,26
1588464900,32
1588465800,19
1588466700,20
1588467600,25
1588468500,41
1588469400,9
1588470300,38
1588471200,10
1588472100,22
1588473000,45
1588473900,8
1588474800,30
1588475700,18
1588476600,31
1588477500,35
1588478400,345
1588479300,524
1588480200,476
1588481100,37
1588482000,50
1588482900,34
1588483800,129
1588484700,492
1588485600,447
1588486500,207
1588487400,144
1588488300,106
1588489200,148
1588490100,57
1588491000,35
1588491900,51
1588492800,47
1588493700,113
1588494600,64
1588495500,232
1588496400,188
1588497300,159
1588498200,246
1588499100,566
1588500000,551
1588500900,231
1588501800,61
1588502700,20
1588503600,28
1588504500,121
1588505400,62
1588506300,59
1588507200,59
1588508100,58
1588509000,68
1588509900,89
1588510800,58
1588511700,62
1588512600,41
1588513500,20
1588514400,66
1588515300,13
1588516200,85
1588517100,126
1588518000,75
1588518900,59
1588519800,63
1588520700,128
1588521600,127
1588522500,126
1588523400,123
1588524300,26
1588525200,40
1588526100,157
1588527000,144
1588527900,144
1588528800,170
1588529700,125
1588530600,117
1588531500,148
1588532400,108
1588533300,133
1588534200,131
1588535100,253
1588536000,307
1588536900,257
1588537800,256
1588538700,291
1588539600,255
1588540500,275
1588541400,184
1588542300,150
1588543200,195
1588544100,148
1588545000,148
1588545900,170
1588546800,147
1588547700,152
1588548600,164
1588549500,147
1588550400,157
1588551300,175
1588552200,179
1588553100,182
1588554000,157
1588554900,168
1588555800,163
1588556700,36
1588557600,8
1588558500,51
1588559400,17
1588560300,31
1588561200,135
1588562100,105
1588563000,255
1588563900,104
1588564800,124
1588565700,51
1588566600,29
1588567500,7
1588568400,46
1588569300,24
1588570200,11
1588571100,39
1588572000,10
1588572900,103
1588573800,67
1588574700,111
1588575600,64
1588576500,44
1588577400,30
1588578300,166
1588579200,163
1588580100,32
1588581000,108
1588581900,30
1588582800,55
1588583700,54
1588584600,68
1588585500,38
1588586400,20
1588587300,21
1588588200,39
1588589100,37
1588590000,8
1588590900,42
1588591800,7
1588592700,27
1588593600,44
1588594500,9
1588595400,31
1588596300,17
1588597200,35
1588598100,91
1588599000,18
1588599900,12
1588600800,38
1588601700,15
1588602600,19
1588603500,54
1588604400,11
1588605300,35
1588606200,14
1588607100,13
1588608000,55
1588608900,8
1588609800,23
1588610700,28
1588611600,26
1588612500,49
1588613400,61
1588614300,197
1588615200,129
1588616100,602
1588617000,681
1588617900,546
1588618800,167
1588619700,206
1588620600,293
1588621500,291
1588622400,302
1588623300,297
1588624200,149
1588625100,185
1588626000,150
1588626900,155
1588627800,167
1588628700,167
1588629600,158
1588630500,165
1588631400,158
1588632300,156
1588633200,184
1588634100,151
1588635000,170
1588635900,155
1588636800,146
1588637700,197
1588638600,148
1588639500,160
1588640400,165
1588641300,58
1588642200,53
1588643100,14
1588644000,19
1588644900,28
1588645800,24
1588646700,37
1588647600,116
1588648500,123
1588649400,245
1588650300,125
1588651200,141
1588652100,266
1588653000,343
1588653900,30
1588654800,249
1588655700,455
1588656600,20
1588657500,20
1588658400,27
1588659300,32
1588660200,25
1588661100,26
1588662000,9
1588662900,42
1588663800,32
1588664700,7
1588665600,43
1588666500,7
1588667400,29
1588668300,38
1588669200,8
1588670100,27
1588671000,22
1588671900,27
1588672800,39
1588673700,13
1588674600,20
1588675500,31
1588676400,31
1588677300,15
1588678200,30
1588679100,20
1588680000,14
1588680900,56
1588681800,8
1588682700,32
1588683600,19
1588684500,11
1588685400,60
1588686300,8
1588687200,19
1588688100,32
1588689000,10
1588689900,43
1588690800,33
1588691700,21
1588692600,22
1588693500,25
1588694400,33
1588695300,32
1588696200,21
1588697100,10
1588698000,35
1588698900,13
1588699800,13
1588700700,32
1588701600,10
1588702500,24
1588703400,21
1588704300,17
1588705200,61
1588706100,42
1588707000,11
1588707900,150
1588708800,192
1588709700,65
1588710600,144
1588711500,16
1588712400,31
1588713300,25
1588714200,31
1588715100,19
1588716000,36
1588716900,11
1588717800,33
1588718700,15
1588719600,12
1588720500,58
1588721400,6
1588722300,23
1588723200,27
1588724100,16
1588725000,40
1588725900,17
1588726800,19
1588727700,27
1588728600,34
1588729500,17
1588730400,33
1588731300,20
1588732200,8
1588733100,69
1588734000,104
1588734900,116
1588735800,147
1588736700,237
1588737600,184
1588738500,20
1588739400,11
1588740300,35
1588741200,10
1588742100,35
1588743000,35
1588743900,9
1588744800,19
1588745700,27
1588746600,35
1588747500,18
1588748400,26
1588749300,15
1588750200,21
1588751100,45
1588752000,9
1588752900,32
1588753800,17
1588754700,8
1588755600,58
1588756500,10
1588757400,13
1588758300,35
1588759200,8
1588760100,45
1588761000,22
1588761900,17
1588762800,22
1588763700,17
1588764600,38
1588765500,27
1588766400,19
1588767300,9
1588768200,33
1588769100,34
1588770000,10
1588770900,39
1588771800,9
1588772700,19
1588773600,47
1588774500,8
1588775400,34
1588776300,14
1588777200,17
1588778100,96
1588779000,59
1588779900,76
1588780800,58
1588781700,65
1588782600,43
1588783500,41
1588784400,33
1588785300,32
1588786200,49
1588787100,36
1588788000,38
1588788900,38
1588789800,17
1588790700,51
1588791600,35
1588792500,16
1588793400,50
1588794300,16
1588795200,33
1588796100,49
1588797000,24
1588797900,313
1588798800,178
1588799700,159
1588800600,168
1588801500,154
1588802400,153
1588803300,159
1588804200,168
1588805100,148
1588806000,164
1588806900,154
1588807800,142
1588808700,178
1588809600,158
1588810500,146
1588811400,174
1588812300,146
1588813200,165
1588814100,176
1588815000,145
1588815900,172
1588816800,151
1588817700,153
1588818600,184
1588819500,33
1588820400,19
1588821300,31
1588822200,15
1588823100,30
1588824000,29
1588824900,19
1588825800,13
1588826700,32
1588827600,66
1588828500,66
1588829400,138
1588830300,67
1588831200,44
1588832100,31
1588833000,7
1588833900,42
1588834800,10
1588835700,13
1588836600,55
1588837500,7
1588838400,21
1588839300,30
1588840200,12
1588841100,40
1588842000,23
1588842900,18
1588843800,23
1588844700,19
1588845600,35
1588846500,28
1588847400,19
1588848300,11
1588849200,32
1588850100,36
1588851000,9
1588851900,37
1588852800,10
1588853700,20
1588854600,50
1588855500,9
1588856400,29
1588857300,20
1588858200,8
1588859100,59
1588860000,9
1588860900,11
1588861800,40
1588862700,8
1588863600,35
1588864500,36
1588865400,10
1588866300,56
1588867200,145
1588868100,123
1588869000,132
1588869900,108
1588870800,20
1588871700,102
1588872600,967
1588873500,496
1588874400,140
1588875300,208
1588876200,209
1588877100,230
1588878000,194
1588878900,241
1588879800,190
1588880700,189
1588881600,154
1588882500,278
1588883400,221
1588884300,164
1588885200,175
1588886100,151
1588887000,166
1588887900,186
1588888800,132
1588889700,41
1588890600,33
1588891500,25
1588892400,34
1588893300,46
1588894200,10
1588895100,44
1588896000,10
1588896900,22
1588897800,32
1588898700,42
1588899600,15
1588900500,44
1588901400,10
1588902300,32
1588903200,22
1588904100,30
1588905000,38
1588905900,18
1588906800,21
1588907700,31
1588908600,22
1588909500,12
1588910400,255
1588911300,518
1588912200,522
1588913100,123
1588914000,90
1588914900,571
1588915800,382
1588916700,129
1588917600,155
1588918500,232
1588919400,12
1588920300,56
1588921200,43
1588922100,98
1588923000,85
1588923900,71
1588924800,102
1588925700,124
1588926600,115
1588927500,88
1588928400,123
1588929300,100
1588930200,76
1588931100,208
1588932000,105
1588932900,157
1588933800,40
1588934700,15
1588935600,46
1588936500,43
1588937400,50
1588938300,44
1588939200,41
1588940100,42
1588941000,48
1588941900,64
1588942800,30
1588943700,45
1588944600,23
1588945500,18
1588946400,70
1588947300,40
1588948200,75
1588949100,163
1588950000,16
1588950900,68
1588951800,47
1588952700,382
1588953600,309
1588954500,142
1588955400,350
1588956300,567
1588957200,132
1588958100,291
1588959000,246
1588959900,243
1588960800,252
1588961700,293
1588962600,236
1588963500,228
1588964400,266
1588965300,266
1588966200,261
1588967100,258
1588968000,358
1588968900,224
1588969800,194
1588970700,183
1588971600,72
1588972500,102
1588973400,99
1588974300,37
1588975200,67
1588976100,12
1588977000,31
1588977900,35
1588978800,11
1588979700,48
1588980600,17
1588981500,28
1588982400,39
1588983300,13
1588984200,29
1588985100,33
1588986000,33
1588986900,17
1588987800,36
1588988700,23
1588989600,26
1588990500,38
1588991400,11
1588992300,45
1588993200,20
1588994100,12
1588995000,46
1588995900,238
1588996800,562
1588997700,550
1588998600,35
1588999500,38
1589000400,24
1589001300,30
1589002200,34
1589003100,281
1589004000,194
1589004900,139
1589005800,184
1589006700,116
1589007600,103
1589008500,83
1589009400,79
1589010300,77
1589011200,97
1589012100,78
1589013000,65
1589013900,82
1589014800,84
1589015700,331
1589016600,579
1589017500,467
1589018400,409
1589019300,495
1589020200,556
1589021100,952
1589022000,204
1589022900,46
1589023800,131
1589024700,124
1589025600,190
1589026500,586
1589027400,211
1589028300,149
1589029200,544
1589030100,125
1589031000,42
1589031900,42
1589032800,57
1589033700,22
1589034600,25
1589035500,50
1589036400,10
1589037300,75
1589038200,284
1589039100,316
1589040000,153
1589040900,341
1589041800,56
1589042700,160
1589043600,167
1589044500,130
1589045400,236
1589046300,107
1589047200,156
1589048100,136
1589049000,119
1589049900,147
1589050800,115
1589051700,159
1589052600,134
1589053500,118
1589054400,193
1589055300,117
1589056200,154
1589057100,139
1589058000,128
1589058900,193
1589059800,178
1589060700,170
1589061600,163
1589062500,160
1589063400,144
1589064300,193
1589065200,151
1589066100,158
1589067000,167
1589067900,145
1589068800,194
1589069700,151
1589070600,156
1589071500,169
1589072400,161
1589073300,163
1589074200,163
1589075100,158
1589076000,158
1589076900,183
1589077800,152
1589078700,174
1589079600,138
1589080500,12
1589081400,58
1589082300,7
1589083200,478
1589084100,538
1589085000,321
1589085900,55
1589086800,40
1589087700,94
1589088600,423
1589089500,153
1589090400,126
1589091300,148
1589092200,107
1589093100,140
1589094000,48
1589094900,22
1589095800,58
1589096700,37
1589097600,108
1589098500,215
1589099400,462
1589100300,291
1589101200,169
1589102100,53
1589103000,34
1589103900,27
1589104800,12
1589105700,55
1589106600,25
1589107500,50
1589108400,37
1589109300,25
1589110200,52
1589111100,120
1589112000,153
1589112900,22
1589113800,50
1589114700,58
1589115600,17
1589116500,71
1589117400,139
1589118300,120
1589119200,39
1589120100,89
1589121000,65
1589121900,30
1589122800,38
1589123700,445
1589124600,393
1589125500,133
1589126400,28
1589127300,46
1589128200,54
1589129100,21
1589130000,43
1589130900,39
1589131800,36
1589132700,59
1589133600,48
1589134500,348
1589135400,717
1589136300,487
1589137200,189
1589138100,165
1589139000,679
1589139900,313
1589140800,184
1589141700,141
1589142600,149
1589143500,134
1589144400,127
1589145300,158
1589146200,116
1589147100,36
1589148000,30
1589148900,29
1589149800,23
1589150700,43
1589151600,8
1589152500,50
1589153400,16
1589154300,31
1589155200,31
1589156100,30
1589157000,13
1589157900,44
1589158800,22
1589159700,9
1589160600,54
1589161500,7
1589162400,32
1589163300,31
1589164200,30
1589165100,25
1589166000,134
1589166900,108
1589167800,249
1589168700,118
1589169600,116
1589170500,128
1589171400,8
1589172300,39
1589173200,25
1589174100,27
1589175000,26
1589175900,99
1589176800,66
1589177700,66
1589178600,90
1589179500,59
1589180400,57
1589181300,30
1589182200,23
1589183100,39
1589184000,14
1589184900,31
1589185800,33
1589186700,30
1589187600,27
1589188500,77
1589189400,52
1589190300,89
1589191200,273
1589192100,488
1589193000,598
1589193900,157
1589194800,58
1589195700,61
1589196600,61
1589197500,66
1589198400,26
1589199300,41
1589200200,9
1589201100,53
1589202000,13
1589202900,79
1589203800,201
1589204700,11
1589205600,47
1589206500,32
1589207400,58
1589208300,79
1589209200,271
1589210100,175
1589211000,300
1589211900,303
1589212800,169
1589213700,139
1589214600,143
1589215500,136
1589216400,157
1589217300,344
1589218200,230
1589219100,163
1589220000,140
1589220900,158
1589221800,381
1589222700,579
1589223600,465
1589224500,134
1589225400,176
1589226300,180
1589227200,257
1589228100,243
1589229000,316
1589229900,295
1589230800,352
1589231700,188
1589232600,158
1589233500,186
1589234400,149
1589235300,174
1589236200,167
1589237100,156
1589238000,182
1589238900,145
1589239800,179
1589240700,163
1589241600,160
1589242500,175
1589243400,150
1589244300,174
1589245200,168
1589246100,160
1589247000,167
1589247900,162
1589248800,149
1589249700,30
1589250600,26
1589251500,36
1589252400,110
1589253300,125
1589254200,245
1589255100,114
1589256000,107
1589256900,50
1589257800,16
1589258700,33
1589259600,29
1589260500,9
1589261400,49
1589262300,13
1589263200,24
1589264100,58
1589265000,56
1589265900,100
1589266800,33
1589267700,20
1589268600,42
1589269500,23
1589270400,29
1589271300,32
1589272200,48
1589273100,62
1589274000,15
1589274900,34
1589275800,66
1589276700,30
1589277600,22
1589278500,47
1589279400,8
1589280300,54
1589281200,324
1589282100,300
1589283000,290
1589283900,268
1589284800,174
1589285700,72
1589286600,530
1589287500,301
1589288400,117
1589289300,66
1589290200,77
1589291100,65
1589292000,34
1589292900,55
1589293800,23
1589294700,72
1589295600,23
1589296500,47
1589297400,40
1589298300,30
1589299200,40
1589300100,70
1589301000,27
1589301900,62
1589302800,17
1589303700,23
1589304600,31
1589305500,24
1589306400,23
1589307300,78
1589308200,316
1589309100,181
1589310000,221
1589310900,193
1589311800,153
1589312700,167
1589313600,160
1589314500,231
1589315400,241
1589316300,270
1589317200,150
1589318100,183
1589319000,158
1589319900,149
1589320800,185
1589321700,145
1589322600,179
1589323500,153
1589324400,157
1589325300,174
1589326200,150
1589327100,163
1589328000,162
1589328900,169
1589329800,157
1589330700,174
1589331600,148
1589332500,175
1589333400,157
1589334300,152
1589335200,139
1589336100,8
1589337000,40
1589337900,40
1589338800,92
1589339700,152
1589340600,229
1589341500,124
1589342400,124
1589343300,18
1589344200,42
1589345100,21
1589346000,19
1589346900,24
1589347800,35
1589348700,19
1589349600,31
1589350500,20
1589351400,11
1589352300,58
1589353200,18
1589354100,23
1589355000,27
1589355900,8
1589356800,58
1589357700,15
1589358600,18
1589359500,33
1589360400,14
1589361300,33
1589362200,27
1589363100,19
1589364000,20
1589364900,36
1589365800,26
1589366700,27
1589367600,26
1589368500,7
1589369400,44
1589370300,33
1589371200,11
1589372100,39
1589373000,7
1589373900,34
1589374800,39
1589375700,8
1589376600,44
1589377500,7
1589378400,16
1589379300,54
1589380200,6
1589381100,189
1589382000,157
1589382900,157
1589383800,178
1589384700,143
1589385600,162
1589386500,141
1589387400,143
1589388300,179
1589389200,142
1589390100,130
1589391000,194
1589391900,143
1589392800,176
1589393700,139
1589394600,147
1589395500,349
1589396400,559
1589397300,562
1589398200,98
1589399100,145
1589400000,175
1589400900,86
1589401800,58
1589402700,37
1589403600,7
1589404500,62
1589405400,37
1589406300,18
1589407200,33
1589408100,14
1589409000,13
1589409900,42
1589410800,36
1589411700,8
1589412600,43
1589413500,8
1589414400,31
1589415300,41
1589416200,13
1589417100,20
1589418000,29
1589418900,37
1589419800,16
1589420700,36
1589421600,7
1589422500,34
1589423400,42
1589424300,22
1589425200,121
1589426100,117
1589427000,242
1589427900,126
1589428800,165
1589429700,172
1589430600,400
1589431500,63
1589432400,139
1589433300,516
1589434200,14
1589435100,13
1589436000,57
1589436900,9
1589437800,19
1589438700,31
1589439600,21
1589440500,25
1589441400,31
1589442300,20
1589443200,7
1589444100,57
1589445000,13
1589445900,12
1589446800,39
1589447700,9
1589448600,45
1589449500,30
1589450400,20
1589451300,11
1589452200,37
1589453100,24
1589454000,13
1589454900,39
1589455800,8
1589456700,31
1589457600,47
1589458500,8
1589459400,29
1589460300,24
1589461200,26
1589462100,26
1589463000,21
1589463900,21
1589464800,20
1589465700,47
1589466600,13
1589467500,22
1589468400,28
1589469300,6
1589470200,55
1589471100,452
1589472000,659
1589472900,253
1589473800,208
1589474700,141
1589475600,153
1589476500,116
1589477400,156
1589478300,128
1589479200,115
1589480100,191
1589481000,130
1589481900,141
1589482800,186
1589483700,301
1589484600,304
1589485500,290
1589486400,247
1589487300,157
1589488200,161
1589489100,175
1589490000,163
1589490900,179
1589491800,162
1589492700,169
1589493600,182
1589494500,153
1589495400,184
1589496300,164
1589497200,142
1589498100,190
1589499000,144
1589499900,155
1589500800,181
1589501700,143
1589502600,174
1589503500,161
1589504400,95
1589505300,47
1589506200,17
1589507100,26
1589508000,38
1589508900,16
1589509800,26
1589510700,45
1589511600,116
1589512500,110
1589513400,210
1589514300,117
1589515200,163
1589516100,51
1589517000,7
1589517900,40
1589518800,20
1589519700,8
1589520600,54
1589521500,7
1589522400,19
1589523300,41
1589524200,7
1589525100,39
1589526000,20
1589526900,17
1589527800,36
1589528700,14
1589529600,30
1589530500,28
1589531400,19
1589532300,22
1589533200,30
1589534100,30
1589535000,7
1589535900,34
1589536800,28
1589537700,11
1589538600,43
1589539500,15
1589540400,17
1589541300,44
1589542200,9
1589543100,26
1589544000,18
1589544900,10
1589545800,31
1589546700,12
1589547600,11
1589548500,34
1589549400,12
1589550300,43
1589551200,61
1589552100,10
1589553000,39
1589553900,24
1589554800,26
1589555700,78
1589556600,26
1589557500,28
1589558400,39
1589559300,92
1589560200,123
1589561100,150
1589562000,160
1589562900,143
1589563800,205
1589564700,151
1589565600,143
1589566500,128
1589567400,235
1589568300,224
1589569200,207
1589570100,274
1589571000,365
1589571900,312
1589572800,268
1589573700,326
1589574600,284
1589575500,145
1589576400,157
1589577300,195
1589578200,64
1589579100,21
1589580000,38
1589580900,10
1589581800,41
1589582700,22
1589583600,12
1589584500,50
1589585400,6
1589586300,40
1589587200,24
1589588100,24
1589589000,33
1589589900,19
1589590800,27
1589591700,32
1589592600,30
1589593500,12
1589594400,42
1589595300,14
1589596200,26
1589597100,35
1589598000,8
1589598900,52
1589599800,9
1589600700,20
1589601600,41
1589602500,421
1589603400,552
1589604300,407
1589605200,26
1589606100,61
1589607000,134
1589607900,139
1589608800,495
1589609700,430
1589610600,135
1589611500,217
1589612400,117
1589613300,106
1589614200,125
1589615100,94
1589616000,160
1589616900,55
1589617800,32
1589618700,36
1589619600,21
1589620500,44
1589621400,759
1589622300,933
1589623200,331
1589624100,64
1589625000,64
1589625900,114
1589626800,362
1589627700,325
1589628600,116
1589629500,276
1589630400,531
1589631300,81
1589632200,51
1589633100,92
1589634000,29
1589634900,41
1589635800,28
1589636700,45
1589637600,93
1589638500,56
1589639400,176
1589640300,155
1589641200,132
1589642100,158
1589643000,582
1589643900,533
1589644800,473
1589645700,311
1589646600,146
1589647500,124
1589648400,460
1589649300,600
1589650200,217
1589651100,199
1589652000,228
1589652900,254
1589653800,172
1589654700,181
1589655600,202
1589656500,165
1589657400,199
1589658300,218
1589659200,205
1589660100,194
1589661000,87
1589661900,65
1589662800,31
1589663700,37
1589664600,68
1589665500,27
1589666400,61
1589667300,45
1589668200,26
1589669100,74
1589670000,24
1589670900,30
1589671800,65
1589672700,24
1589673600,49
1589674500,47
1589675400,19
1589676300,56
1589677200,29
1589678100,22
1589679000,42
1589679900,23
1589680800,22
1589681700,44
1589682600,20
1589683500,34
1589684400,39
1589685300,50
1589686200,55
1589687100,18
1589688000,24
1589688900,26
1589689800,508
1589690700,510
1589691600,428
1589692500,14
1589693400,159
1589694300,175
1589695200,274
1589696100,117
1589697000,145
1589697900,287
1589698800,278
1589699700,264
1589700600,312
1589701500,113
1589702400,13
1589703300,53
1589704200,11
1589705100,140
1589706000,428
1589706900,886
1589707800,834
1589708700,578
1589709600,239
1589710500,155
1589711400,145
1589712300,165
1589713200,195
1589714100,400
1589715000,755
1589715900,181
1589716800,217
1589717700,137
1589718600,644
1589719500,74
1589720400,46
1589721300,93
1589722200,44
1589723100,70
1589724000,39
1589724900,34
1589725800,50
1589726700,36
1589727600,44
1589728500,35
1589729400,115
1589730300,188
1589731200,128
1589732100,41
1589733000,29
1589733900,46
1589734800,26
1589735700,81
1589736600,64
1589737500,25
1589738400,181
1589739300,145
1589740200,131
1589741100,156
1589742000,121
1589742900,148
1589743800,140
1589744700,261
1589745600,302
1589746500,252
1589747400,267
1589748300,164
1589749200,152
1589750100,190
1589751000,149
1589751900,157
1589752800,167
1589753700,165
1589754600,171
1589755500,162
1589756400,159
1589757300,161
1589758200,182
1589759100,154
1589760000,174
1589760900,153
1589761800,154
1589762700,194
1589763600,145
1589764500,172
1589765400,140
1589766300,24
1589767200,57
1589768100,9
1589769000,20
1589769900,44
1589770800,124
1589771700,122
1589772600,252
1589773500,112
1589774400,188
1589775300,49
1589776200,9
1589777100,45
1589778000,7
1589778900,30
1589779800,40
1589780700,7
1589781600,53
1589782500,18
1589783400,17
1589784300,33
1589785200,16
1589786100,39
1589787000,23
1589787900,31
1589788800,31
1589789700,20
1589790600,13
1589791500,35
1589792400,37
1589793300,16
1589794200,37
1589795100,7
1589796000,41
1589796900,28
1589797800,7
1589798700,45
1589799600,7
1589800500,42
1589801400,35
1589802300,11
1589803200,34
1589804100,13
1589805000,38
1589805900,36
1589806800,14
1589807700,18
1589808600,29
1589809500,42
1589810400,22
1589811300,29
1589812200,10
1589813100,38
1589814000,34
1589814900,12
1589815800,32
1589816700,69
1589817600,25
1589818500,18
1589819400,10
1589820300,34
1589821200,112
1589822100,161
1589823000,150
1589823900,317
1589824800,577
1589825700,547
1589826600,118
1589827500,177
1589828400,126
1589829300,152
1589830200,136
1589831100,121
1589832000,186
1589832900,201
1589833800,74
1589834700,47
1589835600,34
1589836500,21
1589837400,35
1589838300,11
1589839200,60
1589840100,16
1589841000,24
1589841900,33
1589842800,26
1589843700,47
1589844600,31
1589845500,30
1589846400,35
1589847300,38
1589848200,21
1589849100,38
1589850000,28
1589850900,22
1589851800,60
1589852700,10
1589853600,33
1589854500,22
1589855400,14
1589856300,78
1589857200,99
1589858100,119
1589859000,254
1589859900,94
1589860800,149
1589861700,11
1589862600,30
1589863500,30
1589864400,29
1589865300,17
1589866200,31
1589867100,14
1589868000,23
1589868900,48
1589869800,7
1589870700,41
1589871600,10
1589872500,20
1589873400,50
1589874300,9
1589875200,24
1589876100,26
1589877000,35
1589877900,27
1589878800,26
1589879700,12
1589880600,35
1589881500,34
1589882400,8
1589883300,44
1589884200,7
1589885100,39
1589886000,33
1589886900,11
1589887800,33
1589888700,18
1589889600,37
1589890500,31
1589891400,18
1589892300,10
1589893200,48
1589894100,21
1589895000,19
1589895900,31
1589896800,62
1589897700,77
1589898600,18
1589899500,26
1589900400,69
1589901300,28
1589902200,66
1589903100,39
1589904000,37
1589904900,46
1589905800,39
1589906700,52
1589907600,59
1589908500,71
1589909400,47
1589910300,174
1589911200,139
1589912100,132
1589913000,137
1589913900,116
1589914800,175
1589915700,118
1589916600,144
1589917500,252
1589918400,178
1589919300,198
1589920200,148
1589921100,167
1589922000,163
1589922900,168
1589923800,179
1589924700,157
1589925600,159
1589926500,172
1589927400,178
1589928300,157
1589929200,179
1589930100,151
1589931000,178
1589931900,181
1589932800,150
1589933700,187
1589934600,151
1589935500,176
1589936400,184
1589937300,150
1589938200,180
1589939100,98
1589940000,41
1589940900,48
1589941800,18
1589942700,33
1589943600,96
1589944500,124
1589945400,202
1589946300,130
1589947200,93
1589948100,67
1589949000,43
1589949900,18
1589950800,74
1589951700,30
1589952600,99
1589953500,34
1589954400,206
1589955300,294
1589956200,258
1589957100,119
1589958000,82
1589958900,343
1589959800,569
1589960700,98
1589961600,37
1589962500,65
1589963400,53
1589964300,21
1589965200,42
1589966100,40
1589967000,39
1589967900,34
1589968800,28
1589969700,36
1589970600,16
1589971500,35
1589972400,41
1589973300,24
1589974200,96
1589975100,12
1589976000,41
1589976900,25
1589977800,20
1589978700,67
1589979600,39
1589980500,70
1589981400,47
1589982300,57
1589983200,53
1589984100,57
1589985000,62
1589985900,62
1589986800,48
1589987700,51
1589988600,18
1589989500,28
1589990400,33
1589991300,9
1589992200,53
1589993100,83
1589994000,51
1589994900,75
1589995800,23
1589996700,155
1589997600,127
1589998500,132
1589999400,168
1590000300,118
1590001200,155
1590002100,195
1590003000,151
1590003900,159
1590004800,115
1590005700,34
1590006600,29
1590007500,48
1590008400,33
1590009300,35
1590010200,13
1590011100,50
1590012000,35
1590012900,20
1590013800,42
1590014700,14
1590015600,54
1590016500,33
1590017400,16
1590018300,46
1590019200,15
1590020100,53
1590021000,32
1590021900,25
1590022800,29
1590023700,35
1590024600,35
1590025500,38
1590026400,25
1590027300,17
1590028200,59
1590029100,16
1590030000,34
1590030900,28
1590031800,19
1590032700,70
1590033600,16
1590034500,29
1590035400,37
1590036300,23
1590037200,59
1590038100,506
1590039000,377
1590039900,54
1590040800,92
1590041700,390
1590042600,294
1590043500,23
1590044400,21
1590045300,42
1590046200,70
1590047100,559
1590048000,687
1590048900,331
1590049800,194
1590050700,152
1590051600,154
1590052500,116
1590053400,52
1590054300,82
1590055200,15
1590056100,52
1590057000,33
1590057900,24
1590058800,28
1590059700,109
1590060600,25
1590061500,32
1590062400,26
1590063300,14
1590064200,62
1590065100,21
1590066000,30
1590066900,29
1590067800,21
1590068700,77
1590069600,21
1590070500,28
1590071400,31
1590072300,27
1590073200,117
1590074100,125
1590075000,166
1590075900,189
1590076800,142
1590077700,158
1590078600,187
1590079500,201
1590080400,241
1590081300,610
1590082200,411
1590083100,382
1590084000,250
1590084900,268
1590085800,300
1590086700,272
1590087600,302
1590088500,285
1590089400,294
1590090300,318
1590091200,279
1590092100,479
1590093000,446
1590093900,460
1590094800,444
1590095700,468
1590096600,424
1590097500,316
1590098400,329
1590099300,281
1590100200,291
1590101100,262
1590102000,159
1590102900,160
1590103800,149
1590104700,167
1590105600,157
1590106500,177
1590107400,204
1590108300,168
1590109200,158
1590110100,173
1590111000,158
1590111900,189
1590112800,42
1590113700,20
1590114600,32
1590115500,55
1590116400,107
1590117300,139
1590118200,224
1590119100,116
1590120000,107
1590120900,76
1590121800,110
1590122700,43
1590123600,79
1590124500,40
1590125400,55
1590126300,60
1590127200,136
1590128100,47
1590129000,16
1590129900,53
1590130800,92
1590131700,127
1590132600,66
1590133500,103
1590134400,70
1590135300,90
1590136200,77
1590137100,63
1590138000,115
1590138900,74
1590139800,208
1590140700,194
1590141600,600
1590142500,738
1590143400,331
1590144300,236
1590145200,160
1590146100,173
1590147000,85
1590147900,50
1590148800,77
1590149700,40
1590150600,80
1590151500,265
1590152400,64
1590153300,63
1590154200,58
1590155100,23
1590156000,34
1590156900,147
1590157800,118
1590158700,168
1590159600,111
1590160500,128
1590161400,120
1590162300,165
1590163200,143
1590164100,112
1590165000,131
1590165900,135
1590166800,217
1590167700,154
1590168600,195
1590169500,180
1590170400,193
1590171300,149
1590172200,213
1590173100,168
1590174000,160
1590174900,207
1590175800,144
1590176700,151
1590177600,144
1590178500,134
1590179400,155
1590180300,190
1590181200,149
1590182100,54
1590183000,35
1590183900,18
1590184800,42
1590185700,26
1590186600,19
1590187500,52
1590188400,8
1590189300,52
1590190200,13
1590191100,23
1590192000,44
1590192900,9
1590193800,44
1590194700,20
1590195600,22
1590196500,28
1590197400,37
1590198300,12
1590199200,43
1590200100,10
1590201000,26
1590201900,48
1590202800,8
1590203700,35
1590204600,31
1590205500,238
1590206400,488
1590207300,548
1590208200,647
1590209100,637
1590210000,47
1590210900,69
1590211800,287
1590212700,146
1590213600,209
1590214500,60
1590215400,103
1590216300,114
1590217200,375
1590218100,210
1590219000,136
1590219900,143
1590220800,167
1590221700,120
1590222600,57
1590223500,79
1590224400,82
1590225300,89
1590226200,251
1590227100,335
1590228000,445
1590228900,30
1590229800,34
1590230700,62
1590231600,205
1590232500,168
1590233400,344
1590234300,265
1590235200,49
1590236100,33
1590237000,49
1590237900,125
1590238800,153
1590239700,288
1590240600,33
1590241500,25
1590242400,71
1590243300,22
1590244200,43
1590245100,125
1590246000,25
1590246900,53
1590247800,19
1590248700,260
1590249600,614
1590250500,499
1590251400,57
1590252300,78
1590253200,73
1590254100,195
1590255000,168
1590255900,118
1590256800,143
1590257700,135
1590258600,145
1590259500,199
1590260400,163
1590261300,127
1590262200,203
1590263100,160
1590264000,185
1590264900,191
1590265800,274
1590266700,311
1590267600,307
1590268500,274
1590269400,293
1590270300,201
1590271200,175
1590272100,180
1590273000,167
1590273900,169
1590274800,173
1590275700,151
1590276600,206
1590277500,169
1590278400,166
1590279300,174
1590280200,157
1590281100,200
1590282000,155
1590282900,166
1590283800,175
1590284700,176
1590285600,176
1590286500,33
1590287400,19
1590288300,42
1590289200,44
1590290100,16
1590291000,46
1590291900,13
1590292800,49
1590293700,38
1590294600,19
1590295500,41
1590296400,114
1590297300,550
1590298200,538
1590299100,170
1590300000,75
1590300900,270
1590301800,136
1590302700,154
1590303600,226
1590304500,47
1590305400,462
1590306300,322
1590307200,126
1590308100,96
1590309000,91
1590309900,132
1590310800,109
1590311700,97
1590312600,121
1590313500,543
1590314400,573
1590315300,51
1590316200,21
1590317100,42
1590318000,71
1590318900,114
1590319800,452
1590320700,347
1590321600,194
1590322500,476
1590323400,437
1590324300,172
1590325200,148
1590326100,187
1590327000,169
1590327900,218
1590328800,84
1590329700,42
1590330600,69
1590331500,24
1590332400,62
1590333300,76
1590334200,22
1590335100,33
1590336000,25
1590336900,39
1590337800,63
1590338700,32
1590339600,18
1590340500,66
1590341400,42
1590342300,36
1590343200,108
1590344100,150
1590345000,143
1590345900,149
1590346800,134
1590347700,147
1590348600,136
1590349500,231
1590350400,207
1590351300,331
1590352200,339
1590353100,322
1590354000,295
1590354900,152
1590355800,158
1590356700,172
1590357600,158
1590358500,159
1590359400,189
1590360300,164
1590361200,178
1590362100,156
1590363000,157
1590363900,202
1590364800,146
1590365700,172
1590366600,160
1590367500,177
1590368400,178
1590369300,160
1590370200,148
1590371100,187
1590372000,61
1590372900,18
1590373800,36
1590374700,7
1590375600,56
1590376500,47
1590377400,107
1590378300,592
1590379200,528
1590380100,183
1590381000,57
1590381900,72
1590382800,27
1590383700,112
1590384600,734
1590385500,843
1590386400,88
1590387300,117
1590388200,110
1590389100,70
1590390000,101
1590390900,41
1590391800,23
1590392700,226
1590393600,108
1590394500,67
1590395400,46
1590396300,51
1590397200,49
1590398100,44
1590399000,29
1590399900,34
1590400800,11
1590401700,50
1590402600,26
1590403500,18
1590404400,39
1590405300,12
1590406200,70
1590407100,17
1590408000,40
1590408900,59
1590409800,53
1590410700,96
1590411600,45
1590412500,16
1590413400,66
1590414300,11
1590415200,65
1590416100,35
1590417000,17
1590417900,39
1590418800,16
1590419700,63
1590420600,23
1590421500,22
1590422400,38
1590423300,26
1590424200,65
1590425100,39
1590426000,41
1590426900,41
1590427800,45
1590428700,40
1590429600,28
1590430500,30
1590431400,47
1590432300,55
1590433200,29
1590434100,53
1590435000,68
1590435900,138
1590436800,111
1590437700,42
1590438600,73
1590439500,33
1590440400,57
1590441300,46
1590442200,9
1590443100,48
1590444000,16
1590444900,15
1590445800,33
1590446700,11
1590447600,29
1590448500,23
1590449400,16
1590450300,53
1590451200,43
1590452100,52
1590453000,53
1590453900,8
1590454800,65
1590455700,23
1590456600,23
1590457500,32
1590458400,32
1590459300,53
1590460200,15
1590461100,22
1590462000,37
1590462900,43
1590463800,23
1590464700,37
1590465600,8
1590466500,53
1590467400,29
1590468300,12
1590469200,134
1590470100,66
1590471000,140
1590471900,32
1590472800,33
1590473700,51
1590474600,19
1590475500,41
1590476400,34
1590477300,40
1590478200,31
1590479100,26
1590480000,11
1590480900,52
1590481800,21
1590482700,30
1590483600,44
1590484500,7
1590485400,49
1590486300,8
1590487200,46
1590488100,35
1590489000,18
1590489900,29
1590490800,28
1590491700,33
1590492600,34
1590493500,36
1590494400,21
1590495300,36
1590496200,10
1590497100,43
1590498000,41
1590498900,9
1590499800,47
1590500700,8
1590501600,52
1590502500,27
1590503400,29
1590504300,38
1590505200,20
1590506100,15
1590507000,44
1590507900,54
1590508800,64
1590509700,98
1590510600,26
1590511500,56
1590512400,37
1590513300,40
1590514200,38
1590515100,22
1590516000,45
1590516900,53
1590517800,11
1590518700,49
1590519600,25
1590520500,45
1590521400,34
1590522300,104
1590523200,335
1590524100,319
1590525000,243
1590525900,207
1590526800,52
1590527700,45
1590528600,30
1590529500,20
1590530400,37
1590531300,49
1590532200,8
1590533100,48
1590534000,6
1590534900,50
1590535800,37
1590536700,16
1590537600,31
1590538500,32
1590539400,34
1590540300,40
1590541200,26
1590542100,18
1590543000,60
1590543900,21
1590544800,44
1590545700,11
1590546600,31
1590547500,54
1590548400,9
1590549300,27
1590550200,17
1590551100,11
1590552000,34
1590552900,10
1590553800,19
1590554700,26
1590555600,38
1590556500,105
1590557400,144
1590558300,108
1590559200,63
1590560100,28
1590561000,42
1590561900,63
1590562800,9
1590563700,63
1590564600,17
1590565500,31
1590566400,44
1590567300,18
1590568200,24
1590569100,42
1590570000,23
1590570900,37
1590571800,20
1590572700,19
1590573600,56
1590574500,7
1590575400,47
1590576300,22
1590577200,30
1590578100,56
1590579000,158
1590579900,114
1590580800,152
1590581700,96
1590582600,87
1590583500,94
1590584400,82
1590585300,104
1590586200,98
1590587100,103
1590588000,77
1590588900,29
1590589800,23
1590590700,63
1590591600,22
1590592500,48
1590593400,26
1590594300,240
1590595200,571
1590596100,593
1590597000,520
1590597900,135
1590598800,128
1590599700,136
1590600600,167
1590601500,134
1590602400,78
1590603300,56
1590604200,97
1590605100,90
1590606000,63
1590606900,79
1590607800,68
1590608700,202
1590609600,183
1590610500,375
1590611400,477
1590612300,167
1590613200,375
1590614100,438
1590615000,97
1590615900,115
1590616800,122
1590617700,111
1590618600,120
1590619500,33
1590620400,43
1590621300,13
1590622200,28
1590623100,64
1590624000,11
1590624900,39
1590625800,17
1590626700,33
1590627600,42
1590628500,15
1590629400,22
1590630300,32
1590631200,16
1590632100,32
1590633000,49
1590633900,23
1590634800,46
1590635700,8
1590636600,46
1590637500,33
1590638400,15
1590639300,36
1590640200,18
1590641100,38
1590642000,30
1590642900,25
1590643800,194
1590644700,145
1590645600,140
1590646500,45
1590647400,35
1590648300,91
1590649200,83
1590650100,47
1590651000,93
1590651900,76
1590652800,80
1590653700,101
1590654600,69
1590655500,104
1590656400,84
1590657300,75
1590658200,76
1590659100,230
1590660000,436
1590660900,203
1590661800,52
1590662700,24
1590663600,38
1590664500,14
1590665400,30
1590666300,25
1590667200,50
1590668100,112
1590669000,89
1590669900,108
1590670800,86
1590671700,56
1590672600,84
1590673500,82
1590674400,111
1590675300,105
1590676200,133
1590677100,121
1590678000,143
1590678900,109
1590679800,159
1590680700,131
1590681600,127
1590682500,145
1590683400,174
1590684300,202
1590685200,176
1590686100,185
1590687000,202
1590687900,203
1590688800,173
1590689700,203
1590690600,155
1590691500,221
1590692400,211
1590693300,185
1590694200,179
1590695100,192
1590696000,218
1590696900,33
1590697800,31
1590698700,32
1590699600,35
1590700500,19
1590701400,32
1590702300,8
1590703200,54
1590704100,17
1590705000,21
1590705900,30
1590706800,19
1590707700,43
1590708600,15
1590709500,21
1590710400,30
1590711300,41
1590712200,20
1590713100,35
1590714000,7
1590714900,44
1590715800,24
1590716700,11
1590717600,40
1590718500,9
1590719400,51
1590720300,25
1590721200,18
1590722100,27
1590723000,31
1590723900,18
1590724800,32
1590725700,20
1590726600,65
1590727500,148
1590728400,69
1590729300,45
1590730200,30
1590731100,22
1590732000,53
1590732900,65
1590733800,92
1590734700,49
1590735600,61
1590736500,69
1590737400,74
1590738300,53
1590739200,118
1590740100,68
1590741000,62
1590741900,82
1590742800,56
1590743700,95
1590744600,23
1590745500,44
1590746400,75
1590747300,250
1590748200,191
1590749100,136
1590750000,145
1590750900,114
1590751800,111
1590752700,45
1590753600,43
1590754500,97
1590755400,124
1590756300,218
1590757200,229
1590758100,207
1590759000,195
1590759900,237
1590760800,64
1590761700,91
1590762600,67
1590763500,63
1590764400,182
1590765300,148
1590766200,184
1590767100,188
1590768000,128
1590768900,140
1590769800,116
1590770700,136
1590771600,125
1590772500,133
1590773400,133
1590774300,133
1590775200,131
1590776100,144
1590777000,152
1590777900,181
1590778800,219
1590779700,192
1590780600,232
1590781500,227
1590782400,224
1590783300,197
1590784200,110
1590785100,148
1590786000,34
1590786900,20
1590787800,45
1590788700,13
1590789600,49
1590790500,32
1590791400,24
1590792300,30
1590793200,27
1590794100,39
1590795000,36
1590795900,27
1590796800,16
1590797700,46
1590798600,47
1590799500,29
1590800400,25
1590801300,16
1590802200,36
1590803100,17
1590804000,16
1590804900,38
1590805800,15
1590806700,49
1590807600,57
1590808500,16
1590809400,58
1590810300,17
1590811200,36
1590812100,35
1590813000,37
1590813900,534
1590814800,592
1590815700,299
1590816600,74
1590817500,366
1590818400,143
1590819300,159
1590820200,119
1590821100,139
1590822000,237
1590822900,133
1590823800,424
1590824700,160
1590825600,57
1590826500,443
1590827400,211
1590828300,15
1590829200,51
1590830100,24
1590831000,41
1590831900,87
1590832800,87
1590833700,190
1590834600,50
1590835500,44
1590836400,92
1590837300,111
1590838200,50
1590839100,28
1590840000,33
1590840900,22
1590841800,43
1590842700,31
1590843600,40
1590844500,22
1590845400,9
1590846300,154
1590847200,119
1590848100,132
1590849000,123
1590849900,147
1590850800,281
1590851700,180
1590852600,181
1590853500,291
1590854400,240
1590855300,508
1590856200,192
1590857100,178
1590858000,186
1590858900,164
1590859800,594
1590860700,668
1590861600,561
1590862500,525
1590863400,481
1590864300,307
1590865200,229
1590866100,213
1590867000,191
1590867900,180
1590868800,157
1590869700,207
1590870600,155
1590871500,202
1590872400,150
1590873300,44
1590874200,29
1590875100,20
1590876000,36
1590876900,31
1590877800,21
1590878700,8
1590879600,50
1590880500,19
1590881400,17
1590882300,34
1590883200,6
1590884100,55
1590885000,14
1590885900,19
1590886800,32
1590887700,28
1590888600,26
1590889500,32
1590890400,19
1590891300,18
1590892200,46
1590893100,12
1590894000,30
1590894900,20
1590895800,9
1590896700,59
1590897600,6
1590898500,23
1590899400,27
1590900300,21
1590901200,35
1590902100,19
1590903000,18
1590903900,103
1590904800,141
1590905700,146
1590906600,285
1590907500,129
1590908400,75
1590909300,65
1590910200,17
1590911100,24
1590912000,30
1590912900,10
1590913800,55
1590914700,24
1590915600,38
1590916500,713
1590917400,604
1590918300,473
1590919200,407
1590920100,321
1590921000,64
1590921900,17
1590922800,41
1590923700,34
1590924600,274
1590925500,586
1590926400,352
1590927300,176
1590928200,165
1590929100,618
1590930000,358
1590930900,131
1590931800,118
1590932700,143
1590933600,222
1590934500,161
1590935400,226
1590936300,142
1590937200,191
1590938100,38
1590939000,11
1590939900,62
1590940800,18
1590941700,26
1590942600,122
1590943500,92
1590944400,22
1590945300,39
1590946200,11
1590947100,42
1590948000,36
1590948900,18
1590949800,90
1590950700,160
1590951600,146
1590952500,134
1590953400,130
1590954300,127
1590955200,148
1590956100,203
1590957000,358
1590957900,377
1590958800,327
1590959700,385
1590960600,321
1590961500,265
1590962400,191
1590963300,160
1590964200,170
1590965100,154
1590966000,158
1590966900,168
1590967800,177
1590968700,159
1590969600,174
1590970500,148
1590971400,167
1590972300,169
1590973200,148
1590974100,190
1590975000,147
1590975900,167
1590976800,171
1590977700,101
1590978600,33
1590979500,19
1590980400,32
1590981300,29
1590982200,28
1590983100,12
1590984000,35
1590984900,32
1590985800,19
1590986700,452
1590987600,559
1590988500,437
1590989400,71
1590990300,182
1590991200,173
1590992100,194
1590993000,247
1590993900,114
1590994800,31
1590995700,66
1590996600,35
1590997500,66
1590998400,51
1590999300,62
1591000200,78
1591001100,34
1591002000,164
1591002900,429
1591003800,196
1591004700,310
1591005600,433
1591006500,141
1591007400,128
1591008300,123
1591009200,127
1591010100,142
1591011000,134
1591011900,123
1591012800,125
1591013700,126
1591014600,145
1591015500,143
1591016400,131
1591017300,134
1591018200,145
1591019100,136
1591020000,222
1591020900,119
1591021800,121
1591022700,145
1591023600,109
1591024500,143
1591025400,78
1591026300,73
1591027200,104
1591028100,156
1591029000,92
1591029900,23
1591030800,113
1591031700,146
1591032600,122
1591033500,187
1591034400,175
1591035300,180
1591036200,171
1591037100,154
1591038000,168
1591038900,172
1591039800,151
1591040700,158
1591041600,255
1591042500,227
1591043400,203
1591044300,188
1591045200,153
1591046100,142
1591047000,47
1591047900,10
1591048800,22
1591049700,37
1591050600,42
1591051500,15
1591052400,48
1591053300,12
1591054200,13
1591055100,70
1591056000,10
1591056900,26
1591057800,45
1591058700,7
1591059600,38
1591060500,37
1591061400,21
1591062300,9
1591063200,45
1591064100,42
1591065000,20
1591065900,43
1591066800,69
1591067700,86
1591068600,241
1591069500,64
1591070400,95
1591071300,50
1591072200,33
1591073100,58
1591074000,40
1591074900,12
1591075800,64
1591076700,70
1591077600,209
1591078500,64
1591079400,86
1591080300,315
1591081200,671
1591082100,80
1591083000,289
1591083900,429
1591084800,71
1591085700,60
1591086600,62
1591087500,59
1591088400,97
1591089300,110
1591090200,79
1591091100,79
1591092000,213
1591092900,251
1591093800,432
1591094700,622
1591095600,486
1591096500,457
1591097400,110
1591098300,44
1591099200,92
1591100100,374
1591101000,143
1591101900,141
1591102800,86
1591103700,75
1591104600,142
1591105500,148
1591106400,38
1591107300,64
1591108200,19
1591109100,56
1591110000,73
1591110900,136
1591111800,140
1591112700,205
1591113600,194
1591114500,165
1591115400,292
1591116300,302
1591117200,280
1591118100,190
1591119000,76
1591119900,72
1591120800,203
1591121700,161
1591122600,184
1591123500,174
1591124400,169
1591125300,192
1591126200,221
1591127100,318
1591128000,340
1591128900,196
1591129800,195
1591130700,239
1591131600,221
1591132500,188
1591133400,163
1591134300,150
1591135200,190
1591136100,147
1591137000,178
1591137900,165
1591138800,164
1591139700,172
1591140600,159
1591141500,164
1591142400,171
1591143300,171
1591144200,154
1591145100,180
1591146000,155
1591146900,174
1591147800,166
1591148700,57
1591149600,55
1591150500,8
1591151400,39
1591152300,30
1591153200,73
1591154100,115
1591155000,208
1591155900,114
1591156800,156
1591157700,31
1591158600,28
1591159500,23
1591160400,29
1591161300,31
1591162200,91
1591163100,41
1591164000,159
1591164900,218
1591165800,146
1591166700,119
1591167600,50
1591168500,91
1591169400,59
1591170300,58
1591171200,91
1591172100,49
1591173000,91
1591173900,58
1591174800,60
1591175700,222
1591176600,514
1591177500,211
1591178400,132
1591179300,133
1591180200,142
1591181100,65
1591182000,71
1591182900,71
1591183800,65
1591184700,51
1591185600,137
1591186500,63
1591187400,90
1591188300,94
1591189200,67
1591190100,112
1591191000,67
1591191900,90
1591192800,93
1591193700,49
1591194600,89
1591195500,53
1591196400,50
1591197300,73
1591198200,65
1591199100,73
1591200000,145
1591200900,120
1591201800,393
1591202700,185
1591203600,234
1591204500,179
1591205400,100
1591206300,98
1591207200,72
1591208100,80
1591209000,187
1591209900,174
1591210800,208
1591211700,182
1591212600,273
1591213500,179
1591214400,226
1591215300,84
1591216200,48
1591217100,65
1591218000,40
1591218900,40
1591219800,28
1591220700,26
1591221600,8
1591222500,55
1591223400,22
1591224300,19
1591225200,32
1591226100,7
1591227000,67
1591227900,10
1591228800,27
1591229700,24
1591230600,19
1591231500,29
1591232400,20
1591233300,44
1591234200,31
1591235100,21
1591236000,24
1591236900,41
1591237800,13
1591238700,44
1591239600,75
1591240500,88
1591241400,265
1591242300,91
1591243200,159
1591244100,14
1591245000,20
1591245900,31
1591246800,14
1591247700,51
1591248600,16
1591249500,93
1591250400,51
1591251300,57
1591252200,76
1591253100,37
1591254000,66
1591254900,45
1591255800,74
1591256700,84
1591257600,68
1591258500,86
1591259400,78
1591260300,94
1591261200,84
1591262100,71
1591263000,99
1591263900,275
1591264800,123
1591265700,130
1591266600,129
1591267500,63
1591268400,69
1591269300,31
1591270200,29
1591271100,31
1591272000,13
1591272900,57
1591273800,24
1591274700,55
1591275600,62
1591276500,59
1591277400,89
1591278300,59
1591279200,96
1591280100,33
1591281000,48
1591281900,55
1591282800,37
1591283700,31
1591284600,228
1591285500,329
1591286400,175
1591287300,158
1591288200,172
1591289100,163
1591290000,159
1591290900,162
1591291800,173
1591292700,231
1591293600,172
1591294500,153
1591295400,137
1591296300,250
1591297200,140
1591298100,244
1591299000,379
1591299900,352
1591300800,250
1591301700,143
1591302600,163
1591303500,162
1591304400,157
1591305300,181
1591306200,151
1591307100,158
1591308000,169
1591308900,173
1591309800,157
1591310700,167
1591311600,153
1591312500,163
1591313400,186
1591314300,148
1591315200,182
1591316100,146
1591317000,163
1591317900,186
1591318800,145
1591319700,72
1591320600,12
1591321500,31
1591322400,42
1591323300,11
1591324200,27
1591325100,31
1591326000,98
1591326900,95
1591327800,240
1591328700,93
1591329600,157
1591330500,294
1591331400,314
1591332300,51
1591333200,225
1591334100,458
1591335000,24
1591335900,40
1591336800,64
1591337700,41
1591338600,77
1591339500,87
1591340400,48
1591341300,78
1591342200,54
1591343100,65
1591344000,83
1591344900,46
1591345800,59
1591346700,61
1591347600,74
1591348500,165
1591349400,135
1591350300,112
1591351200,154
1591352100,126
1591353000,116
1591353900,95
1591354800,13
1591355700,62
1591356600,21
1591357500,25
1591358400,49
1591359300,44
1591360200,47
1591361100,35
1591362000,31
1591362900,37
1591363800,53
1591364700,18
1591365600,48
1591366500,47
1591367400,144
1591368300,66
1591369200,46
1591370100,48
1591371000,72
1591371900,71
1591372800,78
1591373700,76
1591374600,61
1591375500,91
1591376400,48
1591377300,128
1591378200,163
1591379100,144
1591380000,168
1591380900,132
1591381800,188
1591382700,198
1591383600,203
1591384500,211
1591385400,135
1591386300,174
1591387200,128
1591388100,143
1591389000,150
1591389900,129
1591390800,40
1591391700,19
1591392600,29
1591393500,30
1591394400,20
1591395300,10
1591396200,44
1591397100,22
1591398000,19
1591398900,31
1591399800,8
1591400700,50
1591401600,18
1591402500,8
1591403400,42
1591404300,6
1591405200,54
1591406100,23
1591407000,15
1591407900,30
1591408800,18
1591409700,31
1591410600,31
1591411500,19
1591412400,17
1591413300,38
1591414200,20
1591415100,26
1591416000,34
1591416900,117
1591417800,161
1591418700,109
1591419600,117
1591420500,132
1591421400,115
1591422300,240
1591423200,324
1591424100,144
1591425000,143
1591425900,140
1591426800,337
1591427700,192
1591428600,148
1591429500,162
1591430400,157
1591431300,171
1591432200,152
1591433100,135
1591434000,365
1591434900,431
1591435800,885
1591436700,1248
1591437600,740
1591438500,452
1591439400,339
1591440300,433
1591441200,798
1591442100,299
1591443000,106
1591443900,103
1591444800,658
1591445700,166
1591446600,120
1591447500,111
1591448400,188
1591449300,135
1591450200,96
1591451100,110
1591452000,127
1591452900,213
1591453800,54
1591454700,68
1591455600,121
1591456500,76
1591457400,68
1591458300,132
1591459200,140
1591460100,140
1591461000,255
1591461900,710
1591462800,651
1591463700,454
1591464600,601
1591465500,621
1591466400,345
1591467300,435
1591468200,356
1591469100,253
1591470000,269
1591470900,218
1591471800,300
1591472700,120
1591473600,128
1591474500,170
1591475400,259
1591476300,185
1591477200,187
1591478100,146
1591479000,174
1591479900,159
1591480800,178
1591481700,169
1591482600,160
1591483500,146
1591484400,197
1591485300,153
1591486200,158
1591487100,169
1591488000,158
1591488900,176
1591489800,158
1591490700,171
1591491600,165
1591492500,174
1591493400,154
1591494300,300
1591495200,256
1591496100,277
1591497000,94
1591497900,21
1591498800,26
1591499700,32
1591500600,32
1591501500,21
1591502400,35
1591503300,10
1591504200,47
1591505100,28
1591506000,13
1591506900,41
1591507800,12
1591508700,38
1591509600,61
1591510500,200
1591511400,138
1591512300,142
1591513200,209
1591514100,156
1591515000,182
1591515900,144
1591516800,63
1591517700,48
1591518600,107
1591519500,118
1591520400,373
1591521300,580
1591522200,544
1591523100,619
1591524000,213
1591524900,145
1591525800,138
1591526700,112
1591527600,673
1591528500,667
1591529400,549
1591530300,455
1591531200,290
1591532100,957
1591533000,391
1591533900,160
1591534800,129
1591535700,126
1591536600,144
1591537500,137
1591538400,146
1591539300,234
1591540200,50
1591541100,91
1591542000,187
1591542900,142
1591543800,160
1591544700,216
1591545600,120
1591546500,161
1591547400,134
1591548300,133
1591549200,203
1591550100,112
1591551000,146
1591551900,114
1591552800,140
1591553700,218
1591554600,122
1591555500,129
1591556400,141
1591557300,161
1591558200,143
1591559100,148
1591560000,174
1591560900,168
1591561800,159
1591562700,121
1591563600,158
1591564500,120
1591565400,138
1591566300,154
1591567200,103
1591568100,28
1591569000,24
1591569900,36
1591570800,33
1591571700,20
1591572600,18
1591573500,28
1591574400,37
1591575300,8
1591576200,41
1591577100,12
1591578000,11
1591578900,64
1591579800,7
1591580700,25
1591581600,26
1591582500,14
1591583400,46
1591584300,19
1591585200,20
1591586100,27
1591587000,40
1591587900,189
1591588800,184
1591589700,73
1591590600,12
1591591500,48
1591592400,20
1591593300,18
1591594200,36
1591595100,7
1591596000,48
1591596900,30
1591597800,38
1591598700,412
1591599600,541
1591600500,385
1591601400,77
1591602300,35
1591603200,51
1591604100,67
1591605000,54
1591605900,300
1591606800,66
1591607700,35
1591608600,52
1591609500,41
1591610400,32
1591611300,36
1591612200,12
1591613100,12
1591614000,81
1591614900,64
1591615800,26
1591616700,51
1591617600,143
1591618500,158
1591619400,60
1591620300,64
1591621200,57
1591622100,46
1591623000,17
1591623900,39
1591624800,29
1591625700,40
1591626600,28
1591627500,20
1591628400,31
1591629300,25
1591630200,25
1591631100,52
1591632000,14
1591632900,22
1591633800,56
1591634700,187
1591635600,125
1591636500,185
1591637400,168
1591638300,204
1591639200,159
1591640100,130
1591641000,141
1591641900,134
1591642800,126
1591643700,142
1591644600,153
1591645500,277
1591646400,243
1591647300,159
1591648200,181
1591649100,187
1591650000,145
1591650900,171
1591651800,161
1591652700,170
1591653600,164
1591654500,174
1591655400,147
1591656300,184
1591657200,158
1591658100,144
1591659000,194
1591659900,149
1591660800,169
1591661700,171
1591662600,153
1591663500,178
1591664400,165
1591665300,178
1591666200,167
1591667100,30
1591668000,19
1591668900,35
1591669800,31
1591670700,11
1591671600,52
1591672500,12
1591673400,43
1591674300,186
1591675200,206
1591676100,68
1591677000,8
1591677900,30
1591678800,34
1591679700,8
1591680600,34
1591681500,18
1591682400,34
1591683300,34
1591684200,15
1591685100,15
1591686000,34
1591686900,37
1591687800,11
1591688700,41
1591689600,7
1591690500,28
1591691400,50
1591692300,8
1591693200,36
1591694100,16
1591695000,25
1591695900,39
1591696800,10
1591697700,32
1591698600,32
1591699500,21
1591700400,25
1591701300,25
1591702200,22
1591703100,20
1591704000,37
1591704900,22
1591705800,27
1591706700,25
1591707600,8
1591708500,56
1591709400,15
1591710300,15
1591711200,43
1591712100,33
1591713000,54
1591713900,32
1591714800,86
1591715700,136
1591716600,258
1591717500,144
1591718400,141
1591719300,114
1591720200,125
1591721100,217
1591722000,105
1591722900,133
1591723800,121
1591724700,133
1591725600,192
1591726500,139
1591727400,120
1591728300,140
1591729200,115
1591730100,119
1591731000,171
1591731900,120
1591732800,139
1591733700,165
1591734600,59
1591735500,44
1591736400,119
1591737300,308
1591738200,247
1591739100,127
1591740000,15
1591740900,29
1591741800,11
1591742700,23
1591743600,29
1591744500,43
1591745400,64
1591746300,37
1591747200,10
1591748100,43
1591749000,20
1591749900,49
1591750800,20
1591751700,22
1591752600,27
1591753500,25
1591754400,8
1591755300,66
1591756200,11
1591757100,30
1591758000,22
1591758900,28
1591759800,27
1591760700,26
1591761600,9
1591762500,55
1591763400,177
1591764300,250
1591765200,160
1591766100,182
1591767000,153
1591767900,140
1591768800,276
1591769700,292
1591770600,55
1591771500,268
1591772400,375
1591773300,17
1591774200,24
1591775100,29
1591776000,13
1591776900,54
1591777800,15
1591778700,19
1591779600,32
1591780500,33
1591781400,20
1591782300,31
1591783200,14
1591784100,34
1591785000,37
1591785900,9
1591786800,44
1591787700,7
1591788600,41
1591789500,29
1591790400,17
1591791300,28
1591792200,27
1591793100,27
1591794000,32
1591794900,19
1591795800,11
1591796700,62
1591797600,7
1591798500,34
1591799400,17
1591800300,24
1591801200,46
1591802100,18
1591803000,35
1591803900,137
1591804800,89
1591805700,64
1591806600,52
1591807500,35
1591808400,182
1591809300,191
1591810200,129
1591811100,125
1591812000,133
1591812900,155
1591813800,114
1591814700,148
1591815600,181
1591816500,158
1591817400,154
1591818300,136
1591819200,131
1591820100,263
1591821000,338
1591821900,189
1591822800,176
1591823700,146
1591824600,192
1591825500,148
1591826400,162
1591827300,178
1591828200,145
1591829100,186
1591830000,154
1591830900,167
1591831800,175
1591832700,154
1591833600,164
1591834500,171
1591835400,171
1591836300,158
1591837200,186
1591838100,162
1591839000,171
1591839900,161
1591840800,148
1591841700,92
1591842600,22
1591843500,22
1591844400,35
1591845300,19
1591846200,32
1591847100,23
1591848000,34
1591848900,40
1591849800,108
1591850700,231
1591851600,160
1591852500,180
1591853400,12
1591854300,45
1591855200,10
1591856100,37
1591857000,34
1591857900,10
1591858800,52
1591859700,17
1591860600,29
1591861500,41
1591862400,13
1591863300,34
1591864200,30
1591865100,23
1591866000,21
1591866900,39
1591867800,35
1591868700,27
1591869600,28
1591870500,10
1591871400,57
1591872300,15
1591873200,15
1591874100,32
1591875000,13
1591875900,25
1591876800,23
1591877700,11
1591878600,36
1591879500,14
1591880400,36
1591881300,69
1591882200,44
1591883100,26
1591884000,40
1591884900,10
1591885800,42
1591886700,16
1591887600,41
1591888500,47
1591889400,15
1591890300,22
1591891200,34
1591892100,18
1591893000,28
1591893900,55
1591894800,14
1591895700,42
1591896600,13
1591897500,21
1591898400,36
1591899300,28
1591900200,56
1591901100,33
1591902000,30
1591902900,151
1591903800,227
1591904700,181
1591905600,171
1591906500,160
1591907400,109
1591908300,30
1591909200,25
1591910100,24
1591911000,38
1591911900,7
1591912800,46
1591913700,7
1591914600,23
1591915500,29
1591916400,31
1591917300,26
1591918200,27
1591919100,11
1591920000,41
1591920900,29
1591921800,7
1591922700,44
1591923600,7
1591924500,46
1591925400,24
1591926300,19
1591927200,24
1591928100,33
1591929000,20
1591929900,32
1591930800,17
1591931700,18
1591932600,67
1591933500,177
1591934400,211
1591935300,39
1591936200,31
1591937100,30
1591938000,23
1591938900,7
1591939800,53
1591940700,17
1591941600,19
1591942500,31
1591943400,11
1591944300,51
1591945200,15
1591946100,19
1591947000,31
1591947900,27
1591948800,22
1591949700,30
1591950600,19
1591951500,18
1591952400,50
1591953300,10
1591954200,38
1591955100,13
1591956000,18
1591956900,56
1591957800,7
1591958700,25
1591959600,26
1591960500,25
1591961400,34
1591962300,18
1591963200,20
1591964100,29
1591965000,34
1591965900,16
1591966800,32
1591967700,94
1591968600,126
1591969500,50
1591970400,48
1591971300,32
1591972200,48
1591973100,12
1591974000,67
1591974900,12
1591975800,47
1591976700,98
1591977600,131
1591978500,142
1591979400,192
1591980300,137
1591981200,131
1591982100,121
1591983000,107
1591983900,142
1591984800,134
1591985700,123
1591986600,154
1591987500,119
1591988400,147
1591989300,156
1591990200,125
1591991100,164
1591992000,125
1591992900,136
1591993800,68
1591994700,17
1591995600,42
1591996500,28
1591997400,38
1591998300,53
1591999200,14
1592000100,23
1592001000,33
1592001900,33
1592002800,29
1592003700,26
1592004600,21
1592005500,25
1592006400,44
1592007300,13
1592008200,35
1592009100,15
1592010000,13
1592010900,35
1592011800,129
1592012700,132
1592013600,135
1592014500,119
1592015400,164
1592016300,156
1592017200,119
1592018100,244
1592019000,559
1592019900,543
1592020800,272
1592021700,48
1592022600,35
1592023500,37
1592024400,107
1592025300,127
1592026200,39
1592027100,10
1592028000,64
1592028900,22
1592029800,244
1592030700,33
1592031600,39
1592032500,28
1592033400,39
1592034300,61
1592035200,54
1592036100,70
1592037000,20
1592037900,40
1592038800,21
1592039700,43
1592040600,36
1592041500,23
1592042400,21
1592043300,44
1592044200,15
1592045100,37
1592046000,22
1592046900,17
1592047800,67
1592048700,11
1592049600,25
1592050500,30
1592051400,31
1592052300,26
1592053200,55
1592054100,37
1592055000,525
1592055900,69
1592056800,31
1592057700,575
1592058600,39
1592059500,44
1592060400,86
1592061300,42
1592062200,28
1592063100,31
1592064000,34
1592064900,34
1592065800,125
1592066700,46
1592067600,54
1592068500,10
1592069400,33
1592070300,32
1592071200,10
1592072100,54
1592073000,10
1592073900,31
1592074800,36
1592075700,17
1592076600,34
1592077500,22
1592078400,39
1592079300,35
1592080200,35
1592081100,27
1592082000,38
1592082900,29
1592083800,23
1592084700,60
1592085600,21
1592086500,28
1592087400,27
1592088300,34
1592089200,68
1592090100,9
1592091000,19
1592091900,32
1592092800,14
1592093700,40
1592094600,22
1592095500,20
1592096400,23
1592097300,31
1592098200,22
1592099100,30
1592100000,20
1592100900,6
1592101800,61
1592102700,8
1592103600,25
1592104500,24
1592105400,17
1592106300,44
1592107200,14
1592108100,19
1592109000,31
1592109900,27
1592110800,19
1592111700,30
1592112600,20
1592113500,15
1592114400,51
1592115300,8
1592116200,117
1592117100,150
1592118000,217
1592118900,73
1592119800,25
1592120700,33
1592121600,26
1592122500,14
1592123400,52
1592124300,16
1592125200,22
1592126100,92
1592127000,565
1592127900,605
1592128800,145
1592129700,39
1592130600,14
1592131500,43
1592132400,45
1592133300,356
1592134200,300
1592135100,77
1592136000,394
1592136900,293
1592137800,52
1592138700,51
1592139600,66
1592140500,77
1592141400,62
1592142300,158
1592143200,14
1592144100,38
1592145000,44
1592145900,112
1592146800,114
1592147700,47
1592148600,58
1592149500,73
1592150400,14
1592151300,35
1592152200,12
1592153100,16
1592154000,31
1592154900,13
1592155800,26
1592156700,20
1592157600,19
1592158500,75
1592159400,33
1592160300,36
1592161200,65
1592162100,17
1592163000,47
1592163900,15
1592164800,41
1592165700,100
1592166600,357
1592167500,187
1592168400,165
1592169300,165
1592170200,88
1592171100,41
1592172000,8
1592172900,64
1592173800,13
1592174700,33
1592175600,20
1592176500,25
1592177400,45
1592178300,10
1592179200,24
1592180100,28
1592181000,44
1592181900,30
1592182800,30
1592183700,8
1592184600,43
1592185500,11
1592186400,24
1592187300,55
1592188200,8
1592189100,45
1592190000,72
1592190900,88
1592191800,244
1592192700,108
1592193600,115
1592194500,68
1592195400,12
1592196300,44
1592197200,9
1592198100,23
1592199000,62
1592199900,52
1592200800,51
1592201700,53
1592202600,409
1592203500,200
1592204400,47
1592205300,68
1592206200,53
1592207100,69
1592208000,40
1592208900,37
1592209800,29
1592210700,40
1592211600,43
1592212500,259
1592213400,108
1592214300,51
1592215200,67
1592216100,40
1592217000,25
1592217900,209
1592218800,141
1592219700,111
1592220600,41
1592221500,27
1592222400,35
1592223300,8
1592224200,65
1592225100,18
1592226000,24
1592226900,70
1592227800,14
1592228700,58
1592229600,17
1592230500,21
1592231400,34
1592232300,29
1592233200,119
1592234100,68
1592235000,71
1592235900,79
1592236800,61
1592237700,53
1592238600,73
1592239500,51
1592240400,313
1592241300,361
1592242200,309
1592243100,440
1592244000,186
1592244900,153
1592245800,142
1592246700,112
1592247600,141
1592248500,113
1592249400,152
1592250300,156
1592251200,265
1592252100,290
1592253000,285
1592253900,291
1592254800,204
1592255700,159
1592256600,153
1592257500,186
1592258400,157
1592259300,161
1592260200,163
1592261100,143
1592262000,200
1592262900,150
1592263800,161
1592264700,162
1592265600,152
1592266500,193
1592267400,146
1592268300,159
1592269200,165
1592270100,166
1592271000,168
1592271900,89
1592272800,19
1592273700,31
1592274600,44
1592275500,23
1592276400,98
1592277300,75
1592278200,245
1592279100,108
1592280000,101
1592280900,68
1592281800,8
1592282700,26
1592283600,26
1592284500,25
1592285400,64
1592286300,14
1592287200,34
1592288100,44
1592289000,168
1592289900,793
1592290800,414
1592291700,66
1592292600,77
1592293500,76
1592294400,69
1592295300,35
1592296200,33
1592297100,45
1592298000,35
1592298900,34
1592299800,122
1592300700,23
1592301600,42
1592302500,29
1592303400,44
1592304300,50
1592305200,27
1592306100,29
1592307000,45
1592307900,42
1592308800,37
1592309700,33
1592310600,20
1592311500,62
1592312400,34
1592313300,40
1592314200,18
1592315100,30
1592316000,59
1592316900,10
1592317800,32
1592318700,24
1592319600,24
1592320500,34
1592321400,39
1592322300,29
1592323200,37
1592324100,16
1592325000,27
1592325900,39
1592326800,40
1592327700,212
1592328600,122
1592329500,229
1592330400,418
1592331300,170
1592332200,167
1592333100,125
1592334000,140
1592334900,236
1592335800,151
1592336700,138
1592337600,262
1592338500,188
1592339400,181
1592340300,172
1592341200,155
1592342100,172
1592343000,146
1592343900,196
1592344800,154
1592345700,153
1592346600,171
1592347500,149
1592348400,176
1592349300,154
1592350200,155
1592351100,166
1592352000,170
1592352900,167
1592353800,164
1592354700,150
1592355600,165
1592356500,169
1592357400,115
1592358300,55
1592359200,7
1592360100,35
1592361000,28
1592361900,21
1592362800,102
1592363700,79
1592364600,232
1592365500,112
1592366400,137
1592367300,46
1592368200,11
1592369100,27
1592370000,26
1592370900,41
1592371800,29
1592372700,24
1592373600,8
1592374500,49
1592375400,16
1592376300,23
1592377200,39
1592378100,8
1592379000,53
1592379900,10
1592380800,31
1592381700,33
1592382600,18
1592383500,35
1592384400,18
1592385300,32
1592386200,32
1592387100,28
1592388000,19
1592388900,38
1592389800,17
1592390700,34
1592391600,30
1592392500,8
1592393400,57
1592394300,7
1592395200,37
1592396100,28
1592397000,11
1592397900,53
1592398800,20
1592399700,72
1592400600,22
1592401500,43
1592402400,38
1592403300,11
1592404200,53
1592405100,8
1592406000,42
1592406900,25
1592407800,22
1592408700,36
1592409600,12
1592410500,33
1592411400,32
1592412300,26
1592413200,24
1592414100,93
1592415000,39
1592415900,26
1592416800,38
1592417700,43
1592418600,32
1592419500,101
1592420400,216
1592421300,243
1592422200,187
1592423100,144
1592424000,136
1592424900,152
1592425800,128
1592426700,181
1592427600,159
1592428500,147
1592429400,196
1592430300,177
1592431200,162
1592432100,173
1592433000,145
1592433900,182
1592434800,167
1592435700,151
1592436600,170
1592437500,160
1592438400,172
1592439300,160
1592440200,156
1592441100,165
1592442000,182
1592442900,143
1592443800,179
1592444700,142
1592445600,175
1592446500,171
1592447400,94
1592448300,37
1592449200,76
1592450100,102
1592451000,241
1592451900,97
1592452800,141
1592453700,273
1592454600,288
1592455500,61
1592456400,175
1592457300,449
1592458200,40
1592459100,9
1592460000,40
1592460900,14
1592461800,37
1592462700,49
1592463600,13
1592464500,24
1592465400,28
1592466300,30
1592467200,25
1592468100,40
1592469000,9
1592469900,49
1592470800,17
1592471700,20
1592472600,46
1592473500,10
1592474400,51
1592475300,16
1592476200,21
1592477100,46
1592478000,8
1592478900,40
1592479800,26
1592480700,29
1592481600,32
1592482500,24
1592483400,23
1592484300,34
1592485200,35
1592486100,16
1592487000,46
1592487900,12
1592488800,38
1592489700,30
1592490600,9
1592491500,46
1592492400,45
1592493300,480
1592494200,142
1592495100,76
1592496000,89
1592496900,64
1592497800,107
1592498700,46
1592499600,67
1592500500,42
1592501400,9
1592502300,55
1592503200,130
1592504100,124
1592505000,132
1592505900,131
1592506800,188
1592507700,149
1592508600,149
1592509500,167
1592510400,118
1592511300,136
1592512200,17
1592513100,25
1592514000,55
1592514900,9
1592515800,30
1592516700,23
1592517600,38
1592518500,42
1592519400,16
1592520300,20
1592521200,36
1592522100,41
1592523000,27
1592523900,27
1592524800,9
1592525700,50
1592526600,30
1592527500,20
1592528400,34
1592529300,8
1592530200,62
1592531100,19
1592532000,22
1592532900,33
1592533800,14
1592534700,52
1592535600,75
1592536500,101
1592537400,238
1592538300,120
1592539200,138
1592540100,25
1592541000,36
1592541900,33
1592542800,21
1592543700,20
1592544600,48
1592545500,27
1592546400,32
1592547300,21
1592548200,14
1592549100,62
1592550000,31
1592550900,26
1592551800,18
1592552700,9
1592553600,36
1592554500,9
1592555400,23
1592556300,23
1592557200,33
1592558100,62
1592559000,10
1592559900,50
1592560800,39
1592561700,21
1592562600,26
1592563500,35
1592564400,31
1592565300,32
1592566200,22
1592567100,26
1592568000,53
1592568900,7
1592569800,47
1592570700,7
1592571600,47
1592572500,32
1592573400,21
1592574300,29
1592575200,31
1592576100,29
1592577000,30
1592577900,22
1592578800,25
1592579700,50
1592580600,8
1592581500,46
1592582400,9
1592583300,43
1592584200,40
1592585100,134
1592586000,148
1592586900,162
1592587800,164
1592588700,172
1592589600,153
1592590500,187
1592591400,156
1592592300,151
1592593200,167
1592594100,127
1592595000,182
1592595900,141
1592596800,133
1592597700,211
1592598600,157
1592599500,172
1592600400,164
1592601300,174
1592602200,170
1592603100,162
1592604000,161
1592604900,201
1592605800,156
1592606700,186
1592607600,159
1592608500,181
1592609400,177
1592610300,160
1592611200,157
1592612100,173
1592613000,148
1592613900,197
1592614800,163
1592615700,166
1592616600,173
1592617500,163
1592618400,132
1592619300,24
1592620200,18
1592621100,41
1592622000,34
1592622900,19
1592623800,37
1592624700,12
1592625600,59
1592626500,256
1592627400,546
1592628300,522
1592629200,52
1592630100,98
1592631000,134
1592631900,254
1592632800,225
1592633700,129
1592634600,113
1592635500,139
1592636400,114
1592637300,130
1592638200,56
1592639100,21
1592640000,55
1592640900,29
1592641800,47
1592642700,23
1592643600,30
1592644500,35
1592645400,38
1592646300,17
1592647200,41
1592648100,9
1592649000,90
1592649900,149
1592650800,126
1592651700,148
1592652600,122
1592653500,155
1592654400,122
1592655300,185
1592656200,207
1592657100,133
1592658000,131
1592658900,23
1592659800,37
1592660700,92
1592661600,143
1592662500,170
1592663400,73
1592664300,35
1592665200,38
1592666100,40
1592667000,25
1592667900,42
1592668800,46
1592669700,118
1592670600,251
1592671500,92
1592672400,71
1592673300,35
1592674200,38
1592675100,29
1592676000,370
1592676900,437
1592677800,187
1592678700,149
1592679600,115
1592680500,117
1592681400,146
1592682300,122
1592683200,122
1592684100,141
1592685000,140
1592685900,129
1592686800,137
1592687700,37
1592688600,50
1592689500,37
1592690400,66
1592691300,30
1592692200,142
1592693100,185
1592694000,102
1592694900,49
1592695800,52
1592696700,8
1592697600,43
1592698500,12
1592699400,24
1592700300,35
1592701200,44
1592702100,28
1592703000,26
1592703900,9
1592704800,46
1592705700,9
1592706600,50
1592707500,31
1592708400,19
1592709300,33
1592710200,24
1592711100,23
1592712000,34
1592712900,26
1592713800,24
1592714700,39
1592715600,10
1592716500,56
1592717400,9
1592718300,25
1592719200,116
1592720100,97
1592721000,151
1592721900,117
1592722800,119
1592723700,137
1592724600,137
1592725500,73
1592726400,78
1592727300,120
1592728200,283
1592729100,107
1592730000,89
1592730900,106
1592731800,468
1592732700,1074
1592733600,691
1592734500,467
1592735400,182
1592736300,166
1592737200,202
1592738100,362
1592739000,733
1592739900,406
1592740800,414
1592741700,586
1592742600,144
1592743500,166
1592744400,137
1592745300,146
1592746200,173
1592747100,171
1592748000,207
1592748900,482
1592749800,185
1592750700,168
1592751600,189
1592752500,142
1592753400,198
1592754300,145
1592755200,190
1592756100,181
1592757000,178
1592757900,184
1592758800,91
1592759700,56
1592760600,69
1592761500,83
1592762400,68
1592763300,95
1592764200,93
1592765100,159
1592766000,191
1592766900,153
1592767800,194
1592768700,181
1592769600,212
1592770500,284
1592771400,156
1592772300,188
1592773200,144
1592774100,161
1592775000,162
1592775900,171
1592776800,41
1592777700,37
1592778600,38
1592779500,31
1592780400,22
1592781300,10
1592782200,48
1592783100,20
1592784000,20
1592784900,32
1592785800,7
1592786700,61
1592787600,12
1592788500,21
1592789400,30
1592790300,15
1592791200,58
1592792100,25
1592793000,11
1592793900,42
1592794800,67
1592795700,82
1592796600,232
1592797500,121
1592798400,180
1592799300,84
1592800200,37
1592801100,29
1592802000,98
1592802900,155
1592803800,245
1592804700,41
1592805600,101
1592806500,74
1592807400,46
1592808300,374
1592809200,1094
1592810100,666
1592811000,119
1592811900,129
1592812800,645
1592813700,140
1592814600,51
1592815500,46
1592816400,21
1592817300,28
1592818200,147
1592819100,176
1592820000,233
1592820900,199
1592821800,202
1592822700,343
1592823600,128
1592824500,74
1592825400,39
1592826300,30
1592827200,28
1592828100,33
1592829000,57
1592829900,272
1592830800,333
1592831700,88
1592832600,478
1592833500,510
1592834400,110
1592835300,40
1592836200,72
1592837100,51
1592838000,97
1592838900,63
1592839800,53
1592840700,29
1592841600,43
1592842500,23
1592843400,28
1592844300,27
1592845200,48
1592846100,170
1592847000,169
1592847900,154
1592848800,572
1592849700,529
1592850600,384
1592851500,56
1592852400,123
1592853300,142
1592854200,163
1592855100,284
1592856000,302
1592856900,459
1592857800,321
1592858700,370
1592859600,298
1592860500,300
1592861400,299
1592862300,305
1592863200,311
1592864100,261
1592865000,186
1592865900,153
1592866800,164
1592867700,175
1592868600,146
1592869500,196
1592870400,148
1592871300,166
1592872200,173
1592873100,150
1592874000,183
1592874900,154
1592875800,159
1592876700,49
1592877600,31
1592878500,24
1592879400,30
1592880300,22
1592881200,91
1592882100,102
1592883000,213
1592883900,131
1592884800,99
1592885700,61
1592886600,40
1592887500,7
1592888400,54
1592889300,54
1592890200,48
1592891100,31
1592892000,47
1592892900,37
1592893800,23
1592894700,42
1592895600,30
1592896500,23
1592897400,10
1592898300,45
1592899200,19
1592900100,19
1592901000,32
1592901900,7
1592902800,59
1592903700,19
1592904600,12
1592905500,39
1592906400,9
1592907300,47
1592908200,18
1592909100,21
1592910000,35
1592910900,25
1592911800,181
1592912700,329
1592913600,212
1592914500,56
1592915400,52
1592916300,271
1592917200,69
1592918100,51
1592919000,73
1592919900,54
1592920800,217
1592921700,180
1592922600,136
1592923500,168
1592924400,140
1592925300,135
1592926200,194
1592927100,110
1592928000,148
1592928900,126
1592929800,46
1592930700,28
1592931600,15
1592932500,53
1592933400,38
1592934300,34
1592935200,47
1592936100,21
1592937000,55
1592937900,21
1592938800,57
1592939700,96
1592940600,215
1592941500,179
1592942400,293
1592943300,313
1592944200,383
1592945100,288
1592946000,308
1592946900,147
1592947800,162
1592948700,163
1592949600,177
1592950500,164
1592951400,162
1592952300,146
1592953200,197
1592954100,148
1592955000,172
1592955900,156
1592956800,173
1592957700,174
1592958600,158
1592959500,155
1592960400,178
1592961300,161
1592962200,166
1592963100,141
1592964000,9
1592964900,60
1592965800,8
1592966700,32
1592967600,80
1592968500,103
1592969400,236
1592970300,104
1592971200,86
1592972100,47
1592973000,26
1592973900,20
1592974800,30
1592975700,6
1592976600,58
1592977500,13
1592978400,34
1592979300,40
1592980200,83
1592981100,52
1592982000,31
1592982900,92
1592983800,33
1592984700,34
1592985600,27
1592986500,33
1592987400,21
1592988300,18
1592989200,52
1592990100,11
1592991000,37
1592991900,19
1592992800,12
1592993700,210
1592994600,202
1592995500,311
1592996400,127
1592997300,13
1592998200,40
1592999100,487
1593000000,975
1593000900,241
1593001800,167
1593002700,373
1593003600,593
1593004500,161
1593005400,285
1593006300,351
1593007200,320
1593008100,359
1593009000,124
1593009900,111
1593010800,161
1593011700,138
1593012600,213
1593013500,211
1593014400,179
1593015300,177
1593016200,122
1593017100,162
1593018000,132
1593018900,167
1593019800,161
1593020700,137
1593021600,142
1593022500,184
1593023400,138
1593024300,129
1593025200,178
1593026100,129
1593027000,248
1593027900,175
1593028800,132
1593029700,143
1593030600,20
1593031500,32
1593032400,40
1593033300,29
1593034200,42
1593035100,23
1593036000,27
1593036900,35
1593037800,32
1593038700,33
1593039600,34
1593040500,23
1593041400,27
1593042300,49
1593043200,15
1593044100,42
1593045000,31
1593045900,12
1593046800,59
1593047700,16
1593048600,27
1593049500,34
1593050400,12
1593051300,62
1593052200,19
1593053100,30
1593054000,103
1593054900,79
1593055800,244
1593056700,124
1593057600,117
1593058500,138
1593059400,83
1593060300,106
1593061200,53
1593062100,20
1593063000,26
1593063900,25
1593064800,43
1593065700,36
1593066600,10
1593067500,13
1593068400,32
1593069300,10
1593070200,23
1593071100,22
1593072000,10
1593072900,49
1593073800,43
1593074700,14
1593075600,57
1593076500,22
1593077400,21
1593078300,32
1593079200,16
1593080100,56
1593081000,13
1593081900,21
1593082800,31
1593083700,33
1593084600,24
1593085500,32
1593086400,13
1593087300,36
1593088200,35
1593089100,9
1593090000,44
1593090900,8
1593091800,38
1593092700,38
1593093600,8
1593094500,36
1593095400,16
1593096300,39
1593097200,32
1593098100,20
1593099000,10
1593099900,46
1593100800,29
1593101700,114
1593102600,98
1593103500,37
1593104400,254
1593105300,537
1593106200,367
1593107100,149
1593108000,110
1593108900,167
1593109800,159
1593110700,251
1593111600,272
1593112500,327
1593113400,398
1593114300,293
1593115200,223
1593116100,163
1593117000,161
1593117900,179
1593118800,162
1593119700,160
1593120600,146
1593121500,170
1593122400,177
1593123300,147
1593124200,176
1593125100,145
1593126000,173
1593126900,174
1593127800,144
1593128700,179
1593129600,146
1593130500,168
1593131400,157
1593132300,8
1593133200,31
1593134100,20
1593135000,38
1593135900,33
1593136800,19
1593137700,13
1593138600,40
1593139500,45
1593140400,82
1593141300,100
1593142200,73
1593143100,278
1593144000,120
1593144900,31
1593145800,41
1593146700,7
1593147600,47
1593148500,33
1593149400,10
1593150300,36
1593151200,13
1593152100,41
1593153000,31
1593153900,20
1593154800,11
1593155700,39
1593156600,31
1593157500,22
1593158400,30
1593159300,8
1593160200,49
1593161100,22
1593162000,8
1593162900,44
1593163800,8
1593164700,44
1593165600,35
1593166500,11
1593167400,33
1593168300,17
1593169200,38
1593170100,38
1593171000,16
1593171900,13
1593172800,285
1593173700,284
1593174600,164
1593175500,172
1593176400,128
1593177300,158
1593178200,144
1593179100,123
1593180000,156
1593180900,121
1593181800,111
1593182700,49
1593183600,32
1593184500,50
1593185400,22
1593186300,61
1593187200,40
1593188100,57
1593189000,107
1593189900,119
1593190800,172
1593191700,150
1593192600,198
1593193500,214
1593194400,227
1593195300,205
1593196200,232
1593197100,201
1593198000,192
1593198900,238
1593199800,216
1593200700,184
1593201600,168
1593202500,132
1593203400,134
1593204300,156
1593205200,118
1593206100,125
1593207000,23
1593207900,21
1593208800,57
1593209700,16
1593210600,47
1593211500,25
1593212400,36
1593213300,54
1593214200,15
1593215100,44
1593216000,36
1593216900,30
1593217800,30
1593218700,45
1593219600,28
1593220500,42
1593221400,29
1593222300,19
1593223200,64
1593224100,17
1593225000,43
1593225900,43
1593226800,117
1593227700,151
1593228600,107
1593229500,117
1593230400,124
1593231300,298
1593232200,551
1593233100,539
1593234000,103
1593234900,91
1593235800,134
1593236700,330
1593237600,165
1593238500,204
1593239400,209
1593240300,224
1593241200,95
1593242100,91
1593243000,61
1593243900,123
1593244800,273
1593245700,482
1593246600,44
1593247500,61
1593248400,602
1593249300,44
1593250200,34
1593251100,47
1593252000,48
1593252900,51
1593253800,37
1593254700,159
1593255600,133
1593256500,128
1593257400,146
1593258300,10
1593259200,41
1593260100,57
1593261000,122
1593261900,139
1593262800,128
1593263700,135
1593264600,41
1593265500,49
1593266400,92
1593267300,122
1593268200,217
1593269100,110
1593270000,139
1593270900,123
1593271800,113
1593272700,181
1593273600,108
1593274500,129
1593275400,139
1593276300,106
1593277200,149
1593278100,345
1593279000,113
1593279900,158
1593280800,104
1593281700,128
1593282600,139
1593283500,105
1593284400,152
1593285300,133
1593286200,143
1593287100,172
1593288000,134
1593288900,139
1593289800,140
1593290700,113
1593291600,138
1593292500,125
1593293400,120
1593294300,138
1593295200,214
1593296100,282
1593297000,279
1593297900,247
1593298800,186
1593299700,172
1593300600,169
1593301500,173
1593302400,168
1593303300,181
1593304200,175
1593305100,174
1593306000,169
1593306900,180
1593307800,181
1593308700,162
1593309600,181
1593310500,181
1593311400,158
1593312300,171
1593313200,152
1593314100,161
1593315000,159
1593315900,77
1593316800,29
1593317700,20
1593318600,185
1593319500,560
1593320400,539
1593321300,134
1593322200,145
1593323100,129
1593324000,139
1593324900,180
1593325800,106
1593326700,122
1593327600,29
1593328500,30
1593329400,44
1593330300,22
1593331200,34
1593332100,83
1593333000,74
1593333900,52
1593334800,617
1593335700,646
1593336600,422
1593337500,300
1593338400,545
1593339300,137
1593340200,129
1593341100,153
1593342000,120
1593342900,136
1593343800,137
1593344700,144
1593345600,138
1593346500,134
1593347400,143
1593348300,120
1593349200,145
1593350100,118
1593351000,37
1593351900,68
1593352800,12
1593353700,53
1593354600,29
1593355500,27
1593356400,52
1593357300,10
1593358200,53
1593359100,35
1593360000,48
1593360900,42
1593361800,97
1593362700,24
1593363600,37
1593364500,33
1593365400,35
1593366300,129
1593367200,120
1593368100,147
1593369000,122
1593369900,125
1593370800,137
1593371700,149
1593372600,115
1593373500,163
1593374400,141
1593375300,164
1593376200,78
1593377100,26
1593378000,33
1593378900,42
1593379800,36
1593380700,25
1593381600,32
1593382500,9
1593383400,67
1593384300,15
1593385200,23
1593386100,35
1593387000,26
1593387900,37
1593388800,29
1593389700,22
1593390600,22
1593391500,58
1593392400,21
1593393300,48
1593394200,21
1593395100,24
1593396000,56
1593396900,11
1593397800,23
1593398700,40
1593399600,95
1593400500,88
1593401400,237
1593402300,81
1593403200,106
1593404100,99
1593405000,8
1593405900,41
1593406800,25
1593407700,16
1593408600,34
1593409500,24
1593410400,33
1593411300,33
1593412200,22
1593413100,8
1593414000,61
1593414900,20
1593415800,16
1593416700,42
1593417600,9
1593418500,53
1593419400,27
1593420300,20
1593421200,25
1593422100,34
1593423000,29
1593423900,27
1593424800,29
1593425700,7
1593426600,65
1593427500,13
1593428400,22
1593429300,45
1593430200,10
1593431100,50
1593432000,45
1593432900,11
1593433800,23
1593434700,23
1593435600,11
1593436500,29
1593437400,18
1593438300,10
1593439200,107
1593440100,43
1593441000,31
1593441900,53
1593442800,35
1593443700,34
1593444600,42
1593445500,15
1593446400,53
1593447300,14
1593448200,191
1593449100,156
1593450000,63
1593450900,89
1593451800,33
1593452700,76
1593453600,23
1593454500,39
1593455400,46
1593456300,102
1593457200,146
1593458100,149
1593459000,146
1593459900,125
1593460800,158
1593461700,117
1593462600,90
1593463500,29
1593464400,16
1593465300,37
1593466200,23
1593467100,28
1593468000,34
1593468900,21
1593469800,17
1593470700,59
1593471600,9
1593472500,38
1593473400,15
1593474300,34
1593475200,41
1593476100,21
1593477000,8
1593477900,52
1593478800,24
1593479700,19
1593480600,48
1593481500,7
1593482400,51
1593483300,19
1593484200,26
1593485100,46
1593486000,76
1593486900,93
1593487800,214
1593488700,87
1593489600,73
1593490500,142
1593491400,566
1593492300,208
1593493200,33
1593494100,114
1593495000,544
1593495900,95
1593496800,23
1593497700,35
1593498600,33
1593499500,28
1593500400,38
1593501300,9
1593502200,54
1593503100,51
1593504000,322
1593504900,279
1593505800,71
1593506700,69
1593507600,59
1593508500,50
1593509400,104
1593510300,76
1593511200,76
1593512100,77
1593513000,67
1593513900,52
1593514800,96
1593515700,52
1593516600,17
1593517500,60
1593518400,182
1593519300,234
1593520200,34
1593521100,34
1593522000,42
1593522900,17
1593523800,19
1593524700,40
1593525600,37
1593526500,25
1593527400,66
1593528300,40
1593529200,91
1593530100,39
1593531000,24
1593531900,34
1593532800,19
1593533700,54
1593534600,24
1593535500,16
1593536400,45
1593537300,54
1593538200,20
1593539100,150
1593540000,27
1593540900,92
1593541800,129
1593542700,189
1593543600,244
1593544500,267
1593545400,311
1593546300,419
1593547200,466
1593548100,341
1593549000,335
1593549900,307
1593550800,289
1593551700,264
1593552600,248
1593553500,269
1593554400,256
1593555300,177
1593556200,175
1593557100,154
1593558000,186
1593558900,200
1593559800,158
1593560700,178
1593561600,182
1593562500,148
1593563400,202
1593564300,157
1593565200,167
1593566100,185
1593567000,159
1593567900,28
1593568800,53
1593569700,27
1593570600,30
1593571500,53
1593572400,69
1593573300,125
1593574200,202
1593575100,117
1593576000,195
1593576900,33
1593577800,14
1593578700,57
1593579600,13
1593580500,36
1593581400,22
1593582300,37
1593583200,40
1593584100,73
1593585000,95
1593585900,123
1593586800,50
1593587700,32
1593588600,70
1593589500,11
1593590400,47
1593591300,31
1593592200,27
1593593100,43
1593594000,26
1593594900,33
1593595800,54
1593596700,41
1593597600,42
1593598500,75
1593599400,49
1593600300,52
1593601200,30
1593602100,401
1593603000,565
1593603900,171
1593604800,147
1593605700,141
1593606600,158
1593607500,117
1593608400,75
1593609300,54
1593610200,47
1593611100,45
1593612000,195
1593612900,45
1593613800,34
1593614700,39
1593615600,29
1593616500,41
1593617400,166
1593618300,412
1593619200,876
1593620100,695
1593621000,288
1593621900,149
1593622800,241
1593623700,167
1593624600,156
1593625500,157
1593626400,135
1593627300,77
1593628200,78
1593629100,180
1593630000,175
1593630900,168
1593631800,176
1593632700,134
1593633600,189
1593634500,95
1593635400,162
1593636300,118
1593637200,85
1593638100,110
1593639000,39
1593639900,52
1593640800,46
1593641700,17
1593642600,29
1593643500,34
1593644400,39
1593645300,28
1593646200,40
1593647100,16
1593648000,47
1593648900,30
1593649800,14
1593650700,59
1593651600,9
1593652500,38
1593653400,19
1593654300,30
1593655200,52
1593656100,13
1593657000,27
1593657900,45
1593658800,73
1593659700,90
1593660600,207
1593661500,86
1593662400,142
1593663300,18
1593664200,18
1593665100,63
1593666000,43
1593666900,55
1593667800,31
1593668700,28
1593669600,65
1593670500,74
1593671400,59
1593672300,44
1593673200,35
1593674100,37
1593675000,61
1593675900,27
1593676800,71
1593677700,31
1593678600,40
1593679500,60
1593680400,41
1593681300,55
1593682200,42
1593683100,49
1593684000,417
1593684900,339
1593685800,123
1593686700,112
1593687600,41
1593688500,432
1593689400,172
1593690300,96
1593691200,419
1593692100,201
1593693000,17
1593693900,50
1593694800,33
1593695700,17
1593696600,56
1593697500,9
1593698400,53
1593699300,23
1593700200,35
1593701100,121
1593702000,56
1593702900,41
1593703800,56
1593704700,17
1593705600,59
1593706500,52
1593707400,57
1593708300,54
1593709200,20
1593710100,22
1593711000,44
1593711900,97
1593712800,156
1593713700,69
1593714600,146
1593715500,119
1593716400,193
1593717300,161
1593718200,198
1593719100,163
1593720000,214
1593720900,347
1593721800,387
1593722700,421
1593723600,398
1593724500,258
1593725400,202
1593726300,175
1593727200,160
1593728100,187
1593729000,146
1593729900,197
1593730800,157
1593731700,161
1593732600,188
1593733500,150
1593734400,181
1593735300,167
1593736200,160
1593737100,163
1593738000,190
1593738900,154
1593739800,188
1593740700,168
1593741600,57
1593742500,45
1593743400,15
1593744300,55
1593745200,75
1593746100,320
1593747000,573
1593747900,464
1593748800,130
1593749700,223
1593750600,156
1593751500,63
1593752400,40
1593753300,22
1593754200,45
1593755100,33
1593756000,14
1593756900,108
1593757800,37
1593758700,122
1593759600,71
1593760500,37
1593761400,83
1593762300,40
1593763200,44
1593764100,56
1593765000,35
1593765900,54
1593766800,39
1593767700,29
1593768600,47
1593769500,53
1593770400,68
1593771300,846
1593772200,374
1593773100,207
1593774000,111
1593774900,149
1593775800,111
1593776700,34
1593777600,152
1593778500,79
1593779400,89
1593780300,58
1593781200,60
1593782100,79
1593783000,53
1593783900,82
1593784800,61
1593785700,81
1593786600,80
1593787500,61
1593788400,44
1593789300,35
1593790200,18
1593791100,73
1593792000,131
1593792900,166
1593793800,462
1593794700,257
1593795600,272
1593796500,159
1593797400,172
1593798300,200
1593799200,187
1593800100,168
1593801000,199
1593801900,188
1593802800,206
1593803700,183
1593804600,205
1593805500,207
1593806400,165
1593807300,237
1593808200,234
1593809100,269
1593810000,338
1593810900,254
1593811800,222
1593812700,230
1593813600,191
1593814500,239
1593815400,200
1593816300,214
1593817200,221
1593818100,152
1593819000,180
1593819900,161
1593820800,171
1593821700,167
1593822600,154
1593823500,166
1593824400,158
1593825300,153
1593826200,199
1593827100,143
1593828000,164
1593828900,162
1593829800,157
1593830700,39
1593831600,24
1593832500,10
1593833400,54
1593834300,211
1593835200,521
1593836100,544
1593837000,17
1593837900,98
1593838800,133
1593839700,145
1593840600,533
1593841500,195
1593842400,376
1593843300,576
1593844200,205
1593845100,141
1593846000,46
1593846900,53
1593847800,58
1593848700,62
1593849600,89
1593850500,87
1593851400,81
1593852300,92
1593853200,165
1593854100,96
1593855000,155
1593855900,188
1593856800,113
1593857700,99
1593858600,107
1593859500,187
1593860400,149
1593861300,129
1593862200,114
1593863100,47
1593864000,40
1593864900,85
1593865800,73
1593866700,184
1593867600,54
1593868500,269
1593869400,528
1593870300,171
1593871200,150
1593872100,124
1593873000,34
1593873900,51
1593874800,30
1593875700,40
1593876600,56
1593877500,28
1593878400,74
1593879300,19
1593880200,45
1593881100,273
1593882000,65
1593882900,314
1593883800,347
1593884700,224
1593885600,142
1593886500,142
1593887400,127
1593888300,140
1593889200,108
1593890100,160
1593891000,139
1593891900,139
1593892800,192
1593893700,139
1593894600,232
1593895500,121
1593896400,31
1593897300,46
1593898200,18
1593899100,41
1593900000,24
1593900900,34
1593901800,35
1593902700,37
1593903600,16
1593904500,42
1593905400,8
1593906300,61
1593907200,22
1593908100,22
1593909000,36
1593909900,28
1593910800,40
1593911700,25
1593912600,38
1593913500,32
1593914400,25
1593915300,11
1593916200,63
1593917100,18
1593918000,30
1593918900,28
1593919800,21
1593920700,63
1593921600,9
1593922500,30
1593923400,26
1593924300,182
1593925200,549
1593926100,527
1593927000,28
1593927900,112
1593928800,198
1593929700,118
1593930600,151
1593931500,86
1593932400,70
1593933300,70
1593934200,101
1593935100,557
1593936000,263
1593936900,77
1593937800,55
1593938700,72
1593939600,100
1593940500,120
1593941400,740
1593942300,794
1593943200,326
1593944100,61
1593945000,45
1593945900,43
1593946800,95
1593947700,458
1593948600,463
1593949500,161
1593950400,78
1593951300,213
1593952200,412
1593953100,40
1593954000,25
1593954900,25
1593955800,77
1593956700,51
1593957600,63
1593958500,89
1593959400,73
1593960300,75
1593961200,53
1593962100,34
1593963000,31
1593963900,22
1593964800,91
1593965700,146
1593966600,139
1593967500,105
1593968400,112
1593969300,232
1593970200,161
1593971100,178
1593972000,181
1593972900,126
1593973800,159
1593974700,138
1593975600,140
1593976500,155
1593977400,132
1593978300,215
1593979200,187
1593980100,170
1593981000,125
1593981900,57
1593982800,25
1593983700,72
1593984600,20
1593985500,51
1593986400,30
1593987300,48
1593988200,42
1593989100,38
1593990000,25
1593990900,56
1593991800,18
1593992700,55
1593993600,35
1593994500,28
1593995400,40
1593996300,20
1593997200,22
1593998100,45
1593999000,23
1593999900,41
1594000800,31
1594001700,16
1594002600,55
1594003500,8
1594004400,49
1594005300,19
1594006200,25
1594007100,33
1594008000,42
1594008900,18
1594009800,43
1594010700,57
1594011600,122
1594012500,164
1594013400,131
1594014300,106
1594015200,13
1594016100,43
1594017000,23
1594017900,40
1594018800,28
1594019700,37
1594020600,12
1594021500,54
1594022400,19
1594023300,28
1594024200,27
1594025100,23
1594026000,55
1594026900,10
1594027800,26
1594028700,33
1594029600,43
1594030500,29
1594031400,36
1594032300,15
1594033200,50
1594034100,18
1594035000,34
1594035900,34
1594036800,13
1594037700,50
1594038600,11
1594039500,41
1594040400,27
1594041300,35
1594042200,27
1594043100,39
1594044000,17
1594044900,47
1594045800,23
1594046700,24
1594047600,34
1594048500,16
1594049400,62
1594050300,13
1594051200,36
1594052100,34
1594053000,24
1594053900,28
1594054800,39
1594055700,40
1594056600,37
1594057500,56
1594058400,43
1594059300,57
1594060200,34
1594061100,60
1594062000,26
1594062900,67
1594063800,43
1594064700,27
1594065600,135
1594066500,122
1594067400,118
1594068300,89
1594069200,55
1594070100,71
1594071000,24
1594071900,22
1594072800,46
1594073700,19
1594074600,34
1594075500,64
1594076400,42
1594077300,50
1594078200,54
1594079100,26
1594080000,67
1594080900,22
1594081800,57
1594082700,33
1594083600,39
1594084500,51
1594085400,30
1594086300,26
1594087200,61
1594088100,26
1594089000,54
1594089900,33
1594090800,34
1594091700,53
1594092600,33
1594093500,35
1594094400,48
1594095300,27
1594096200,48
1594097100,38
1594098000,211
1594098900,312
1594099800,253
1594100700,272
1594101600,149
1594102500,117
1594103400,126
1594104300,71
1594105200,51
1594106100,71
1594107000,306
1594107900,259
1594108800,126
1594109700,30
1594110600,85
1594111500,37
1594112400,39
1594113300,42
1594114200,39
1594115100,159
1594116000,118
1594116900,151
1594117800,131
1594118700,126
1594119600,213
1594120500,467
1594121400,379
1594122300,140
1594123200,143
1594124100,122
1594125000,141
1594125900,143
1594126800,138
1594127700,143
1594128600,564
1594129500,443
1594130400,180
1594131300,146
1594132200,427
1594133100,364
1594134000,157
1594134900,258
1594135800,152
1594136700,128
1594137600,137
1594138500,142
1594139400,125
1594140300,146
1594141200,132
1594142100,128
1594143000,142
1594143900,133
1594144800,116
1594145700,187
1594146600,237
1594147500,271
1594148400,352
1594149300,300
1594150200,269
1594151100,429
1594152000,391
1594152900,453
1594153800,455
1594154700,325
1594155600,348
1594156500,282
1594157400,188
1594158300,249
1594159200,220
1594160100,223
1594161000,243
1594161900,201
1594162800,199
1594163700,207
1594164600,191
1594165500,212
1594166400,194
1594167300,179
1594168200,199
1594169100,205
1594170000,204
1594170900,204
1594171800,210
1594172700,188
1594173600,219
1594174500,177
1594175400,184
1594176300,61
1594177200,68
1594178100,56
1594179000,68
1594179900,39
1594180800,190
1594181700,57
1594182600,61
1594183500,55
1594184400,144
1594185300,128
1594186200,153
1594187100,208
1594188000,139
1594188900,189
1594189800,163
1594190700,198
1594191600,166
1594192500,174
1594193400,173
1594194300,170
1594195200,155
1594196100,198
1594197000,151
1594197900,105
1594198800,88
1594199700,76
1594200600,65
1594201500,106
1594202400,50
1594203300,116
1594204200,29
1594205100,44
1594206000,44
1594206900,49
1594207800,24
1594208700,63
1594209600,81
1594210500,138
1594211400,123
1594212300,110
1594213200,144
1594214100,148
1594215000,208
1594215900,228
1594216800,146
1594217700,169
1594218600,375
1594219500,211
1594220400,164
1594221300,161
1594222200,162
1594223100,181
1594224000,221
1594224900,179
1594225800,199
1594226700,189
1594227600,192
1594228500,159
1594229400,169
1594230300,385
1594231200,725
1594232100,401
1594233000,192
1594233900,220
1594234800,184
1594235700,206
1594236600,191
1594237500,182
1594238400,169
1594239300,291
1594240200,243
1594241100,203
1594242000,183
1594242900,137
1594243800,181
1594244700,122
1594245600,62
1594246500,51
1594247400,18
1594248300,38
1594249200,25
1594250100,36
1594251000,27
1594251900,41
1594252800,12
1594253700,49
1594254600,24
1594255500,12
1594256400,58
1594257300,7
1594258200,41
1594259100,31
1594260000,24
1594260900,32
1594261800,27
1594262700,32
1594263600,28
1594264500,42
1594265400,8
1594266300,52
1594267200,18
1594268100,160
1594269000,128
1594269900,118
1594270800,151
1594271700,124
1594272600,132
1594273500,229
1594274400,156
1594275300,135
1594276200,347
1594277100,444
1594278000,172
1594278900,400
1594279800,477
1594280700,166
1594281600,180
1594282500,173
1594283400,326
1594284300,286
1594285200,228
1594286100,189
1594287000,186
1594287900,138
1594288800,236
1594289700,114
1594290600,156
1594291500,176
1594292400,143
1594293300,140
1594294200,162
1594295100,125
1594296000,151
1594296900,120
1594297800,140
1594298700,145
1594299600,140
1594300500,147
1594301400,251
1594302300,157
1594303200,191
1594304100,194
1594305000,196
1594305900,207
1594306800,167
1594307700,144
1594308600,166
1594309500,284
1594310400,658
1594311300,206
1594312200,155
1594313100,171
1594314000,196
1594314900,160
1594315800,185
1594316700,164
1594317600,160
1594318500,138
1594319400,166
1594320300,156
1594321200,201
1594322100,142
1594323000,149
1594323900,156
1594324800,143
1594325700,136
1594326600,170
1594327500,134
1594328400,125
1594329300,66
1594330200,21
1594331100,25
1594332000,40
1594332900,24
1594333800,32
1594334700,26
1594335600,21
1594336500,58
1594337400,9
1594338300,24
1594339200,35
1594340100,44
1594341000,17
1594341900,40
1594342800,9
1594343700,49
1594344600,31
1594345500,18
1594346400,33
1594347300,32
1594348200,22
1594349100,37
1594350000,23
1594350900,13
1594351800,67
1594352700,9
1594353600,24
1594354500,34
1594355400,35
1594356300,23
1594357200,44
1594358100,21
1594359000,36
1594359900,66
1594360800,362
1594361700,146
1594362600,183
1594363500,280
1594364400,207
1594365300,210
1594366200,203
1594367100,212
1594368000,104
1594368900,105
1594369800,123
1594370700,98
1594371600,116
1594372500,106
1594373400,140
1594374300,222
1594375200,364
1594376100,296
1594377000,272
1594377900,250
1594378800,222
1594379700,614
1594380600,79
1594381500,207
1594382400,699
1594383300,166
1594384200,182
1594385100,177
1594386000,186
1594386900,212
1594387800,182
1594388700,218
1594389600,299
1594390500,152
1594391400,169
1594392300,159
1594393200,155
1594394100,174
1594395000,161
1594395900,154
1594396800,163
1594397700,221
1594398600,144
1594399500,171
1594400400,147
1594401300,219
1594402200,201
1594403100,174
1594404000,191
1594404900,198
1594405800,208
1594406700,211
1594407600,184
1594408500,185
1594409400,225
1594410300,216
1594411200,161
1594412100,163
1594413000,141
1594413900,156
1594414800,157
1594415700,155
1594416600,151
1594417500,124
1594418400,29
1594419300,59
1594420200,37
1594421100,23
1594422000,47
1594422900,26
1594423800,24
1594424700,37
1594425600,16
1594426500,32
1594427400,49
1594428300,9
1594429200,37
1594430100,26
1594431000,31
1594431900,29
1594432800,29
1594433700,11
1594434600,62
1594435500,14
1594436400,21
1594437300,37
1594438200,39
1594439100,10
1594440000,48
1594440900,9
1594441800,45
1594442700,62
1594443600,130
1594444500,166
1594445400,196
1594446300,116
1594447200,360
1594448100,120
1594449000,132
1594449900,138
1594450800,173
1594451700,174
1594452600,151
1594453500,126
1594454400,162
1594455300,149
1594456200,66
1594457100,87
1594458000,121
1594458900,72
1594459800,56
1594460700,87
1594461600,25
1594462500,52
1594463400,386
1594464300,188
1594465200,159
1594466100,156
1594467000,197
1594467900,158
1594468800,154
1594469700,155
1594470600,173
1594471500,172
1594472400,135
1594473300,169
1594474200,140
1594475100,157
1594476000,144
1594476900,220
1594477800,144
1594478700,124
1594479600,128
1594480500,167
1594481400,181
1594482300,148
1594483200,157
1594484100,418
1594485000,370
1594485900,36
1594486800,42
1594487700,54
1594488600,40
1594489500,68
1594490400,182
1594491300,182
1594492200,152
1594493100,204
1594494000,161
1594494900,172
1594495800,190
1594496700,164
1594497600,199
1594498500,350
1594499400,310
1594500300,271
1594501200,294
1594502100,250
1594503000,289
1594503900,271
1594504800,238
1594505700,188
1594506600,167
1594507500,159
1594508400,181
1594509300,155
1594510200,156
1594511100,183
1594512000,154
1594512900,160
1594513800,202
1594514700,182
1594515600,165
1594516500,183
1594517400,152
1594518300,181
1594519200,95
1594520100,26
1594521000,41
1594521900,29
1594522800,20
1594523700,50
1594524600,19
1594525500,26
1594526400,45
1594527300,18
1594528200,21
1594529100,47
1594530000,28
1594530900,35
1594531800,67
1594532700,127
1594533600,145
1594534500,122
1594535400,256
1594536300,141
1594537200,152
1594538100,145
1594539000,207
1594539900,206
1594540800,410
1594541700,518
1594542600,503
1594543500,223
1594544400,684
1594545300,1292
1594546200,870
1594547100,630
1594548000,425
1594548900,186
1594549800,150
1594550700,174
1594551600,169
1594552500,171
1594553400,160
1594554300,715
1594555200,242
1594556100,156
1594557000,166
1594557900,644
1594558800,137
1594559700,158
1594560600,166
1594561500,173
1594562400,190
1594563300,161
1594564200,209
1594565100,217
1594566000,235
1594566900,154
1594567800,98
1594568700,52
1594569600,182
1594570500,164
1594571400,215
1594572300,337
1594573200,342
1594574100,403
1594575000,263
1594575900,159
1594576800,184
1594577700,168
1594578600,185
1594579500,173
1594580400,175
1594581300,149
1594582200,178
1594583100,173
1594584000,161
1594584900,229
1594585800,157
1594586700,148
1594587600,137
1594588500,155
1594589400,173
1594590300,162
1594591200,172
1594592100,165
1594593000,232
1594593900,179
1594594800,209
1594595700,162
1594596600,151
1594597500,191
1594598400,145
1594599300,167
1594600200,165
1594601100,175
1594602000,163
1594602900,171
1594603800,150
1594604700,177
1594605600,174
1594606500,155
1594607400,202
1594608300,154
1594609200,51
1594610100,33
1594611000,25
1594611900,19
1594612800,39
1594613700,26
1594614600,14
1594615500,53
1594616400,19
1594617300,36
1594618200,31
1594619100,60
1594620000,234
1594620900,58
1594621800,84
1594622700,107
1594623600,129
1594624500,122
1594625400,536
1594626300,629
1594627200,211
1594628100,150
1594629000,186
1594629900,296
1594630800,230
1594631700,156
1594632600,513
1594633500,533
1594634400,123
1594635300,162
1594636200,115
1594637100,255
1594638000,85
1594638900,103
1594639800,181
1594640700,235
1594641600,80
1594642500,90
1594643400,95
1594644300,77
1594645200,88
1594646100,59
1594647000,89
1594647900,43
1594648800,86
1594649700,44
1594650600,102
1594651500,139
1594652400,44
1594653300,45
1594654200,15
1594655100,39
1594656000,41
1594656900,44
1594657800,35
1594658700,58
1594659600,364
1594660500,641
1594661400,542
1594662300,412
1594663200,73
1594664100,50
1594665000,63
1594665900,80
1594666800,261
1594667700,403
1594668600,488
1594669500,212
1594670400,391
1594671300,538
1594672200,133
1594673100,111
1594674000,19
1594674900,51
1594675800,30
1594676700,28
1594677600,35
1594678500,31
1594679400,30
1594680300,29
1594681200,49
1594682100,10
1594683000,52
1594683900,23
1594684800,25
1594685700,44
1594686600,23
1594687500,27
1594688400,37
1594689300,36
1594690200,9
1594691100,55
1594692000,11
1594692900,33
1594693800,38
1594694700,31
1594695600,14
1594696500,52
1594697400,17
1594698300,26
1594699200,45
1594700100,11
1594701000,46
1594701900,27
1594702800,43
1594703700,90
1594704600,118
1594705500,90
1594706400,111
1594707300,114
1594708200,80
1594709100,245
1594710000,180
1594710900,98
1594711800,79
1594712700,69
1594713600,90
1594714500,96
1594715400,81
1594716300,66
1594717200,338
1594718100,258
1594719000,179
1594719900,187
1594720800,646
1594721700,185
1594722600,147
1594723500,152
1594724400,151
1594725300,120
1594726200,276
1594727100,166
1594728000,96
1594728900,38
1594729800,135
1594730700,68
1594731600,88
1594732500,85
1594733400,145
1594734300,94
1594735200,66
1594736100,265
1594737000,302
1594737900,257
1594738800,355
1594739700,412
1594740600,97
1594741500,69
1594742400,80
1594743300,73
1594744200,74
1594745100,101
1594746000,55
1594746900,53
1594747800,14
1594748700,63
1594749600,17
1594750500,35
1594751400,38
1594752300,37
1594753200,15
1594754100,56
1594755000,19
1594755900,146
1594756800,255
1594757700,133
1594758600,129
1594759500,160
1594760400,116
1594761300,266
1594762200,184
1594763100,170
1594764000,155
1594764900,180
1594765800,154
1594766700,170
1594767600,171
1594768500,151
1594769400,183
1594770300,156
1594771200,169
1594772100,166
1594773000,163
1594773900,143
1594774800,203
1594775700,88
1594776600,3
1594777500,173
1594778400,145
1594779300,175
1594780200,170
1594781100,164
1594782000,152
1594782900,205
1594783800,101
1594784700,93
1594785600,121
1594786500,81
1594787400,114
1594788300,98
1594789200,106
1594790100,93
1594791000,120
1594791900,404
1594792800,258
1594793700,365
1594794600,669
1594795500,549
1594796400,167
1594797300,129
1594798200,147
1594799100,120
1594800000,98
1594800900,112
1594801800,60
1594802700,78
1594803600,91
1594804500,71
1594805400,73
1594806300,93
1594807200,75
1594808100,61
1594809000,104
1594809900,57
1594810800,94
1594811700,74
1594812600,76
1594813500,84
1594814400,74
1594815300,72
1594816200,84
1594817100,84
1594818000,155
1594818900,150
1594819800,61
1594820700,84
1594821600,87
1594822500,67
1594823400,90
1594824300,65
1594825200,149
1594826100,168
1594827000,79
1594827900,43
1594828800,91
1594829700,49
1594830600,81
1594831500,130
1594832400,636
1594833300,182
1594834200,43
1594835100,184
1594836000,75
1594836900,64
1594837800,93
1594838700,309
1594839600,240
1594840500,250
1594841400,107
1594842300,111
1594843200,111
1594844100,66
1594845000,109
1594845900,14
1594846800,34
1594847700,39
1594848600,58
1594849500,145
1594850400,145
1594851300,140
1594852200,133
1594853100,155
1594854000,75
1594854900,56
1594855800,17
1594856700,22
1594857600,50
1594858500,8
1594859400,50
1594860300,22
1594861200,31
1594862100,36
1594863000,29
1594863900,22
1594864800,39
1594865700,32
1594866600,19
1594867500,50
1594868400,11
1594869300,45
1594870200,26
1594871100,14
1594872000,56
1594872900,7
1594873800,43
1594874700,60
1594875600,73
1594876500,85
1594877400,69
1594878300,79
1594879200,220
1594880100,81
1594881000,49
1594881900,57
1594882800,73
1594883700,51
1594884600,45
1594885500,10
1594886400,36
1594887300,12
1594888200,13
1594889100,34
1594890000,11
1594890900,24
1594891800,25
1594892700,16
1594893600,66
1594894500,47
1594895400,100
1594896300,43
1594897200,43
1594898100,70
1594899000,87
1594899900,57
1594900800,102
1594901700,82
1594902600,106
1594903500,141
1594904400,66
1594905300,101
1594906200,73
1594907100,86
1594908000,76
1594908900,86
1594909800,132
1594910700,106
1594911600,153
1594912500,162
1594913400,132
1594914300,65
1594915200,92
1594916100,73
1594917000,273
1594917900,341
1594918800,84
1594919700,12
1594920600,51
1594921500,9
1594922400,51
1594923300,53
1594924200,45
1594925100,54
1594926000,148
1594926900,232
1594927800,274
1594928700,269
1594929600,318
1594930500,573
1594931400,420
1594932300,263
1594933200,349
1594934100,302
1594935000,46
1594935900,18
1594936800,31
1594937700,35
1594938600,33
1594939500,32
1594940400,26
1594941300,14
1594942200,70
1594943100,7
1594944000,40
1594944900,29
1594945800,31
1594946700,31
1594947600,46
1594948500,139
1594949400,73
1594950300,26
1594951200,18
1594952100,49
1594953000,13
1594953900,35
1594954800,26
1594955700,35
1594956600,29
1594957500,32
1594958400,9
1594959300,63
1594960200,13
1594961100,34
1594962000,34
1594962900,18
1594963800,46
1594964700,17
1594965600,39
1594966500,35
1594967400,31
1594968300,18
1594969200,44
1594970100,18
1594971000,33
1594971900,23
1594972800,27
1594973700,58
1594974600,8
1594975500,32
1594976400,30
1594977300,43
1594978200,27
1594979100,37
1594980000,14
1594980900,48
1594981800,20
1594982700,24
1594983600,53
1594984500,8
1594985400,53
1594986300,17
1594987200,26
1594988100,44
1594989000,18
1594989900,19
1594990800,46
1594991700,34
1594992600,24
1594993500,47
1594994400,9
1594995300,59
1594996200,13
1594997100,35
1594998000,37
1594998900,23
1594999800,25
1595000700,41
1595001600,41
1595002500,31
1595003400,17
1595004300,11
1595005200,38
1595006100,11
1595007000,20
1595007900,29
1595008800,31
1595009700,59
1595010600,46
1595011500,14
1595012400,66
1595013300,12
1595014200,38
1595015100,36
1595016000,30
1595016900,27
1595017800,41
1595018700,21
1595019600,38
1595020500,32
1595021400,11
1595022300,47
1595023200,18
1595024100,43
1595025000,28
1595025900,21
1595026800,29
1595027700,54
1595028600,8
1595029500,45
1595030400,12
1595031300,42
1595032200,41
1595033100,21
1595034000,18
1595034900,54
1595035800,18
1595036700,39
1595037600,19
1595038500,30
1595039400,43
1595040300,23
1595041200,23
1595042100,40
1595043000,13
1595043900,39
1595044800,46
1595045700,11
1595046600,38
1595047500,23
1595048400,37
1595049300,36
1595050200,21
1595051100,13
1595052000,65
1595052900,11
1595053800,34
1595054700,22
1595055600,35
1595056500,34
1595057400,30
1595058300,17
1595059200,44
1595060100,24
1595061000,42
1595061900,63
1595062800,21
1595063700,39
1595064600,41
1595065500,44
1595066400,36
1595067300,54
1595068200,18
1595069100,60
1595070000,22
1595070900,31
1595071800,47
1595072700,15
1595073600,20
1595074500,40
1595075400,40
1595076300,19
1595077200,39
1595078100,7
1595079000,56
1595079900,25
1595080800,21
1595081700,30
1595082600,36
1595083500,16
1595084400,44
1595085300,25
1595086200,15
1595087100,46
1595088000,8
1595088900,54
1595089800,26
1595090700,21
1595091600,26
1595092500,43
1595093400,19
1595094300,39
1595095200,17
1595096100,22
1595097000,55
1595097900,8
1595098800,36
1595099700,30
1595100600,23
1595101500,20
1595102400,51
1595103300,19
1595104200,36
1595105100,21
1595106000,22
1595106900,49
1595107800,11
1595108700,32
1595109600,36
1595110500,21
1595111400,13
1595112300,52
1595113200,25
1595114100,25
1595115000,30
1595115900,15
1595116800,50
1595117700,14
1595118600,21
1595119500,35
1595120400,35
1595121300,25
1595122200,37
1595123100,16
1595124000,24
1595124900,58
1595125800,15
1595126700,30
1595127600,17
1595128500,10
1595129400,37
1595130300,11
1595131200,13
1595132100,42
1595133000,43
1595133900,49
1595134800,30
1595135700,31
1595136600,26
1595137500,35
1595138400,9
1595139300,54
1595140200,22
1595141100,18
1595142000,38
1595142900,25
1595143800,21
1595144700,40
1595145600,13
1595146500,30
1595147400,50
1595148300,9
1595149200,35
1595150100,21
1595151000,40
1595151900,28
1595152800,28
1595153700,8
1595154600,55
1595155500,23
1595156400,17
1595157300,38
1595158200,20
1595159100,32
1595160000,27
1595160900,22
1595161800,22
1595162700,52
1595163600,15
1595164500,38
1595165400,18
1595166300,23
1595167200,52
1595168100,8
1595169000,25
1595169900,32
1595170800,42
1595171700,18
1595172600,39
1595173500,7
1595174400,41
1595175300,38
1595176200,11
1595177100,37
1595178000,22
1595178900,28
1595179800,34
1595180700,23
1595181600,12
1595182500,58
1595183400,18
1595184300,30
1595185200,25
1595186100,25
1595187000,36
1595187900,25
1595188800,13
1595189700,41
1595190600,35
1595191500,7
1595192400,48
1595193300,8
1595194200,40
1595195100,30
1595196000,20
1595196900,19
1595197800,42
1595198700,25
1595199600,35
1595200500,19
1595201400,17
1595202300,49
1595203200,8
1595204100,26
1595205000,29
1595205900,36
1595206800,29
1595207700,32
1595208600,11
1595209500,35
1595210400,31
1595211300,7
1595212200,47
1595213100,7
1595214000,39
1595214900,42
1595215800,19
1595216700,20
1595217600,36
1595218500,19
1595219400,26
1595220300,38
1595221200,8
1595222100,56
1595223000,8
1595223900,27
1595224800,39
1595225700,9
1595226600,41
1595227500,24
1595228400,29
1595229300,25
1595230200,31
1595231100,20
1595232000,32
1595232900,24
1595233800,8
1595234700,67
1595235600,11
1595236500,21
1595237400,34
1595238300,25
1595239200,23
1595240100,31
1595241000,19
1595241900,18
1595242800,57
1595243700,11
1595244600,41
1595245500,14
1595246400,25
1595247300,45
1595248200,9
1595249100,23
1595250000,30
1595250900,40
1595251800,22
1595252700,38
1595253600,9
1595254500,41
1595255400,27
1595256300,13
1595257200,38
1595258100,13
1595259000,43
1595259900,36
1595260800,20
1595261700,15
1595262600,46
1595263500,69
1595264400,140
1595265300,118
1595266200,109
1595267100,135
1595268000,112
1595268900,109
1595269800,142
1595270700,139
1595271600,161
1595272500,194
1595273400,148
1595274300,131
1595275200,41
1595276100,22
1595277000,38
1595277900,27
1595278800,22
1595279700,37
1595280600,21
1595281500,17
1595282400,59
1595283300,56
1595284200,196
1595285100,193
1595286000,190
1595286900,167
1595287800,192
1595288700,159
1595289600,197
1595290500,176
1595291400,170
1595292300,179
1595293200,179
1595294100,183
1595295000,183
1595295900,177
1595296800,157
1595297700,215
1595298600,158
1595299500,176
1595300400,184
1595301300,181
1595302200,182
1595303100,175
1595304000,170
1595304900,161
1595305800,61
1595306700,23
1595307600,62
1595308500,30
1595309400,73
1595310300,79
1595311200,191
1595312100,202
1595313000,143
1595313900,42
1595314800,37
1595315700,38
1595316600,22
1595317500,75
1595318400,30
1595319300,73
1595320200,97
1595321100,83
1595322000,85
1595322900,120
1595323800,94
1595324700,89
1595325600,116
1595326500,477
1595327400,258
1595328300,88
1595329200,318
1595330100,109
1595331000,165
1595331900,107
1595332800,177
1595333700,56
1595334600,65
1595335500,22
1595336400,27
1595337300,45
1595338200,19
1595339100,35
1595340000,56
1595340900,12
1595341800,43
1595342700,25
1595343600,38
1595344500,38
1595345400,28
1595346300,15
1595347200,64
1595348100,21
1595349000,33
1595349900,32
1595350800,425
1595351700,312
1595352600,44
1595353500,70
1595354400,116
1595355300,113
1595356200,136
1595357100,129
1595358000,191
1595358900,731
1595359800,587
1595360700,322
1595361600,678
1595362500,414
1595363400,254
1595364300,298
1595365200,233
1595366100,238
1595367000,239
1595367900,176
1595368800,136
1595369700,55
1595370600,38
1595371500,63
1595372400,43
1595373300,37
1595374200,66
1595375100,39
1595376000,43
1595376900,62
1595377800,38
1595378700,47
1595379600,58
1595380500,29
1595381400,26
1595382300,27
1595383200,10
1595384100,35
1595385000,19
1595385900,11
1595386800,38
1595387700,31
1595388600,41
1595389500,38
1595390400,110
1595391300,546
1595392200,539
1595393100,114
1595394000,57
1595394900,84
1595395800,95
1595396700,120
1595397600,218
1595398500,108
1595399400,74
1595400300,60
1595401200,62
1595402100,75
1595403000,38
1595403900,28
1595404800,41
1595405700,14
1595406600,61
1595407500,48
1595408400,31
1595409300,88
1595410200,86
1595411100,109
1595412000,107
1595412900,54
1595413800,80
1595414700,93
1595415600,76
1595416500,77
1595417400,94
1595418300,197
1595419200,170
1595420100,291
1595421000,335
1595421900,171
1595422800,564
1595423700,172
1595424600,202
1595425500,647
1595426400,170
1595427300,188
1595428200,178
1595429100,215
1595430000,458
1595430900,829
1595431800,521
1595432700,460
1595433600,701
1595434500,827
1595435400,661
1595436300,415
1595437200,377
1595438100,496
1595439000,101
1595439900,61
1595440800,91
1595441700,153
1595442600,164
1595443500,63
1595444400,64
1595445300,337
1595446200,400
1595447100,646
1595448000,92
1595448900,93
1595449800,512
1595450700,408
1595451600,103
1595452500,46
1595453400,108
1595454300,111
1595455200,124
1595456100,440
1595457000,546
1595457900,224
1595458800,127
1595459700,223
1595460600,572
1595461500,61
1595462400,25
1595463300,23
1595464200,20
1595465100,26
1595466000,15
1595466900,32
1595467800,10
1595468700,55
1595469600,40
1595470500,38
1595471400,49
1595472300,51
1595473200,27
1595474100,42
1595475000,47
1595475900,25
1595476800,55
1595477700,17
1595478600,52
1595479500,21
1595480400,38
1595481300,40
1595482200,84
1595483100,153
1595484000,106
1595484900,412
1595485800,105
1595486700,42
1595487600,55
1595488500,30
1595489400,62
1595490300,44
1595491200,22
1595492100,48
1595493000,20
1595493900,79
1595494800,31
1595495700,41
1595496600,37
1595497500,99
1595498400,204
1595499300,118
1595500200,148
1595501100,63
1595502000,33
1595502900,47
1595503800,28
1595504700,35
1595505600,33
1595506500,43
1595507400,75
1595508300,83
1595509200,63
1595510100,88
1595511000,40
1595511900,92
1595512800,111
1595513700,156
1595514600,122
1595515500,54
1595516400,42
1595517300,41
1595518200,67
1595519100,78
1595520000,60
1595520900,139
1595521800,131
1595522700,120
1595523600,573
1595524500,151
1595525400,237
1595526300,200
1595527200,205
1595528100,198
1595529000,157
1595529900,157
1595530800,176
1595531700,198
1595532600,175
1595533500,136
1595534400,167
1595535300,159
1595536200,173
1595537100,160
1595538000,21
1595538900,43
1595539800,25
1595540700,34
1595541600,31
1595542500,42
1595543400,8
1595544300,60
1595545200,13
1595546100,34
1595547000,39
1595547900,18
1595548800,42
1595549700,24
1595550600,31
1595551500,33
1595552400,39
1595553300,10
1595554200,57
1595555100,11
1595556000,40
1595556900,32
1595557800,18
1595558700,45
1595559600,17
1595560500,36
1595561400,33
1595562300,34
1595563200,249
1595564100,549
1595565000,433
1595565900,36
1595566800,227
1595567700,118
1595568600,152
1595569500,98
1595570400,247
1595571300,177
1595572200,91
1595573100,75
1595574000,115
1595574900,116
1595575800,119
1595576700,122
1595577600,68
1595578500,115
1595579400,88
1595580300,140
1595581200,149
1595582100,167
1595583000,119
1595583900,149
1595584800,102
1595585700,124
1595586600,104
1595587500,316
1595588400,175
1595589300,95
1595590200,154
1595591100,98
1595592000,107
1595592900,206
1595593800,210
1595594700,187
1595595600,131
1595596500,144
1595597400,247
1595598300,124
1595599200,153
1595600100,133
1595601000,155
1595601900,121
1595602800,38
1595603700,48
1595604600,94
1595605500,50
1595606400,87
1595607300,44
1595608200,79
1595609100,140
1595610000,130
1595610900,136
1595611800,142
1595612700,119
1595613600,151
1595614500,79
1595615400,161
1595616300,240
1595617200,244
1595618100,223
1595619000,225
1595619900,206
1595620800,179
1595621700,156
1595622600,146
1595623500,175
1595624400,150
1595625300,103
1595626200,77
1595627100,81
1595628000,126
1595628900,66
1595629800,40
1595630700,38
1595631600,40
1595632500,16
1595633400,57
1595634300,16
1595635200,39
1595636100,40
1595637000,13
1595637900,56
1595638800,15
1595639700,36
1595640600,36
1595641500,29
1595642400,22
1595643300,37
1595644200,15
1595645100,36
1595646000,36
1595646900,14
1595647800,38
1595648700,17
1595649600,18
1595650500,40
1595651400,80
1595652300,530
1595653200,550
1595654100,154
1595655000,322
1595655900,258
1595656800,127
1595657700,149
1595658600,112
1595659500,196
1595660400,297
1595661300,342
1595662200,460
1595663100,453
1595664000,248
1595664900,149
1595665800,272
1595666700,152
1595667600,179
1595668500,167
1595669400,185
1595670300,135
1595671200,151
1595672100,387
1595673000,357
1595673900,330
1595674800,217
1595675700,100
1595676600,42
1595677500,43
1595678400,56
1595679300,35
1595680200,29
1595681100,50
1595682000,24
1595682900,55
1595683800,43
1595684700,28
1595685600,69
1595686500,23
1595687400,51
1595688300,77
1595689200,32
1595690100,38
1595691000,32
1595691900,106
1595692800,331
1595693700,287
1595694600,571
1595695500,477
1595696400,196
1595697300,262
1595698200,412
1595699100,419
1595700000,144
1595700900,141
1595701800,131
1595702700,142
1595703600,113
1595704500,149
1595705400,118
1595706300,127
1595707200,141
1595708100,132
1595709000,102
1595709900,49
1595710800,21
1595711700,42
1595712600,26
1595713500,22
1595714400,47
1595715300,15
1595716200,30
1595717100,40
1595718000,13
1595718900,117
1595719800,239
1595720700,159
1595721600,189
1595722500,153
1595723400,169
1595724300,170
1595725200,169
1595726100,157
1595727000,189
1595727900,146
1595728800,194
1595729700,155
1595730600,169
1595731500,176
1595732400,160
1595733300,151
1595734200,190
1595735100,175
1595736000,157
1595736900,194
1595737800,147
1595738700,189
1595739600,514
1595740500,549
1595741400,348
1595742300,28
1595743200,214
1595744100,259
1595745000,114
1595745900,134
1595746800,126
1595747700,70
1595748600,101
1595749500,131
1595750400,179
1595751300,133
1595752200,128
1595753100,102
1595754000,148
1595754900,99
1595755800,136
1595756700,116
1595757600,239
1595758500,76
1595759400,90
1595760300,44
1595761200,98
1595762100,142
1595763000,116
1595763900,160
1595764800,109
1595765700,135
1595766600,128
1595767500,133
1595768400,134
1595769300,132
1595770200,156
1595771100,181
1595772000,162
1595772900,159
1595773800,166
1595774700,69
1595775600,61
1595776500,76
1595777400,62
1595778300,48
1595779200,44
1595780100,56
1595781000,53
1595781900,28
1595782800,75
1595783700,24
1595784600,64
1595785500,147
1595786400,142
1595787300,58
1595788200,172
1595789100,491
1595790000,271
1595790900,172
1595791800,522
1595792700,305
1595793600,143
1595794500,214
1595795400,198
1595796300,152
1595797200,128
1595798100,51
1595799000,32
1595799900,37
1595800800,40
1595801700,16
1595802600,56
1595803500,15
1595804400,39
1595805300,37
1595806200,17
1595807100,50
1595808000,20
1595808900,39
1595809800,35
1595810700,31
1595811600,23
1595812500,40
1595813400,33
1595814300,20
1595815200,54
1595816100,10
1595817000,46
1595817900,26
1595818800,26
1595819700,45
1595820600,18
1595821500,19
1595822400,43
1595823300,28
1595824200,14
1595825100,57
1595826000,34
1595826900,64
1595827800,210
1595828700,82
1595829600,289
1595830500,154
1595831400,173
1595832300,123
1595833200,112
1595834100,261
1595835000,332
1595835900,135
1595836800,116
1595837700,168
1595838600,152
1595839500,186
1595840400,114
1595841300,114
1595842200,124
1595843100,370
1595844000,259
1595844900,94
1595845800,109
1595846700,60
1595847600,119
1595848500,412
1595849400,146
1595850300,100
1595851200,44
1595852100,88
1595853000,58
1595853900,48
1595854800,46
1595855700,44
1595856600,29
1595857500,50
1595858400,16
1595859300,76
1595860200,102
1595861100,47
1595862000,53
1595862900,21
1595863800,52
1595864700,35
1595865600,33
1595866500,31
1595867400,308
1595868300,288
1595869200,267
1595870100,344
1595871000,22
1595871900,54
1595872800,45
1595873700,56
1595874600,36
1595875500,127
1595876400,174
1595877300,115
1595878200,147
1595879100,139
1595880000,125
1595880900,177
1595881800,232
1595882700,303
1595883600,316
1595884500,269
1595885400,247
1595886300,53
1595887200,22
1595888100,31
1595889000,37
1595889900,11
1595890800,53
1595891700,54
1595892600,32
1595893500,39
1595894400,46
1595895300,15
1595896200,60
1595897100,16
1595898000,25
1595898900,39
1595899800,33
1595900700,27
1595901600,41
1595902500,28
1595903400,20
1595904300,51
1595905200,8
1595906100,40
1595907000,179
1595907900,94
1595908800,99
1595909700,74
1595910600,9
1595911500,55
1595912400,15
1595913300,25
1595914200,44
1595915100,22
1595916000,115
1595916900,166
1595917800,59
1595918700,52
1595919600,58
1595920500,155
1595921400,505
1595922300,240
1595923200,48
1595924100,90
1595925000,40
1595925900,87
1595926800,29
1595927700,29
1595928600,54
1595929500,42
1595930400,39
1595931300,41
1595932200,48
1595933100,74
1595934000,699
1595934900,138
1595935800,61
1595936700,610
1595937600,10
1595938500,59
1595939400,11
1595940300,36
1595941200,44
1595942100,16
1595943000,25
1595943900,37
1595944800,32
1595945700,24
1595946600,50
1595947500,9
1595948400,50
1595949300,26
1595950200,22
1595951100,47
1595952000,20
1595952900,120
1595953800,47
1595954700,46
1595955600,17
1595956500,56
1595957400,13
1595958300,35
1595959200,41
1595960100,22
1595961000,53
1595961900,30
1595962800,42
1595963700,28
1595964600,40
1595965500,14
1595966400,48
1595967300,24
1595968200,18
1595969100,301
1595970000,276
1595970900,272
1595971800,298
1595972700,262
1595973600,211
1595974500,168
1595975400,162
1595976300,174
1595977200,165
1595978100,167
1595979000,165
1595979900,180
1595980800,143
1595981700,196
1595982600,149
1595983500,167
1595984400,177
1595985300,162
1595986200,156
1595987100,183
1595988000,163
1595988900,127
1595989800,62
1595990700,6
1595991600,39
1595992500,33
1595993400,41
1595994300,75
1595995200,61
1595996100,38
1595997000,27
1595997900,20
1595998800,9
1595999700,30
1596000600,18
1596001500,10
1596002400,30
1596003300,35
1596004200,62
1596005100,114
1596006000,21
1596006900,44
1596007800,43
1596008700,25
1596009600,28
1596010500,36
1596011400,63
1596012300,169
1596013200,48
1596014100,21
1596015000,57
1596015900,9
1596016800,65
1596017700,384
1596018600,504
1596019500,226
1596020400,149
1596021300,146
1596022200,136
1596023100,194
1596024000,171
1596024900,278
1596025800,135
1596026700,109
1596027600,104
1596028500,143
1596029400,72
1596030300,40
1596031200,41
1596032100,129
1596033000,161
1596033900,115
1596034800,65
1596035700,48
1596036600,104
1596037500,49
1596038400,93
1596039300,32
1596040200,66
1596041100,31
1596042000,38
1596042900,44
1596043800,48
1596044700,51
1596045600,39
1596046500,179
1596047400,214
1596048300,214
1596049200,239
1596050100,253
1596051000,215
1596051900,185
1596052800,185
1596053700,195
1596054600,81
1596055500,65
1596056400,18
1596057300,29
1596058200,47
1596059100,18
1596060000,20
1596060900,48
1596061800,34
1596062700,17
1596063600,42
1596064500,15
1596065400,53
1596066300,25
1596067200,24
1596068100,23
1596069000,54
1596069900,17
1596070800,37
1596071700,24
1596072600,30
1596073500,48
1596074400,20
1596075300,22
1596076200,34
1596077100,52
1596078000,11
1596078900,42
1596079800,33
1596080700,185
1596081600,184
1596082500,41
1596083400,15
1596084300,45
1596085200,36
1596086100,19
1596087000,108
1596087900,181
1596088800,119
1596089700,117
1596090600,161
1596091500,23
1596092400,60
1596093300,36
1596094200,12
1596095100,46
1596096000,8
1596096900,42
1596097800,48
1596098700,11
1596099600,29
1596100500,33
1596101400,44
1596102300,50
1596103200,25
1596104100,11
1596105000,26
1596105900,23
1596106800,11
1596107700,30
1596108600,19
1596109500,34
1596110400,62
1596111300,24
1596112200,36
1596113100,40
1596114000,25
1596114900,8
1596115800,356
1596116700,423
1596117600,79
1596118500,93
1596119400,71
1596120300,48
1596121200,52
1596122100,11
1596123000,52
1596123900,38
1596124800,25
1596125700,61
1596126600,160
1596127500,44
1596128400,75
1596129300,66
1596130200,83
1596131100,181
1596132000,176
1596132900,148
1596133800,200
1596134700,168
1596135600,170
1596136500,184
1596137400,190
1596138300,182
1596139200,334
1596140100,315
1596141000,335
1596141900,316
1596142800,310
1596143700,244
1596144600,225
1596145500,183
1596146400,192
1596147300,187
1596148200,194
1596149100,215
1596150000,187
1596150900,161
1596151800,191
1596152700,177
1596153600,150
1596154500,173
1596155400,168
1596156300,169
1596157200,166
1596158100,164
1596159000,153
1596159900,70
1596160800,12
1596161700,20
1596162600,39
1596163500,42
1596164400,10
1596165300,48
1596166200,22
1596167100,124
1596168000,266
1596168900,94
1596169800,439
1596170700,431
1596171600,31
1596172500,60
1596173400,286
1596174300,319
1596175200,23
1596176100,43
1596177000,40
1596177900,41
1596178800,98
1596179700,147
1596180600,95
1596181500,27
1596182400,22
1596183300,23
1596184200,58
1596185100,13
1596186000,57
1596186900,29
1596187800,82
1596188700,108
1596189600,81
1596190500,78
1596191400,112
1596192300,92
1596193200,63
1596194100,120
1596195000,55
1596195900,61
1596196800,58
1596197700,52
1596198600,28
1596199500,45
1596200400,19
1596201300,29
1596202200,61
1596203100,100
1596204000,45
1596204900,30
1596205800,98
1596206700,298
1596207600,121
1596208500,135
1596209400,67
1596210300,52
1596211200,20
1596212100,95
1596213000,138
1596213900,183
1596214800,180
1596215700,386
1596216600,144
1596217500,202
1596218400,177
1596219300,213
1596220200,216
1596221100,238
1596222000,329
1596222900,285
1596223800,312
1596224700,296
1596225600,272
1596226500,379
1596227400,419
1596228300,387
1596229200,398
1596230100,391
1596231000,407
1596231900,364
1596232800,263
1596233700,221
1596234600,191
1596235500,184
1596236400,153
1596237300,193
1596238200,153
1596239100,184
1596240000,171
1596240900,159
1596241800,157
1596242700,193
1596243600,150
1596244500,178
1596245400,156
1596246300,170
1596247200,168
1596248100,22
1596249000,17
1596249900,51
1596250800,36
1596251700,9
1596252600,50
1596253500,15
1596254400,51
1596255300,39
1596256200,536
1596257100,526
1596258000,217
1596258900,35
1596259800,139
1596260700,122
1596261600,81
1596262500,49
1596263400,92
1596264300,195
1596265200,107
1596266100,138
1596267000,238
1596267900,592
1596268800,344
1596269700,60
1596270600,88
1596271500,48
1596272400,55
1596273300,89
1596274200,38
1596275100,303
1596276000,211
1596276900,43
1596277800,49
1596278700,50
1596279600,33
1596280500,86
1596281400,37
1596282300,29
1596283200,68
1596284100,24
1596285000,32
1596285900,105
1596286800,51
1596287700,34
1596288600,53
1596289500,38
1596290400,17
1596291300,47
1596292200,17
1596293100,54
1596294000,30
1596294900,24
1596295800,27
1596296700,53
1596297600,19
1596298500,48
1596299400,32
1596300300,15
1596301200,46
1596302100,22
1596303000,45
1596303900,314
1596304800,248
1596305700,35
1596306600,108
1596307500,160
1596308400,617
1596309300,162
1596310200,155
1596311100,696
1596312000,112
1596312900,151
1596313800,149
1596314700,132
1596315600,142
1596316500,142
1596317400,148
1596318300,161
1596319200,156
1596320100,126
1596321000,129
1596321900,129
1596322800,116
1596323700,137
1596324600,124
1596325500,128
1596326400,171
1596327300,74
1596328200,36
1596329100,54
1596330000,22
1596330900,35
1596331800,39
1596332700,29
1596333600,22
1596334500,51
1596335400,10
1596336300,46
1596337200,23
1596338100,34
1596339000,27
1596339900,41
1596340800,11
1596341700,51
1596342600,19
1596343500,27
1596344400,35
1596345300,33
1596346200,206
1596347100,179
1596348000,41
1596348900,221
1596349800,192
1596350700,365
1596351600,374
1596352500,318
1596353400,83
1596354300,96
1596355200,72
1596356100,77
1596357000,73
1596357900,80
1596358800,50
1596359700,65
1596360600,510
1596361500,482
1596362400,385
1596363300,480
1596364200,77
1596365100,12
1596366000,43
1596366900,55
1596367800,21
1596368700,75
1596369600,126
1596370500,149
1596371400,130
1596372300,134
1596373200,122
1596374100,149
1596375000,51
1596375900,38
1596376800,34
1596377700,18
1596378600,62
1596379500,99
1596380400,24
1596381300,52
1596382200,69
1596383100,68
1596384000,111
1596384900,71
1596385800,102
1596386700,86
1596387600,126
1596388500,161
1596389400,218
1596390300,229
1596391200,273
1596392100,228
1596393000,247
1596393900,241
1596394800,251
1596395700,195
1596396600,232
1596397500,152
1596398400,154
1596399300,147
1596400200,136
1596401100,159
1596402000,128
1596402900,56
1596403800,49
1596404700,54
1596405600,18
1596406500,59
1596407400,16
1596408300,40
1596409200,40
1596410100,38
1596411000,17
1596411900,59
1596412800,15
1596413700,46
1596414600,32
1596415500,28
1596416400,43
1596417300,30
1596418200,19
1596419100,54
1596420000,34
1596420900,14
1596421800,53
1596422700,16
1596423600,50
1596424500,37
1596425400,40
1596426300,190
1596427200,197
1596428100,61
1596429000,50
1596429900,21
1596430800,41
1596431700,57
1596432600,26
1596433500,37
1596434400,22
1596435300,14
1596436200,43
1596437100,18
1596438000,34
1596438900,118
1596439800,196
1596440700,454
1596441600,322
1596442500,160
1596443400,148
1596444300,130
1596445200,116
1596446100,176
1596447000,271
1596447900,450
1596448800,287
1596449700,152
1596450600,154
1596451500,186
1596452400,162
1596453300,289
1596454200,445
1596455100,77
1596456000,94
1596456900,91
1596457800,86
1596458700,119
1596459600,499
1596460500,75
1596461400,203
1596462300,774
1596463200,69
1596464100,66
1596465000,57
1596465900,24
1596466800,47
1596467700,37
1596468600,18
1596469500,101
1596470400,76
1596471300,79
1596472200,103
1596473100,61
1596474000,107
1596474900,192
1596475800,185
1596476700,203
1596477600,164
1596478500,121
1596479400,112
1596480300,212
1596481200,202
1596482100,202
1596483000,194
1596483900,212
1596484800,198
1596485700,472
1596486600,315
1596487500,272
1596488400,326
1596489300,267
1596490200,291
1596491100,288
1596492000,236
1596492900,183
1596493800,169
1596494700,179
1596495600,167
1596496500,177
1596497400,146
1596498300,205
1596499200,161
1596500100,162
1596501000,180
1596501900,165
1596502800,181
1596503700,172
1596504600,171
1596505500,163
1596506400,188
1596507300,62
1596508200,39
1596509100,30
1596510000,23
1596510900,79
1596511800,38
1596512700,252
1596513600,91
1596514500,67
1596515400,15
1596516300,57
1596517200,26
1596518100,17
1596519000,70
1596519900,16
1596520800,50
1596521700,127
1596522600,42
1596523500,33
1596524400,359
1596525300,40
1596526200,64
1596527100,99
1596528000,12
1596528900,36
1596529800,31
1596530700,44
1596531600,26
1596532500,43
1596533400,11
1596534300,48
1596535200,59
1596536100,15
1596537000,30
1596537900,27
1596538800,14
1596539700,31
1596540600,27
1596541500,14
1596542400,31
1596543300,37
1596544200,47
1596545100,57
1596546000,31
1596546900,81
1596547800,92
1596548700,85
1596549600,75
1596550500,99
1596551400,97
1596552300,91
1596553200,271
1596554100,243
1596555000,275
1596555900,270
1596556800,190
1596557700,51
1596558600,262
1596559500,102
1596560400,92
1596561300,171
1596562200,71
1596563100,182
1596564000,256
1596564900,255
1596565800,299
1596566700,269
1596567600,257
1596568500,252
1596569400,289
1596570300,332
1596571200,254
1596572100,282
1596573000,220
1596573900,240
1596574800,169
1596575700,96
1596576600,86
1596577500,76
1596578400,63
1596579300,27
1596580200,65
1596581100,13
1596582000,42
1596582900,33
1596583800,33
1596584700,25
1596585600,47
1596586500,20
1596587400,37
1596588300,41
1596589200,17
1596590100,43
1596591000,27
1596591900,36
1596592800,22
1596593700,53
1596594600,11
1596595500,46
1596596400,29
1596597300,26
1596598200,55
1596599100,258
1596600000,148
1596600900,44
1596601800,25
1596602700,8
1596603600,52
1596604500,8
1596605400,40
1596606300,49
1596607200,14
1596608100,33
1596609000,51
1596609900,77
1596610800,99
1596611700,45
1596612600,15
1596613500,21
1596614400,59
1596615300,9
1596616200,16
1596617100,34
1596618000,30
1596618900,36
1596619800,49
1596620700,344
1596621600,274
1596622500,182
1596623400,629
1596624300,410
1596625200,391
1596626100,642
1596627000,700
1596627900,316
1596628800,59
1596629700,545
1596630600,66
1596631500,22
1596632400,53
1596633300,47
1596634200,21
1596635100,45
1596636000,57
1596636900,123
1596637800,140
1596638700,134
1596639600,31
1596640500,68
1596641400,47
1596642300,78
1596643200,90
1596644100,61
1596645000,67
1596645900,99
1596646800,48
1596647700,37
1596648600,84
1596649500,27
1596650400,68
1596651300,86
1596652200,57
1596653100,225
1596654000,316
1596654900,206
1596655800,183
1596656700,224
1596657600,197
1596658500,236
1596659400,190
1596660300,183
1596661200,158
1596662100,186
1596663000,154
1596663900,184
1596664800,170
1596665700,178
1596666600,160
1596667500,193
1596668400,156
1596669300,172
1596670200,187
1596671100,153
1596672000,239
1596672900,182
1596673800,174
1596674700,157
1596675600,187
1596676500,152
1596677400,172
1596678300,126
1596679200,10
1596680100,30
1596681000,34
1596681900,29
1596682800,16
1596683700,59
1596684600,20
1596685500,178
1596686400,244
1596687300,47
1596688200,20
1596689100,44
1596690000,30
1596690900,13
1596691800,61
1596692700,9
1596693600,37
1596694500,36
1596695400,23
1596696300,29
1596697200,36
1596698100,41
1596699000,14
1596699900,47
1596700800,9
1596701700,32
1596702600,39
1596703500,20
1596704400,38
1596705300,33
1596706200,37
1596707100,17
1596708000,52
1596708900,17
1596709800,26
1596710700,52
1596711600,8
1596712500,51
1596713400,40
1596714300,21
1596715200,21
1596716100,48
1596717000,31
1596717900,22
1596718800,41
1596719700,11
1596720600,34
1596721500,28
1596722400,10
1596723300,27
1596724200,25
1596725100,11
1596726000,28
1596726900,24
1596727800,10
1596728700,61
1596729600,52
1596730500,40
1596731400,59
1596732300,28
1596733200,11
1596734100,111
1596735000,49
1596735900,20
1596736800,63
1596737700,56
1596738600,102
1596739500,62
1596740400,132
1596741300,139
1596742200,179
1596743100,108
1596744000,58
1596744900,44
1596745800,39
1596746700,26
1596747600,63
1596748500,19
1596749400,37
1596750300,28
1596751200,35
1596752100,25
1596753000,44
1596753900,17
1596754800,38
1596755700,34
1596756600,18
1596757500,40
1596758400,29
1596759300,27
1596760200,29
1596761100,42
1596762000,7
1596762900,57
1596763800,15
1596764700,34
1596765600,29
1596766500,40
1596767400,10
1596768300,52
1596769200,20
1596770100,21
1596771000,58
1596771900,223
1596772800,181
1596773700,51
1596774600,13
1596775500,20
1596776400,33
1596777300,45
1596778200,28
1596779100,45
1596780000,13
1596780900,32
1596781800,38
1596782700,28
1596783600,18
1596784500,45
1596785400,28
1596786300,7
1596787200,63
1596788100,11
1596789000,33
1596789900,40
1596790800,27
1596791700,19
1596792600,45
1596793500,28
1596794400,9
1596795300,67
1596796200,7
1596797100,36
1596798000,147
1596798900,31
1596799800,22
1596800700,71
1596801600,456
1596802500,102
1596803400,98
1596804300,531
1596805200,63
1596806100,33
1596807000,40
1596807900,42
1596808800,43
1596809700,11
1596810600,36
1596811500,43
1596812400,12
1596813300,55
1596814200,30
1596815100,23
1596816000,24
1596816900,46
1596817800,11
1596818700,43
1596819600,34
1596820500,13
1596821400,51
1596822300,16
1596823200,41
1596824100,41
1596825000,30
1596825900,7
1596826800,54
1596827700,23
1596828600,17
1596829500,66
1596830400,16
1596831300,9
1596832200,39
1596833100,10
1596834000,11
1596834900,39
1596835800,10
1596836700,14
1596837600,68
1596838500,30
1596839400,23
1596840300,67
1596841200,24
1596842100,39
1596843000,42
1596843900,33
1596844800,23
1596845700,56
1596846600,15
1596847500,32
1596848400,34
1596849300,26
1596850200,26
1596851100,49
1596852000,9
1596852900,47
1596853800,26
1596854700,33
1596855600,22
1596856500,48
1596857400,10
1596858300,43
1596859200,28
1596860100,24
1596861000,35
1596861900,32
1596862800,21
1596863700,34
1596864600,38
1596865500,8
1596866400,54
1596867300,16
1596868200,35
1596869100,28
1596870000,41
1596870900,10
1596871800,50
1596872700,23
1596873600,18
1596874500,48
1596875400,19
1596876300,28
1596877200,36
1596878100,35
1596879000,7
1596879900,65
1596880800,7
1596881700,35
1596882600,37
1596883500,28
1596884400,21
1596885300,47
1596886200,18
1596887100,26
1596888000,47
1596888900,13
1596889800,39
1596890700,29
1596891600,34
1596892500,20
1596893400,52
1596894300,8
1596895200,48
1596896100,38
1596897000,19
1596897900,24
1596898800,47
1596899700,13
1596900600,41
1596901500,43
1596902400,10
1596903300,37
1596904200,31
1596905100,27
1596906000,31
1596906900,42
1596907800,6
1596908700,61
1596909600,15
1596910500,30
1596911400,50
1596912300,18
1596913200,15
1596914100,48
1596915000,28
1596915900,12
1596916800,60
1596917700,8
1596918600,39
1596919500,36
1596920400,29
1596921300,18
1596922200,48
1596923100,23
1596924000,17
1596924900,67
1596925800,10
1596926700,27
1596927600,30
1596928500,39
1596929400,16
1596930300,54
1596931200,11
1596932100,37
1596933000,37
1596933900,17
1596934800,40
1596935700,25
1596936600,22
1596937500,26
1596938400,36
1596939300,14
1596940200,58
1596941100,20
1596942000,32
1596942900,32
1596943800,35
1596944700,36
1596945600,31
1596946500,19
1596947400,8
1596948300,36
1596949200,15
1596950100,11
1596951000,36
1596951900,33
1596952800,37
1596953700,43
1596954600,41
1596955500,38
1596956400,50
1596957300,36
1596958200,14
1596959100,45
1596960000,27
1596960900,39
1596961800,39
1596962700,16
1596963600,30
1596964500,58
1596965400,7
1596966300,29
1596967200,41
1596968100,27
1596969000,22
1596969900,51
1596970800,9
1596971700,48
1596972600,26
1596973500,36
1596974400,34
1596975300,36
1596976200,9
1596977100,49
1596978000,27
1596978900,25
1596979800,38
1596980700,33
1596981600,22
1596982500,36
1596983400,37
1596984300,8
1596985200,59
1596986100,13
1596987000,35
1596987900,33
1596988800,40
1596989700,21
1596990600,49
1596991500,9
1596992400,34
1596993300,41
1596994200,28
1596995100,20
1596996000,49
1596996900,21
1596997800,18
1596998700,55
1596999600,7
1597000500,49
1597001400,136
1597002300,175
1597003200,141
1597004100,156
1597005000,121
1597005900,157
1597006800,134
1597007700,93
1597008600,63
1597009500,26
1597010400,50
1597011300,39
1597012200,30
1597013100,8
1597014000,52
1597014900,12
1597015800,39
1597016700,46
1597017600,26
1597018500,38
1597019400,45
1597020300,51
1597021200,23
1597022100,58
1597023000,17
1597023900,36
1597024800,42
1597025700,42
1597026600,25
1597027500,48
1597028400,34
1597029300,17
1597030200,70
1597031100,112
1597032000,218
1597032900,92
1597033800,31
1597034700,44
1597035600,29
1597036500,23
1597037400,26
1597038300,53
1597039200,46
1597040100,55
1597041000,21
1597041900,34
1597042800,48
1597043700,21
1597044600,25
1597045500,35
1597046400,93
1597047300,14
1597048200,414
1597049100,95
1597050000,32
1597050900,70
1597051800,48
1597052700,56
1597053600,34
1597054500,18
1597055400,10
1597056300,37
1597057200,16
1597058100,11
1597059000,37
1597059900,15
1597060800,40
1597061700,72
1597062600,41
1597063500,70
1597064400,320
1597065300,247
1597066200,42
1597067100,91
1597068000,39
1597068900,62
1597069800,36
1597070700,36
1597071600,46
1597072500,354
1597073400,79
1597074300,46
1597075200,70
1597076100,114
1597077000,110
1597077900,48
1597078800,155
1597079700,141
1597080600,152
1597081500,322
1597082400,327
1597083300,140
1597084200,172
1597085100,154
1597086000,131
1597086900,133
1597087800,157
1597088700,122
1597089600,300
1597090500,238
1597091400,221
1597092300,247
1597093200,223
1597094100,243
1597095000,235
1597095900,188
1597096800,147
1597097700,188
1597098600,152
1597099500,175
1597100400,181
1597101300,164
1597102200,142
1597103100,195
1597104000,153
1597104900,162
1597105800,183
1597106700,155
1597107600,178
1597108500,172
1597109400,156
1597110300,44
1597111200,51
1597112100,11
1597113000,43
1597113900,28
1597114800,37
1597115700,20
1597116600,59
1597117500,150
1597118400,194
1597119300,48
1597120200,32
1597121100,34
1597122000,35
1597122900,20
1597123800,39
1597124700,46
1597125600,10
1597126500,47
1597127400,20
1597128300,108
1597129200,157
1597130100,50
1597131000,14
1597131900,54
1597132800,20
1597133700,28
1597134600,46
1597135500,213
1597136400,589
1597137300,316
1597138200,80
1597139100,73
1597140000,86
1597140900,61
1597141800,338
1597142700,136
1597143600,184
1597144500,90
1597145400,71
1597146300,49
1597147200,85
1597148100,55
1597149000,17
1597149900,51
1597150800,20
1597151700,47
1597152600,36
1597153500,28
1597154400,17
1597155300,58
1597156200,15
1597157100,37
1597158000,58
1597158900,11
1597159800,27
1597160700,27
1597161600,22
1597162500,159
1597163400,218
1597164300,278
1597165200,256
1597166100,266
1597167000,159
1597167900,322
1597168800,296
1597169700,153
1597170600,147
1597171500,135
1597172400,208
1597173300,249
1597174200,235
1597175100,260
1597176000,336
1597176900,318
1597177800,306
1597178700,315
1597179600,165
1597180500,184
1597181400,177
1597182300,160
1597183200,193
1597184100,159
1597185000,178
1597185900,173
1597186800,182
1597187700,153
1597188600,199
1597189500,160
1597190400,167
1597191300,191
1597192200,163
1597193100,156
1597194000,197
1597194900,106
1597195800,31
1597196700,46
1597197600,26
1597198500,24
1597199400,50
1597200300,23
1597201200,26
1597202100,45
1597203000,32
1597203900,229
1597204800,205
1597205700,43
1597206600,17
1597207500,58
1597208400,8
1597209300,42
1597210200,32
1597211100,36
1597212000,31
1597212900,42
1597213800,9
1597214700,40
1597215600,37
1597216500,23
1597217400,31
1597218300,36
1597219200,41
1597220100,22
1597221000,41
1597221900,8
1597222800,50
1597223700,24
1597224600,34
1597225500,41
1597226400,33
1597227300,11
1597228200,46
1597229100,30
1597230000,19
1597230900,44
1597231800,22
1597232700,33
1597233600,31
1597234500,42
1597235400,8
1597236300,54
1597237200,34
1597238100,183
1597239000,74
1597239900,27
1597240800,53
1597241700,26
1597242600,43
1597243500,29
1597244400,37
1597245300,37
1597246200,272
1597247100,246
1597248000,187
1597248900,271
1597249800,445
1597250700,339
1597251600,199
1597252500,140
1597253400,111
1597254300,137
1597255200,384
1597256100,532
1597257000,382
1597257900,141
1597258800,169
1597259700,182
1597260600,189
1597261500,202
1597262400,237
1597263300,171
1597264200,89
1597265100,104
1597266000,39
1597266900,74
1597267800,26
1597268700,47
1597269600,64
1597270500,33
1597271400,18
1597272300,64
1597273200,44
1597274100,27
1597275000,45
1597275900,38
1597276800,40
1597277700,55
1597278600,18
1597279500,34
1597280400,70
1597281300,29
1597282200,28
1597283100,69
1597284000,40
1597284900,26
1597285800,46
1597286700,28
1597287600,50
1597288500,35
1597289400,52
1597290300,213
1597291200,210
1597292100,25
1597293000,47
1597293900,16
1597294800,41
1597295700,52
1597296600,25
1597297500,24
1597298400,45
1597299300,14
1597300200,26
1597301100,48
1597302000,18
1597302900,27
1597303800,42
1597304700,29
1597305600,10
1597306500,66
1597307400,16
1597308300,25
1597309200,34
1597310100,34
1597311000,14
1597311900,54
1597312800,13
1597313700,31
1597314600,44
1597315500,14
1597316400,37
1597317300,27
1597318200,36
1597319100,17
1597320000,51
1597320900,14
1597321800,33
1597322700,39
1597323600,11
1597324500,48
1597325400,21
1597326300,37
1597327200,24
1597328100,43
1597329000,13
1597329900,41
1597330800,33
1597331700,12
1597332600,51
1597333500,15
1597334400,35
1597335300,54
1597336200,152
1597337100,92
1597338000,80
1597338900,90
1597339800,123
1597340700,173
1597341600,118
1597342500,146
1597343400,147
1597344300,133
1597345200,152
1597346100,186
1597347000,166
1597347900,154
1597348800,195
1597349700,158
1597350600,169
1597351500,163
1597352400,170
1597353300,165
1597354200,177
1597355100,163
1597356000,157
1597356900,190
1597357800,147
1597358700,162
1597359600,161
1597360500,150
1597361400,165
1597362300,159
1597363200,146
1597364100,167
1597365000,187
1597365900,155
1597366800,58
1597367700,38
1597368600,22
1597369500,53
1597370400,27
1597371300,12
1597372200,53
1597373100,34
1597374000,19
1597374900,43
1597375800,104
1597376700,257
1597377600,166
1597378500,234
1597379400,260
1597380300,89
1597381200,257
1597382100,316
1597383000,36
1597383900,38
1597384800,10
1597385700,60
1597386600,10
1597387500,34
1597388400,39
1597389300,20
1597390200,42
1597391100,31
1597392000,20
1597392900,18
1597393800,55
1597394700,7
1597395600,43
1597396500,31
1597397400,27
1597398300,25
1597399200,43
1597400100,22
1597401000,22
1597401900,61
1597402800,8
1597403700,30
1597404600,30
1597405500,38
1597406400,18
1597407300,53
1597408200,12
1597409100,34
1597410000,40
1597410900,16
1597411800,38
1597412700,26
1597413600,36
1597414500,22
1597415400,50
1597416300,10
1597417200,42
1597418100,31
1597419000,71
1597419900,125
1597420800,99
1597421700,67
1597422600,71
1597423500,56
1597424400,40
1597425300,76
1597426200,89
1597427100,23
1597428000,72
1597428900,33
1597429800,47
1597430700,60
1597431600,34
1597432500,29
1597433400,66
1597434300,44
1597435200,28
1597436100,76
1597437000,12
1597437900,48
1597438800,37
1597439700,30
1597440600,36
1597441500,76
1597442400,138
1597443300,187
1597444200,184
1597445100,103
1597446000,67
1597446900,18
1597447800,34
1597448700,36
1597449600,34
1597450500,16
1597451400,50
1597452300,26
1597453200,16
1597454100,54
1597455000,12
1597455900,35
1597456800,37
1597457700,32
1597458600,12
1597459500,35
1597460400,11
1597461300,14
1597462200,35
1597463100,10
1597464000,15
1597464900,32
1597465800,38
1597466700,43
1597467600,32
1597468500,528
1597469400,525
1597470300,282
1597471200,129
1597472100,211
1597473000,207
1597473900,132
1597474800,80
1597475700,103
1597476600,67
1597477500,85
1597478400,83
1597479300,71
1597480200,90
1597481100,134
1597482000,63
1597482900,50
1597483800,51
1597484700,21
1597485600,50
1597486500,17
1597487400,19
1597488300,49
1597489200,478
1597490100,640
1597491000,357
1597491900,306
1597492800,343
1597493700,330
1597494600,99
1597495500,177
1597496400,126
1597497300,15
1597498200,44
1597499100,73
1597500000,86
1597500900,48
1597501800,37
1597502700,96
1597503600,135
1597504500,136
1597505400,118
1597506300,154
1597507200,17
1597508100,48
1597509000,36
1597509900,66
1597510800,66
1597511700,22
1597512600,38
1597513500,30
1597514400,47
1597515300,20
1597516200,75
1597517100,99
1597518000,211
1597518900,707
1597519800,290
1597520700,166
1597521600,166
1597522500,620
1597523400,251
1597524300,269
1597525200,161
1597526100,178
1597527000,188
1597527900,167
1597528800,170
1597529700,176
1597530600,172
1597531500,149
1597532400,202
1597533300,147
1597534200,176
1597535100,178
1597536000,166
1597536900,161
1597537800,183
1597538700,166
1597539600,155
1597540500,198
1597541400,148
1597542300,181
1597543200,173
1597544100,169
1597545000,71
1597545900,53
1597546800,23
1597547700,18
1597548600,62
1597549500,9
1597550400,41
1597551300,39
1597552200,35
1597553100,14
1597554000,68
1597554900,111
1597555800,25
1597556700,157
1597557600,118
1597558500,132
1597559400,138
1597560300,411
1597561200,469
1597562100,370
1597563000,218
1597563900,430
1597564800,180
1597565700,39
1597566600,31
1597567500,58
1597568400,36
1597569300,22
1597570200,66
1597571100,280
1597572000,358
1597572900,362
1597573800,103
1597574700,36
1597575600,48
1597576500,44
1597577400,17
1597578300,73
1597579200,126
1597580100,28
1597581000,62
1597581900,15
1597582800,40
1597583700,42
1597584600,34
1597585500,21
1597586400,132
1597587300,26
1597588200,21
1597589100,55
1597590000,10
1597590900,42
1597591800,34
1597592700,36
1597593600,16
1597594500,64
1597595400,11
1597596300,155
1597597200,179
1597598100,177
1597599000,154
1597599900,144
1597600800,112
1597601700,177
1597602600,159
1597603500,121
1597604400,190
1597605300,217
1597606200,190
1597607100,567
1597608000,366
1597608900,56
1597609800,67
1597610700,273
1597611600,376
1597612500,71
1597613400,95
1597614300,52
1597615200,60
1597616100,29
1597617000,27
1597617900,46
1597618800,29
1597619700,32
1597620600,33
1597621500,50
1597622400,9
1597623300,59
1597624200,22
1597625100,27
1597626000,48
1597626900,24
1597627800,31
1597628700,38
1597629600,24
1597630500,20
1597631400,54
1597632300,24
1597633200,110
1597634100,115
1597635000,210
1597635900,95
1597636800,153
1597637700,12
1597638600,39
1597639500,37
1597640400,34
1597641300,14
1597642200,52
1597643100,29
1597644000,10
1597644900,65
1597645800,11
1597646700,33
1597647600,43
1597648500,22
1597649400,10
1597650300,55
1597651200,25
1597652100,15
1597653000,57
1597653900,10
1597654800,36
1597655700,38
1597656600,34
1597657500,13
1597658400,59
1597659300,19
1597660200,22
1597661100,57
1597662000,8
1597662900,47
1597663800,31
1597664700,31
1597665600,37
1597666500,32
1597667400,10
1597668300,22
1597669200,30
1597670100,10
1597671000,25
1597671900,29
1597672800,41
1597673700,47
1597674600,54
1597675500,45
1597676400,31
1597677300,49
1597678200,8
1597679100,61
1597680000,17
1597680900,45
1597681800,145
1597682700,151
1597683600,116
1597684500,156
1597685400,136
1597686300,118
1597687200,156
1597688100,114
1597689000,319
1597689900,538
1597690800,332
1597691700,143
1597692600,198
1597693500,147
1597694400,169
1597695300,121
1597696200,74
1597697100,75
1597698000,94
1597698900,57
1597699800,30
1597700700,54
1597701600,10
1597702500,47
1597703400,29
1597704300,38
1597705200,21
1597706100,55
1597707000,10
1597707900,45
1597708800,32
1597709700,30
1597710600,34
1597711500,37
1597712400,24
1597713300,33
1597714200,42
1597715100,12
1597716000,58
1597716900,19
1597717800,36
1597718700,43
1597719600,102
1597720500,91
1597721400,228
1597722300,102
1597723200,76
1597724100,49
1597725000,19
1597725900,30
1597726800,48
1597727700,49
1597728600,32
1597729500,97
1597730400,9
1597731300,36
1597732200,36
1597733100,55
1597734000,60
1597734900,44
1597735800,15
1597736700,37
1597737600,46
1597738500,13
1597739400,31
1597740300,38
1597741200,51
1597742100,227
1597743000,559
1597743900,75
1597744800,53
1597745700,70
1597746600,67
1597747500,27
1597748400,61
1597749300,66
1597750200,47
1597751100,96
1597752000,40
1597752900,75
1597753800,68
1597754700,59
1597755600,64
1597756500,70
1597757400,58
1597758300,65
1597759200,79
1597760100,152
1597761000,347
1597761900,66
1597762800,83
1597763700,34
1597764600,64
1597765500,41
1597766400,20
1597767300,74
1597768200,350
1597769100,281
1597770000,239
1597770900,56
1597771800,77
1597772700,33
1597773600,24
1597774500,19
1597775400,138
1597776300,171
1597777200,158
1597778100,166
1597779000,161
1597779900,180
1597780800,311
1597781700,272
1597782600,284
1597783500,291
1597784400,282
1597785300,246
1597786200,176
1597787100,170
1597788000,175
1597788900,175
1597789800,155
1597790700,183
1597791600,147
1597792500,194
1597793400,166
1597794300,168
1597795200,173
1597796100,174
1597797000,151
1597797900,196
1597798800,153
1597799700,173
1597800600,175
1597801500,112
1597802400,28
1597803300,45
1597804200,17
1597805100,52
1597806000,91
1597806900,99
1597807800,231
1597808700,97
1597809600,90
1597810500,45
1597811400,27
1597812300,26
1597813200,55
1597814100,8
1597815000,50
1597815900,20
1597816800,33
1597817700,35
1597818600,35
1597819500,47
1597820400,110
1597821300,56
1597822200,53
1597823100,73
1597824000,268
1597824900,420
1597825800,301
1597826700,322
1597827600,211
1597828500,53
1597829400,34
1597830300,42
1597831200,37
1597832100,43
1597833000,46
1597833900,23
1597834800,95
1597835700,373
1597836600,192
1597837500,275
1597838400,249
1597839300,260
1597840200,156
1597841100,108
1597842000,165
1597842900,115
1597843800,87
1597844700,94
1597845600,607
1597846500,734
1597847400,325
1597848300,234
1597849200,112
1597850100,108
1597851000,85
1597851900,54
1597852800,17
1597853700,57
1597854600,57
1597855500,13
1597856400,125
1597857300,31
1597858200,63
1597859100,109
1597860000,118
1597860900,143
1597861800,163
1597862700,127
1597863600,148
1597864500,135
1597865400,128
1597866300,280
1597867200,261
1597868100,208
1597869000,202
1597869900,178
1597870800,188
1597871700,157
1597872600,179
1597873500,179
1597874400,164
1597875300,151
1597876200,207
1597877100,161
1597878000,172
1597878900,164
1597879800,178
1597880700,175
1597881600,173
1597882500,145
1597883400,200
1597884300,159
1597885200,164
1597886100,187
1597887000,58
1597887900,44
1597888800,27
1597889700,33
1597890600,27
1597891500,49
1597892400,91
1597893300,146
1597894200,193
1597895100,108
1597896000,112
1597896900,42
1597897800,35
1597898700,34
1597899600,11
1597900500,49
1597901400,37
1597902300,9
1597903200,59
1597904100,8
1597905000,48
1597905900,34
1597906800,22
1597907700,23
1597908600,47
1597909500,26
1597910400,36
1597911300,33
1597912200,12
1597913100,67
1597914000,9
1597914900,34
1597915800,29
1597916700,42
1597917600,29
1597918500,32
1597919400,9
1597920300,65
1597921200,23
1597922100,23
1597923000,34
1597923900,29
1597924800,44
1597925700,28
1597926600,24
1597927500,40
1597928400,56
1597929300,38
1597930200,35
1597931100,17
1597932000,52
1597932900,21
1597933800,42
1597934700,15
1597935600,38
1597936500,68
1597937400,31
1597938300,29
1597939200,36
1597940100,39
1597941000,36
1597941900,21
1597942800,297
1597943700,447
1597944600,405
1597945500,45
1597946400,37
1597947300,34
1597948200,41
1597949100,68
1597950000,215
1597950900,209
1597951800,232
1597952700,725
1597953600,377
1597954500,97
1597955400,45
1597956300,405
1597957200,213
1597958100,23
1597959000,63
1597959900,10
1597960800,61
1597961700,24
1597962600,33
1597963500,57
1597964400,12
1597965300,31
1597966200,21
1597967100,14
1597968000,39
1597968900,12
1597969800,43
1597970700,56
1597971600,42
1597972500,45
1597973400,38
1597974300,46
1597975200,35
1597976100,34
1597977000,43
1597977900,48
1597978800,97
1597979700,128
1597980600,178
1597981500,133
1597982400,136
1597983300,35
1597984200,46
1597985100,10
1597986000,68
1597986900,8
1597987800,48
1597988700,31
1597989600,26
1597990500,52
1597991400,18
1597992300,45
1597993200,24
1597994100,42
1597995000,34
1597995900,35
1597996800,30
1597997700,41
1597998600,29
1597999500,35
1598000400,42
1598001300,18
1598002200,54
1598003100,12
1598004000,58
1598004900,21
1598005800,33
1598006700,46
1598007600,13
1598008500,62
1598009400,9
1598010300,47
1598011200,49
1598012100,31
1598013000,39
1598013900,27
1598014800,33
1598015700,32
1598016600,41
1598017500,24
1598018400,45
1598019300,14
1598020200,54
1598021100,26
1598022000,30
1598022900,53
1598023800,11
1598024700,250
1598025600,356
1598026500,45
1598027400,45
1598028300,45
1598029200,36
1598030100,138
1598031000,47
1598031900,24
1598032800,146
1598033700,117
1598034600,153
1598035500,148
1598036400,138
1598037300,146
1598038200,138
1598039100,182
1598040000,274
1598040900,334
1598041800,270
1598042700,286
1598043600,189
1598044500,186
1598045400,184
1598046300,162
1598047200,204
1598048100,161
1598049000,196
1598049900,169
1598050800,160
1598051700,200
1598052600,148
1598053500,197
1598054400,162
1598055300,172
1598056200,197
1598057100,150
1598058000,164
1598058900,164
1598059800,56
1598060700,38
1598061600,15
1598062500,31
1598063400,61
1598064300,22
1598065200,59
1598066100,47
1598067000,14
1598067900,66
1598068800,19
1598069700,62
1598070600,101
1598071500,102
1598072400,125
1598073300,94
1598074200,116
1598075100,100
1598076000,100
1598076900,235
1598077800,205
1598078700,150
1598079600,167
1598080500,120
1598081400,116
1598082300,115
1598083200,894
1598084100,743
1598085000,62
1598085900,408
1598086800,182
1598087700,79
1598088600,85
1598089500,118
1598090400,94
1598091300,75
1598092200,71
1598093100,118
1598094000,108
1598094900,52
1598095800,58
1598096700,481
1598097600,412
1598098500,278
1598099400,208
1598100300,210
1598101200,133
1598102100,132
1598103000,81
1598103900,26
1598104800,36
1598105700,11
1598106600,95
1598107500,128
1598108400,138
1598109300,123
1598110200,140
1598111100,159
1598112000,81
1598112900,70
1598113800,158
1598114700,188
1598115600,326
1598116500,140
1598117400,114
1598118300,150
1598119200,107
1598120100,195
1598121000,129
1598121900,131
1598122800,159
1598123700,116
1598124600,161
1598125500,121
1598126400,141
1598127300,145
1598128200,134
1598129100,144
1598130000,123
1598130900,40
1598131800,37
1598132700,17
1598133600,35
1598134500,42
1598135400,8
1598136300,62
1598137200,8
1598138100,34
1598139000,21
1598139900,39
1598140800,38
1598141700,21
1598142600,18
1598143500,48
1598144400,19
1598145300,43
1598146200,12
1598147100,35
1598148000,44
1598148900,11
1598149800,40
1598150700,22
1598151600,38
1598152500,28
1598153400,21
1598154300,32
1598155200,154
1598156100,527
1598157000,558
1598157900,117
1598158800,127
1598159700,95
1598160600,93
1598161500,106
1598162400,104
1598163300,110
1598164200,257
1598165100,73
1598166000,183
1598166900,431
1598167800,96
1598168700,225
1598169600,438
1598170500,59
1598171400,57
1598172300,76
1598173200,99
1598174100,58
1598175000,69
1598175900,71
1598176800,60
1598177700,86
1598178600,51
1598179500,57
1598180400,80
1598181300,70
1598182200,60
1598183100,66
1598184000,58
1598184900,110
1598185800,51
1598186700,75
1598187600,65
1598188500,83
1598189400,83
1598190300,64
1598191200,58
1598192100,93
1598193000,55
1598193900,61
1598194800,32
1598195700,41
1598196600,156
1598197500,110
1598198400,158
1598199300,112
1598200200,130
1598201100,541
1598202000,122
1598202900,124
1598203800,137
1598204700,115
1598205600,192
1598206500,134
1598207400,126
1598208300,143
1598209200,129
1598210100,114
1598211000,35
1598211900,21
1598212800,48
1598213700,89
1598214600,86
1598215500,61
1598216400,70
1598217300,42
1598218200,32
1598219100,23
1598220000,34
1598220900,45
1598221800,31
1598222700,25
1598223600,20
1598224500,54
1598225400,15
1598226300,47
1598227200,9
1598228100,48
1598229000,33
1598229900,25
1598230800,31
1598231700,32
1598232600,47
1598233500,18
1598234400,27
1598235300,39
1598236200,28
1598237100,48
1598238000,92
1598238900,109
1598239800,228
1598240700,71
1598241600,119
1598242500,43
1598243400,42
1598244300,16
1598245200,22
1598246100,41
1598247000,36
1598247900,23
1598248800,29
1598249700,53
1598250600,136
1598251500,13
1598252400,34
1598253300,21
1598254200,37
1598255100,43
1598256000,23
1598256900,19
1598257800,44
1598258700,21
1598259600,41
1598260500,25
1598261400,34
1598262300,36
1598263200,12
1598264100,46
1598265000,14
1598265900,54
1598266800,23
1598267700,21
1598268600,33
1598269500,39
1598270400,22
1598271300,44
1598272200,58
1598273100,54
1598274000,25
1598274900,23
1598275800,31
1598276700,26
1598277600,46
1598278500,13
1598279400,27
1598280300,37
1598281200,38
1598282100,29
1598283000,17
1598283900,11
1598284800,435
1598285700,341
1598286600,41
1598287500,18
1598288400,47
1598289300,54
1598290200,81
1598291100,72
1598292000,117
1598292900,203
1598293800,156
1598294700,153
1598295600,144
1598296500,130
1598297400,186
1598298300,362
1598299200,257
1598300100,158
1598301000,186
1598301900,169
1598302800,163
1598303700,185
1598304600,156
1598305500,161
1598306400,184
1598307300,162
1598308200,163
1598309100,184
1598310000,144
1598310900,199
1598311800,149
1598312700,176
1598313600,171
1598314500,167
1598315400,177
1598316300,165
1598317200,169
1598318100,171
1598319000,156
1598319900,31
1598320800,42
1598321700,16
1598322600,51
1598323500,16
1598324400,113
1598325300,92
1598326200,227
1598327100,121
1598328000,131
1598328900,33
1598329800,31
1598330700,40
1598331600,39
1598332500,32
1598333400,29
1598334300,37
1598335200,35
1598336100,26
1598337000,46
1598337900,14
1598338800,51
1598339700,27
1598340600,22
1598341500,54
1598342400,8
1598343300,57
1598344200,17
1598345100,32
1598346000,43
1598346900,13
1598347800,55
1598348700,15
1598349600,34
1598350500,43
1598351400,21
1598352300,39
1598353200,28
1598354100,33
1598355000,31
1598355900,41
1598356800,15
1598357700,48
1598358600,22
1598359500,31
1598360400,40
1598361300,63
1598362200,70
1598363100,41
1598364000,93
1598364900,39
1598365800,76
1598366700,60
1598367600,37
1598368500,69
1598369400,24
1598370300,125
1598371200,30
1598372100,22
1598373000,34
1598373900,81
1598374800,17
1598375700,66
1598376600,12
1598377500,32
1598378400,30
1598379300,38
1598380200,49
1598381100,28
1598382000,30
1598382900,39
1598383800,41
1598384700,25
1598385600,34
1598386500,42
1598387400,146
1598388300,164
1598389200,172
1598390100,171
1598391000,17
1598391900,35
1598392800,32
1598393700,50
1598394600,43
1598395500,23
1598396400,50
1598397300,127
1598398200,57
1598399100,82
1598400000,23
1598400900,22
1598401800,47
1598402700,14
1598403600,47
1598404500,10
1598405400,40
1598406300,41
1598407200,13
1598408100,41
1598409000,31
1598409900,33
1598410800,105
1598411700,92
1598412600,226
1598413500,100
1598414400,128
1598415300,95
1598416200,39
1598417100,68
1598418000,69
1598418900,53
1598419800,69
1598420700,58
1598421600,61
1598422500,66
1598423400,53
1598424300,67
1598425200,63
1598426100,46
1598427000,84
1598427900,40
1598428800,84
1598429700,46
1598430600,64
1598431500,66
1598432400,58
1598433300,62
1598434200,66
1598435100,49
1598436000,78
1598436900,52
1598437800,58
1598438700,71
1598439600,43
1598440500,87
1598441400,39
1598442300,75
1598443200,57
1598444100,65
1598445000,61
1598445900,70
1598446800,13
1598447700,53
1598448600,11
1598449500,57
1598450400,24
1598451300,29
1598452200,89
1598453100,40
1598454000,31
1598454900,35
1598455800,22
1598456700,189
1598457600,437
1598458500,68
1598459400,99
1598460300,132
1598461200,108
1598462100,24
1598463000,55
1598463900,70
1598464800,157
1598465700,186
1598466600,141
1598467500,143
1598468400,244
1598469300,362
1598470200,699
1598471100,329
1598472000,320
1598472900,877
1598473800,177
1598474700,176
1598475600,176
1598476500,151
1598477400,198
1598478300,148
1598479200,190
1598480100,159
1598481000,176
1598481900,176
1598482800,169
1598483700,165
1598484600,180
1598485500,159
1598486400,186
1598487300,165
1598488200,164
1598489100,108
1598490000,14
1598490900,55
1598491800,16
1598492700,39
1598493600,34
1598494500,35
1598495400,31
1598496300,50
1598497200,88
1598498100,127
1598499000,207
1598499900,100
1598500800,151
1598501700,17
1598502600,36
1598503500,10
1598504400,21
1598505300,29
1598506200,42
1598507100,63
1598508000,22
1598508900,36
1598509800,45
1598510700,81
1598511600,161
1598512500,65
1598513400,45
1598514300,61
1598515200,45
1598516100,84
1598517000,64
1598517900,58
1598518800,63
1598519700,104
1598520600,463
1598521500,156
1598522400,564
1598523300,566
1598524200,148
1598525100,139
1598526000,94
1598526900,47
1598527800,50
1598528700,32
1598529600,57
1598530500,36
1598531400,32
1598532300,64
1598533200,47
1598534100,93
1598535000,59
1598535900,74
1598536800,75
1598537700,90
1598538600,33
1598539500,61
1598540400,27
1598541300,120
1598542200,154
1598543100,117
1598544000,159
1598544900,114
1598545800,126
1598546700,31
1598547600,31
1598548500,55
1598549400,26
1598550300,61
1598551200,49
1598552100,41
1598553000,41
1598553900,36
1598554800,37
1598555700,47
1598556600,123
1598557500,404
1598558400,759
1598559300,424
1598560200,240
1598561100,152
1598562000,131
1598562900,129
1598563800,122
1598564700,122
1598565600,99
1598566500,109
1598567400,120
1598568300,97
1598569200,55
1598570100,81
1598571000,45
1598571900,83
1598572800,56
1598573700,59
1598574600,79
1598575500,47
1598576400,83
1598577300,49
1598578200,69
1598579100,70
1598580000,68
1598580900,87
1598581800,170
1598582700,466
1598583600,205
1598584500,116
1598585400,225
1598586300,118
1598587200,110
1598588100,87
1598589000,39
1598589900,21
1598590800,119
1598591700,163
1598592600,102
1598593500,166
1598594400,170
1598595300,189
1598596200,132
1598597100,177
1598598000,231
1598598900,112
1598599800,149
1598600700,107
1598601600,142
1598602500,252
1598603400,192
1598604300,112
1598605200,111
1598606100,103
1598607000,120
1598607900,131
1598608800,124
1598609700,106
1598610600,124
1598611500,101
1598612400,177
1598613300,286
1598614200,150
1598615100,142
1598616000,172
1598616900,156
1598617800,150
1598618700,136
1598619600,140
1598620500,121
1598621400,454
1598622300,443
1598623200,450
1598624100,376
1598625000,329
1598625900,320
1598626800,352
1598627700,282
1598628600,299
1598629500,359
1598630400,554
1598631300,857
1598632200,853
1598633100,611
1598634000,524
1598634900,483
1598635800,325
1598636700,255
1598637600,241
1598638500,701
1598639400,479
1598640300,348
1598641200,608
1598642100,619
1598643000,261
1598643900,195
1598644800,211
1598645700,266
1598646600,300
1598647500,177
1598648400,207
1598649300,153
1598650200,176
1598651100,189
1598652000,160
1598652900,174
1598653800,177
1598654700,170
1598655600,156
1598656500,202
1598657400,159
1598658300,196
1598659200,186
1598660100,191
1598661000,153
1598661900,190
1598662800,176
1598663700,169
1598664600,171
1598665500,191
1598666400,29
1598667300,29
1598668200,495
1598669100,547
1598670000,237
1598670900,123
1598671800,99
1598672700,91
1598673600,135
1598674500,94
1598675400,96
1598676300,101
1598677200,141
1598678100,137
1598679000,241
1598679900,110
1598680800,91
1598681700,149
1598682600,194
1598683500,123
1598684400,138
1598685300,114
1598686200,62
1598687100,76
1598688000,84
1598688900,63
1598689800,71
1598690700,122
1598691600,91
1598692500,71
1598693400,114
1598694300,78
1598695200,83
1598696100,92
1598697000,246
1598697900,704
1598698800,400
1598699700,190
1598700600,113
1598701500,48
1598702400,199
1598703300,332
1598704200,364
1598705100,642
1598706000,170
1598706900,244
1598707800,149
1598708700,226
1598709600,178
1598710500,35
1598711400,50
1598712300,69
1598713200,46
1598714100,40
1598715000,72
1598715900,184
1598716800,156
1598717700,141
1598718600,98
1598719500,35
1598720400,82
1598721300,94
1598722200,36
1598723100,70
1598724000,74
1598724900,78
1598725800,98
1598726700,83
1598727600,191
1598728500,315
1598729400,298
1598730300,402
1598731200,76
1598732100,76
1598733000,208
1598733900,220
1598734800,223
1598735700,261
1598736600,514
1598737500,224
1598738400,214
1598739300,397
1598740200,40
1598741100,42
1598742000,27
1598742900,61
1598743800,15
1598744700,45
1598745600,43
1598746500,41
1598747400,32
1598748300,40
1598749200,15
1598750100,10
1598751000,39
1598751900,18
1598752800,13
1598753700,47
1598754600,52
1598755500,37
1598756400,35
1598757300,54
1598758200,13
1598759100,50
1598760000,32
1598760900,36
1598761800,21
1598762700,43
1598763600,24
1598764500,45
1598765400,110
1598766300,154
1598767200,499
1598768100,158
1598769000,98
1598769900,512
1598770800,120
1598771700,202
1598772600,73
1598773500,84
1598774400,42
1598775300,179
1598776200,192
1598777100,193
1598778000,148
1598778900,101
1598779800,107
1598780700,64
1598781600,29
1598782500,38
1598783400,24
1598784300,44
1598785200,33
1598786100,21
1598787000,31
1598787900,58
1598788800,21
1598789700,70
1598790600,132
1598791500,76
1598792400,63
1598793300,86
1598794200,38
1598795100,55
1598796000,45
1598796900,31
1598797800,37
1598798700,55
1598799600,50
1598800500,59
1598801400,90
1598802300,237
1598803200,199
1598804100,334
1598805000,361
1598805900,467
1598806800,268
1598807700,129
1598808600,100
1598809500,378
1598810400,669
1598811300,389
1598812200,283
1598813100,226
1598814000,231
1598814900,269
1598815800,231
